# Dawnlight detailed glider; original geometry, new material UVs.
mtllib DawnlightGlider.mtl
v -94.000000 34.000000 -4.000000
v -83.125000 40.218750 -3.450017
v -82.250000 38.218750 -6.780646
v -94.000000 34.000000 -4.000000
v -95.000000 36.000000 -2.500000
v -83.125000 40.218750 -3.450017
v -95.000000 36.000000 -2.500000
v -84.000000 41.682852 -0.119389
v -83.125000 40.218750 -3.450017
v -95.000000 36.000000 -2.500000
v -96.000000 37.464102 -1.000000
v -84.000000 41.682852 -0.119389
v -96.000000 37.464102 -1.000000
v -84.875000 42.218750 3.211240
v -84.000000 41.682852 -0.119389
v -96.000000 37.464102 -1.000000
v -97.000000 38.000000 0.500000
v -84.875000 42.218750 3.211240
v -97.000000 38.000000 0.500000
v -85.750000 41.682852 6.541868
v -84.875000 42.218750 3.211240
v -97.000000 38.000000 0.500000
v -98.000000 37.464102 2.000000
v -85.750000 41.682852 6.541868
v -98.000000 37.464102 2.000000
v -86.625000 40.218750 9.872497
v -85.750000 41.682852 6.541868
v -98.000000 37.464102 2.000000
v -99.000000 36.000000 3.500000
v -86.625000 40.218750 9.872497
v -99.000000 36.000000 3.500000
v -87.500000 38.218750 13.203125
v -86.625000 40.218750 9.872497
v -99.000000 36.000000 3.500000
v -100.000000 34.000000 5.000000
v -87.500000 38.218750 13.203125
v -82.250000 38.218750 -6.780646
v -71.250000 43.875000 -6.406250
v -70.500000 41.875000 -11.750000
v -82.250000 38.218750 -6.780646
v -83.125000 40.218750 -3.450017
v -71.250000 43.875000 -6.406250
v -83.125000 40.218750 -3.450017
v -72.000000 45.339102 -1.062500
v -71.250000 43.875000 -6.406250
v -83.125000 40.218750 -3.450017
v -84.000000 41.682852 -0.119389
v -72.000000 45.339102 -1.062500
v -84.000000 41.682852 -0.119389
v -72.750000 45.875000 4.281250
v -72.000000 45.339102 -1.062500
v -84.000000 41.682852 -0.119389
v -84.875000 42.218750 3.211240
v -72.750000 45.875000 4.281250
v -84.875000 42.218750 3.211240
v -73.500000 45.339102 9.625000
v -72.750000 45.875000 4.281250
v -84.875000 42.218750 3.211240
v -85.750000 41.682852 6.541868
v -73.500000 45.339102 9.625000
v -85.750000 41.682852 6.541868
v -74.250000 43.875000 14.968750
v -73.500000 45.339102 9.625000
v -85.750000 41.682852 6.541868
v -86.625000 40.218750 9.872497
v -74.250000 43.875000 14.968750
v -86.625000 40.218750 9.872497
v -75.000000 41.875000 20.312500
v -74.250000 43.875000 14.968750
v -86.625000 40.218750 9.872497
v -87.500000 38.218750 13.203125
v -75.000000 41.875000 20.312500
v -70.500000 41.875000 -11.750000
v -59.375000 46.968750 -12.512517
v -58.750000 44.968750 -20.280646
v -70.500000 41.875000 -11.750000
v -71.250000 43.875000 -6.406250
v -59.375000 46.968750 -12.512517
v -71.250000 43.875000 -6.406250
v -60.000000 48.432852 -4.744389
v -59.375000 46.968750 -12.512517
v -71.250000 43.875000 -6.406250
v -72.000000 45.339102 -1.062500
v -60.000000 48.432852 -4.744389
v -72.000000 45.339102 -1.062500
v -60.625000 48.968750 3.023740
v -60.000000 48.432852 -4.744389
v -72.000000 45.339102 -1.062500
v -72.750000 45.875000 4.281250
v -60.625000 48.968750 3.023740
v -72.750000 45.875000 4.281250
v -61.250000 48.432852 10.791868
v -60.625000 48.968750 3.023740
v -72.750000 45.875000 4.281250
v -73.500000 45.339102 9.625000
v -61.250000 48.432852 10.791868
v -73.500000 45.339102 9.625000
v -61.875000 46.968750 18.559997
v -61.250000 48.432852 10.791868
v -73.500000 45.339102 9.625000
v -74.250000 43.875000 14.968750
v -61.875000 46.968750 18.559997
v -74.250000 43.875000 14.968750
v -62.500000 44.968750 26.328125
v -61.875000 46.968750 18.559997
v -74.250000 43.875000 14.968750
v -75.000000 41.875000 20.312500
v -62.500000 44.968750 26.328125
v -58.750000 44.968750 -20.280646
v -47.500000 49.500000 -20.625000
v -47.000000 47.500000 -31.000000
v -58.750000 44.968750 -20.280646
v -59.375000 46.968750 -12.512517
v -47.500000 49.500000 -20.625000
v -59.375000 46.968750 -12.512517
v -48.000000 50.964102 -10.250000
v -47.500000 49.500000 -20.625000
v -59.375000 46.968750 -12.512517
v -60.000000 48.432852 -4.744389
v -48.000000 50.964102 -10.250000
v -60.000000 48.432852 -4.744389
v -48.500000 51.500000 0.125000
v -48.000000 50.964102 -10.250000
v -60.000000 48.432852 -4.744389
v -60.625000 48.968750 3.023740
v -48.500000 51.500000 0.125000
v -60.625000 48.968750 3.023740
v -49.000000 50.964102 10.500000
v -48.500000 51.500000 0.125000
v -60.625000 48.968750 3.023740
v -61.250000 48.432852 10.791868
v -49.000000 50.964102 10.500000
v -61.250000 48.432852 10.791868
v -49.500000 49.500000 20.875000
v -49.000000 50.964102 10.500000
v -61.250000 48.432852 10.791868
v -61.875000 46.968750 18.559997
v -49.500000 49.500000 20.875000
v -61.875000 46.968750 18.559997
v -50.000000 47.500000 31.250000
v -49.500000 49.500000 20.875000
v -61.875000 46.968750 18.559997
v -62.500000 44.968750 26.328125
v -50.000000 47.500000 31.250000
v -47.000000 47.500000 -31.000000
v -35.625000 51.468750 -18.554184
v -35.250000 49.468750 -29.280646
v -47.000000 47.500000 -31.000000
v -47.500000 49.500000 -20.625000
v -35.625000 51.468750 -18.554184
v -47.500000 49.500000 -20.625000
v -36.000000 52.932852 -7.827722
v -35.625000 51.468750 -18.554184
v -47.500000 49.500000 -20.625000
v -48.000000 50.964102 -10.250000
v -36.000000 52.932852 -7.827722
v -48.000000 50.964102 -10.250000
v -36.375000 53.468750 2.898740
v -36.000000 52.932852 -7.827722
v -48.000000 50.964102 -10.250000
v -48.500000 51.500000 0.125000
v -36.375000 53.468750 2.898740
v -48.500000 51.500000 0.125000
v -36.750000 52.932852 13.625201
v -36.375000 53.468750 2.898740
v -48.500000 51.500000 0.125000
v -49.000000 50.964102 10.500000
v -36.750000 52.932852 13.625201
v -49.000000 50.964102 10.500000
v -37.125000 51.468750 24.351663
v -36.750000 52.932852 13.625201
v -49.000000 50.964102 10.500000
v -49.500000 49.500000 20.875000
v -37.125000 51.468750 24.351663
v -49.500000 49.500000 20.875000
v -37.500000 49.468750 35.078125
v -37.125000 51.468750 24.351663
v -49.500000 49.500000 20.875000
v -50.000000 47.500000 31.250000
v -37.500000 49.468750 35.078125
v -35.250000 49.468750 -29.280646
v -23.750000 52.875000 -18.489583
v -23.500000 50.875000 -29.750000
v -35.250000 49.468750 -29.280646
v -35.625000 51.468750 -18.554184
v -23.750000 52.875000 -18.489583
v -35.625000 51.468750 -18.554184
v -24.000000 54.339102 -7.229167
v -23.750000 52.875000 -18.489583
v -35.625000 51.468750 -18.554184
v -36.000000 52.932852 -7.827722
v -24.000000 54.339102 -7.229167
v -36.000000 52.932852 -7.827722
v -24.250000 54.875000 4.031250
v -24.000000 54.339102 -7.229167
v -36.000000 52.932852 -7.827722
v -36.375000 53.468750 2.898740
v -24.250000 54.875000 4.031250
v -36.375000 53.468750 2.898740
v -24.500000 54.339102 15.291667
v -24.250000 54.875000 4.031250
v -36.375000 53.468750 2.898740
v -36.750000 52.932852 13.625201
v -24.500000 54.339102 15.291667
v -36.750000 52.932852 13.625201
v -24.750000 52.875000 26.552083
v -24.500000 54.339102 15.291667
v -36.750000 52.932852 13.625201
v -37.125000 51.468750 24.351663
v -24.750000 52.875000 26.552083
v -37.125000 51.468750 24.351663
v -25.000000 50.875000 37.812500
v -24.750000 52.875000 26.552083
v -37.125000 51.468750 24.351663
v -37.500000 49.468750 35.078125
v -25.000000 50.875000 37.812500
v -23.500000 50.875000 -29.750000
v -11.875000 53.718750 -21.575017
v -11.750000 51.718750 -33.780646
v -23.500000 50.875000 -29.750000
v -23.750000 52.875000 -18.489583
v -11.875000 53.718750 -21.575017
v -23.750000 52.875000 -18.489583
v -12.000000 55.182852 -9.369389
v -11.875000 53.718750 -21.575017
v -23.750000 52.875000 -18.489583
v -24.000000 54.339102 -7.229167
v -12.000000 55.182852 -9.369389
v -24.000000 54.339102 -7.229167
v -12.125000 55.718750 2.836240
v -12.000000 55.182852 -9.369389
v -24.000000 54.339102 -7.229167
v -24.250000 54.875000 4.031250
v -12.125000 55.718750 2.836240
v -24.250000 54.875000 4.031250
v -12.250000 55.182852 15.041868
v -12.125000 55.718750 2.836240
v -24.250000 54.875000 4.031250
v -24.500000 54.339102 15.291667
v -12.250000 55.182852 15.041868
v -24.500000 54.339102 15.291667
v -12.375000 53.718750 27.247497
v -12.250000 55.182852 15.041868
v -24.500000 54.339102 15.291667
v -24.750000 52.875000 26.552083
v -12.375000 53.718750 27.247497
v -24.750000 52.875000 26.552083
v -12.500000 51.718750 39.453125
v -12.375000 53.718750 27.247497
v -24.750000 52.875000 26.552083
v -25.000000 50.875000 37.812500
v -12.500000 51.718750 39.453125
v -11.750000 51.718750 -33.780646
v 0.000000 54.000000 -26.666667
v 0.000000 52.000000 -40.000000
v -11.750000 51.718750 -33.780646
v -11.875000 53.718750 -21.575017
v 0.000000 54.000000 -26.666667
v -11.875000 53.718750 -21.575017
v 0.000000 55.464102 -13.333333
v 0.000000 54.000000 -26.666667
v -11.875000 53.718750 -21.575017
v -12.000000 55.182852 -9.369389
v 0.000000 55.464102 -13.333333
v -12.000000 55.182852 -9.369389
v 0.000000 56.000000 0.000000
v 0.000000 55.464102 -13.333333
v -12.000000 55.182852 -9.369389
v -12.125000 55.718750 2.836240
v 0.000000 56.000000 0.000000
v -12.125000 55.718750 2.836240
v 0.000000 55.464102 13.333333
v 0.000000 56.000000 0.000000
v -12.125000 55.718750 2.836240
v -12.250000 55.182852 15.041868
v 0.000000 55.464102 13.333333
v -12.250000 55.182852 15.041868
v 0.000000 54.000000 26.666667
v 0.000000 55.464102 13.333333
v -12.250000 55.182852 15.041868
v -12.375000 53.718750 27.247497
v 0.000000 54.000000 26.666667
v -12.375000 53.718750 27.247497
v 0.000000 52.000000 40.000000
v 0.000000 54.000000 26.666667
v -12.375000 53.718750 27.247497
v -12.500000 51.718750 39.453125
v 0.000000 52.000000 40.000000
v 0.000000 52.000000 -40.000000
v 11.875000 53.718750 -21.575017
v 11.750000 51.718750 -33.780646
v 0.000000 52.000000 -40.000000
v 0.000000 54.000000 -26.666667
v 11.875000 53.718750 -21.575017
v 0.000000 54.000000 -26.666667
v 12.000000 55.182852 -9.369389
v 11.875000 53.718750 -21.575017
v 0.000000 54.000000 -26.666667
v 0.000000 55.464102 -13.333333
v 12.000000 55.182852 -9.369389
v 0.000000 55.464102 -13.333333
v 12.125000 55.718750 2.836240
v 12.000000 55.182852 -9.369389
v 0.000000 55.464102 -13.333333
v 0.000000 56.000000 0.000000
v 12.125000 55.718750 2.836240
v 0.000000 56.000000 0.000000
v 12.250000 55.182852 15.041868
v 12.125000 55.718750 2.836240
v 0.000000 56.000000 0.000000
v 0.000000 55.464102 13.333333
v 12.250000 55.182852 15.041868
v 0.000000 55.464102 13.333333
v 12.375000 53.718750 27.247497
v 12.250000 55.182852 15.041868
v 0.000000 55.464102 13.333333
v 0.000000 54.000000 26.666667
v 12.375000 53.718750 27.247497
v 0.000000 54.000000 26.666667
v 12.500000 51.718750 39.453125
v 12.375000 53.718750 27.247497
v 0.000000 54.000000 26.666667
v 0.000000 52.000000 40.000000
v 12.500000 51.718750 39.453125
v 11.750000 51.718750 -33.780646
v 23.750000 52.875000 -18.489583
v 23.500000 50.875000 -29.750000
v 11.750000 51.718750 -33.780646
v 11.875000 53.718750 -21.575017
v 23.750000 52.875000 -18.489583
v 11.875000 53.718750 -21.575017
v 24.000000 54.339102 -7.229167
v 23.750000 52.875000 -18.489583
v 11.875000 53.718750 -21.575017
v 12.000000 55.182852 -9.369389
v 24.000000 54.339102 -7.229167
v 12.000000 55.182852 -9.369389
v 24.250000 54.875000 4.031250
v 24.000000 54.339102 -7.229167
v 12.000000 55.182852 -9.369389
v 12.125000 55.718750 2.836240
v 24.250000 54.875000 4.031250
v 12.125000 55.718750 2.836240
v 24.500000 54.339102 15.291667
v 24.250000 54.875000 4.031250
v 12.125000 55.718750 2.836240
v 12.250000 55.182852 15.041868
v 24.500000 54.339102 15.291667
v 12.250000 55.182852 15.041868
v 24.750000 52.875000 26.552083
v 24.500000 54.339102 15.291667
v 12.250000 55.182852 15.041868
v 12.375000 53.718750 27.247497
v 24.750000 52.875000 26.552083
v 12.375000 53.718750 27.247497
v 25.000000 50.875000 37.812500
v 24.750000 52.875000 26.552083
v 12.375000 53.718750 27.247497
v 12.500000 51.718750 39.453125
v 25.000000 50.875000 37.812500
v 23.500000 50.875000 -29.750000
v 35.625000 51.468750 -18.554184
v 35.250000 49.468750 -29.280646
v 23.500000 50.875000 -29.750000
v 23.750000 52.875000 -18.489583
v 35.625000 51.468750 -18.554184
v 23.750000 52.875000 -18.489583
v 36.000000 52.932852 -7.827722
v 35.625000 51.468750 -18.554184
v 23.750000 52.875000 -18.489583
v 24.000000 54.339102 -7.229167
v 36.000000 52.932852 -7.827722
v 24.000000 54.339102 -7.229167
v 36.375000 53.468750 2.898740
v 36.000000 52.932852 -7.827722
v 24.000000 54.339102 -7.229167
v 24.250000 54.875000 4.031250
v 36.375000 53.468750 2.898740
v 24.250000 54.875000 4.031250
v 36.750000 52.932852 13.625201
v 36.375000 53.468750 2.898740
v 24.250000 54.875000 4.031250
v 24.500000 54.339102 15.291667
v 36.750000 52.932852 13.625201
v 24.500000 54.339102 15.291667
v 37.125000 51.468750 24.351663
v 36.750000 52.932852 13.625201
v 24.500000 54.339102 15.291667
v 24.750000 52.875000 26.552083
v 37.125000 51.468750 24.351663
v 24.750000 52.875000 26.552083
v 37.500000 49.468750 35.078125
v 37.125000 51.468750 24.351663
v 24.750000 52.875000 26.552083
v 25.000000 50.875000 37.812500
v 37.500000 49.468750 35.078125
v 35.250000 49.468750 -29.280646
v 47.500000 49.500000 -20.625000
v 47.000000 47.500000 -31.000000
v 35.250000 49.468750 -29.280646
v 35.625000 51.468750 -18.554184
v 47.500000 49.500000 -20.625000
v 35.625000 51.468750 -18.554184
v 48.000000 50.964102 -10.250000
v 47.500000 49.500000 -20.625000
v 35.625000 51.468750 -18.554184
v 36.000000 52.932852 -7.827722
v 48.000000 50.964102 -10.250000
v 36.000000 52.932852 -7.827722
v 48.500000 51.500000 0.125000
v 48.000000 50.964102 -10.250000
v 36.000000 52.932852 -7.827722
v 36.375000 53.468750 2.898740
v 48.500000 51.500000 0.125000
v 36.375000 53.468750 2.898740
v 49.000000 50.964102 10.500000
v 48.500000 51.500000 0.125000
v 36.375000 53.468750 2.898740
v 36.750000 52.932852 13.625201
v 49.000000 50.964102 10.500000
v 36.750000 52.932852 13.625201
v 49.500000 49.500000 20.875000
v 49.000000 50.964102 10.500000
v 36.750000 52.932852 13.625201
v 37.125000 51.468750 24.351663
v 49.500000 49.500000 20.875000
v 37.125000 51.468750 24.351663
v 50.000000 47.500000 31.250000
v 49.500000 49.500000 20.875000
v 37.125000 51.468750 24.351663
v 37.500000 49.468750 35.078125
v 50.000000 47.500000 31.250000
v 47.000000 47.500000 -31.000000
v 59.375000 46.968750 -12.512517
v 58.750000 44.968750 -20.280646
v 47.000000 47.500000 -31.000000
v 47.500000 49.500000 -20.625000
v 59.375000 46.968750 -12.512517
v 47.500000 49.500000 -20.625000
v 60.000000 48.432852 -4.744389
v 59.375000 46.968750 -12.512517
v 47.500000 49.500000 -20.625000
v 48.000000 50.964102 -10.250000
v 60.000000 48.432852 -4.744389
v 48.000000 50.964102 -10.250000
v 60.625000 48.968750 3.023740
v 60.000000 48.432852 -4.744389
v 48.000000 50.964102 -10.250000
v 48.500000 51.500000 0.125000
v 60.625000 48.968750 3.023740
v 48.500000 51.500000 0.125000
v 61.250000 48.432852 10.791868
v 60.625000 48.968750 3.023740
v 48.500000 51.500000 0.125000
v 49.000000 50.964102 10.500000
v 61.250000 48.432852 10.791868
v 49.000000 50.964102 10.500000
v 61.875000 46.968750 18.559997
v 61.250000 48.432852 10.791868
v 49.000000 50.964102 10.500000
v 49.500000 49.500000 20.875000
v 61.875000 46.968750 18.559997
v 49.500000 49.500000 20.875000
v 62.500000 44.968750 26.328125
v 61.875000 46.968750 18.559997
v 49.500000 49.500000 20.875000
v 50.000000 47.500000 31.250000
v 62.500000 44.968750 26.328125
v 58.750000 44.968750 -20.280646
v 71.250000 43.875000 -6.406250
v 70.500000 41.875000 -11.750000
v 58.750000 44.968750 -20.280646
v 59.375000 46.968750 -12.512517
v 71.250000 43.875000 -6.406250
v 59.375000 46.968750 -12.512517
v 72.000000 45.339102 -1.062500
v 71.250000 43.875000 -6.406250
v 59.375000 46.968750 -12.512517
v 60.000000 48.432852 -4.744389
v 72.000000 45.339102 -1.062500
v 60.000000 48.432852 -4.744389
v 72.750000 45.875000 4.281250
v 72.000000 45.339102 -1.062500
v 60.000000 48.432852 -4.744389
v 60.625000 48.968750 3.023740
v 72.750000 45.875000 4.281250
v 60.625000 48.968750 3.023740
v 73.500000 45.339102 9.625000
v 72.750000 45.875000 4.281250
v 60.625000 48.968750 3.023740
v 61.250000 48.432852 10.791868
v 73.500000 45.339102 9.625000
v 61.250000 48.432852 10.791868
v 74.250000 43.875000 14.968750
v 73.500000 45.339102 9.625000
v 61.250000 48.432852 10.791868
v 61.875000 46.968750 18.559997
v 74.250000 43.875000 14.968750
v 61.875000 46.968750 18.559997
v 75.000000 41.875000 20.312500
v 74.250000 43.875000 14.968750
v 61.875000 46.968750 18.559997
v 62.500000 44.968750 26.328125
v 75.000000 41.875000 20.312500
v 70.500000 41.875000 -11.750000
v 83.125000 40.218750 -3.450017
v 82.250000 38.218750 -6.780646
v 70.500000 41.875000 -11.750000
v 71.250000 43.875000 -6.406250
v 83.125000 40.218750 -3.450017
v 71.250000 43.875000 -6.406250
v 84.000000 41.682852 -0.119389
v 83.125000 40.218750 -3.450017
v 71.250000 43.875000 -6.406250
v 72.000000 45.339102 -1.062500
v 84.000000 41.682852 -0.119389
v 72.000000 45.339102 -1.062500
v 84.875000 42.218750 3.211240
v 84.000000 41.682852 -0.119389
v 72.000000 45.339102 -1.062500
v 72.750000 45.875000 4.281250
v 84.875000 42.218750 3.211240
v 72.750000 45.875000 4.281250
v 85.750000 41.682852 6.541868
v 84.875000 42.218750 3.211240
v 72.750000 45.875000 4.281250
v 73.500000 45.339102 9.625000
v 85.750000 41.682852 6.541868
v 73.500000 45.339102 9.625000
v 86.625000 40.218750 9.872497
v 85.750000 41.682852 6.541868
v 73.500000 45.339102 9.625000
v 74.250000 43.875000 14.968750
v 86.625000 40.218750 9.872497
v 74.250000 43.875000 14.968750
v 87.500000 38.218750 13.203125
v 86.625000 40.218750 9.872497
v 74.250000 43.875000 14.968750
v 75.000000 41.875000 20.312500
v 87.500000 38.218750 13.203125
v 82.250000 38.218750 -6.780646
v 95.000000 36.000000 -2.500000
v 94.000000 34.000000 -4.000000
v 82.250000 38.218750 -6.780646
v 83.125000 40.218750 -3.450017
v 95.000000 36.000000 -2.500000
v 83.125000 40.218750 -3.450017
v 96.000000 37.464102 -1.000000
v 95.000000 36.000000 -2.500000
v 83.125000 40.218750 -3.450017
v 84.000000 41.682852 -0.119389
v 96.000000 37.464102 -1.000000
v 84.000000 41.682852 -0.119389
v 97.000000 38.000000 0.500000
v 96.000000 37.464102 -1.000000
v 84.000000 41.682852 -0.119389
v 84.875000 42.218750 3.211240
v 97.000000 38.000000 0.500000
v 84.875000 42.218750 3.211240
v 98.000000 37.464102 2.000000
v 97.000000 38.000000 0.500000
v 84.875000 42.218750 3.211240
v 85.750000 41.682852 6.541868
v 98.000000 37.464102 2.000000
v 85.750000 41.682852 6.541868
v 99.000000 36.000000 3.500000
v 98.000000 37.464102 2.000000
v 85.750000 41.682852 6.541868
v 86.625000 40.218750 9.872497
v 99.000000 36.000000 3.500000
v 86.625000 40.218750 9.872497
v 100.000000 34.000000 5.000000
v 99.000000 36.000000 3.500000
v 86.625000 40.218750 9.872497
v 87.500000 38.218750 13.203125
v 100.000000 34.000000 5.000000
v -96.081984 33.188233 -2.138967
v -96.164870 34.000000 -3.276580
v -95.164870 32.000000 -4.776580
v -95.081984 31.188233 -3.638967
v -96.081984 33.188233 -2.138967
v -95.164870 32.000000 -4.776580
v -94.917114 33.188233 -1.362387
v -96.081984 33.188233 -2.138967
v -95.081984 31.188233 -3.638967
v -93.917114 31.188233 -2.862387
v -94.917114 33.188233 -1.362387
v -95.081984 31.188233 -3.638967
v -93.835130 34.000000 -1.723420
v -94.917114 33.188233 -1.362387
v -93.917114 31.188233 -2.862387
v -92.835130 32.000000 -3.223420
v -93.835130 34.000000 -1.723420
v -93.917114 31.188233 -2.862387
v -93.918016 34.811767 -2.861033
v -93.835130 34.000000 -1.723420
v -92.835130 32.000000 -3.223420
v -92.918016 32.811767 -4.361033
v -93.918016 34.811767 -2.861033
v -92.835130 32.000000 -3.223420
v -95.082886 34.811767 -3.637613
v -93.918016 34.811767 -2.861033
v -92.918016 32.811767 -4.361033
v -94.082886 32.811767 -5.137613
v -95.082886 34.811767 -3.637613
v -92.918016 32.811767 -4.361033
v -96.164870 34.000000 -3.276580
v -95.082886 34.811767 -3.637613
v -94.082886 32.811767 -5.137613
v -95.164870 32.000000 -4.776580
v -96.164870 34.000000 -3.276580
v -94.082886 32.811767 -5.137613
v -95.164870 32.000000 -4.776580
v -93.917114 31.188233 -2.862387
v -95.081984 31.188233 -3.638967
v -96.164870 34.000000 -3.276580
v -96.081984 33.188233 -2.138967
v -94.917114 33.188233 -1.362387
v -95.164870 32.000000 -4.776580
v -92.835130 32.000000 -3.223420
v -93.917114 31.188233 -2.862387
v -96.164870 34.000000 -3.276580
v -94.917114 33.188233 -1.362387
v -93.835130 34.000000 -1.723420
v -95.164870 32.000000 -4.776580
v -92.918016 32.811767 -4.361033
v -92.835130 32.000000 -3.223420
v -96.164870 34.000000 -3.276580
v -93.835130 34.000000 -1.723420
v -93.918016 34.811767 -2.861033
v -95.164870 32.000000 -4.776580
v -94.082886 32.811767 -5.137613
v -92.918016 32.811767 -4.361033
v -96.164870 34.000000 -3.276580
v -93.918016 34.811767 -2.861033
v -95.082886 34.811767 -3.637613
v -97.006419 34.522946 -0.752315
v -97.164870 35.464102 -1.776580
v -96.164870 34.000000 -3.276580
v -96.006419 33.058845 -2.252315
v -97.006419 34.522946 -0.752315
v -96.164870 34.000000 -3.276580
v -95.841548 34.522946 0.024266
v -97.006419 34.522946 -0.752315
v -96.006419 33.058845 -2.252315
v -94.841548 33.058845 -1.475734
v -95.841548 34.522946 0.024266
v -96.006419 33.058845 -2.252315
v -94.835130 35.464102 -0.223420
v -95.841548 34.522946 0.024266
v -94.841548 33.058845 -1.475734
v -93.835130 34.000000 -1.723420
v -94.835130 35.464102 -0.223420
v -94.841548 33.058845 -1.475734
v -94.993581 36.405257 -1.247685
v -94.835130 35.464102 -0.223420
v -93.835130 34.000000 -1.723420
v -93.993581 34.941155 -2.747685
v -94.993581 36.405257 -1.247685
v -93.835130 34.000000 -1.723420
v -96.158452 36.405257 -2.024266
v -94.993581 36.405257 -1.247685
v -93.993581 34.941155 -2.747685
v -95.158452 34.941155 -3.524266
v -96.158452 36.405257 -2.024266
v -93.993581 34.941155 -2.747685
v -97.164870 35.464102 -1.776580
v -96.158452 36.405257 -2.024266
v -95.158452 34.941155 -3.524266
v -96.164870 34.000000 -3.276580
v -97.164870 35.464102 -1.776580
v -95.158452 34.941155 -3.524266
v -96.164870 34.000000 -3.276580
v -94.841548 33.058845 -1.475734
v -96.006419 33.058845 -2.252315
v -97.164870 35.464102 -1.776580
v -97.006419 34.522946 -0.752315
v -95.841548 34.522946 0.024266
v -96.164870 34.000000 -3.276580
v -93.835130 34.000000 -1.723420
v -94.841548 33.058845 -1.475734
v -97.164870 35.464102 -1.776580
v -95.841548 34.522946 0.024266
v -94.835130 35.464102 -0.223420
v -96.164870 34.000000 -3.276580
v -93.993581 34.941155 -2.747685
v -93.835130 34.000000 -1.723420
v -97.164870 35.464102 -1.776580
v -94.835130 35.464102 -0.223420
v -94.993581 36.405257 -1.247685
v -96.164870 34.000000 -3.276580
v -95.158452 34.941155 -3.524266
v -93.993581 34.941155 -2.747685
v -97.164870 35.464102 -1.776580
v -94.993581 36.405257 -1.247685
v -96.158452 36.405257 -2.024266
v -97.774068 34.837826 0.399159
v -98.164870 36.000000 -0.276580
v -97.164870 35.464102 -1.776580
v -96.774068 34.301927 -1.100841
v -97.774068 34.837826 0.399159
v -97.164870 35.464102 -1.776580
v -96.609198 34.837826 1.175740
v -97.774068 34.837826 0.399159
v -96.774068 34.301927 -1.100841
v -95.609198 34.301927 -0.324260
v -96.609198 34.837826 1.175740
v -96.774068 34.301927 -1.100841
v -95.835130 36.000000 1.276580
v -96.609198 34.837826 1.175740
v -95.609198 34.301927 -0.324260
v -94.835130 35.464102 -0.223420
v -95.835130 36.000000 1.276580
v -95.609198 34.301927 -0.324260
v -96.225932 37.162174 0.600841
v -95.835130 36.000000 1.276580
v -94.835130 35.464102 -0.223420
v -95.225932 36.626276 -0.899159
v -96.225932 37.162174 0.600841
v -94.835130 35.464102 -0.223420
v -97.390802 37.162174 -0.175740
v -96.225932 37.162174 0.600841
v -95.225932 36.626276 -0.899159
v -96.390802 36.626276 -1.675740
v -97.390802 37.162174 -0.175740
v -95.225932 36.626276 -0.899159
v -98.164870 36.000000 -0.276580
v -97.390802 37.162174 -0.175740
v -96.390802 36.626276 -1.675740
v -97.164870 35.464102 -1.776580
v -98.164870 36.000000 -0.276580
v -96.390802 36.626276 -1.675740
v -97.164870 35.464102 -1.776580
v -95.609198 34.301927 -0.324260
v -96.774068 34.301927 -1.100841
v -98.164870 36.000000 -0.276580
v -97.774068 34.837826 0.399159
v -96.609198 34.837826 1.175740
v -97.164870 35.464102 -1.776580
v -94.835130 35.464102 -0.223420
v -95.609198 34.301927 -0.324260
v -98.164870 36.000000 -0.276580
v -96.609198 34.837826 1.175740
v -95.835130 36.000000 1.276580
v -97.164870 35.464102 -1.776580
v -95.225932 36.626276 -0.899159
v -94.835130 35.464102 -0.223420
v -98.164870 36.000000 -0.276580
v -95.835130 36.000000 1.276580
v -96.225932 37.162174 0.600841
v -97.164870 35.464102 -1.776580
v -96.390802 36.626276 -1.675740
v -95.225932 36.626276 -0.899159
v -98.164870 36.000000 -0.276580
v -96.225932 37.162174 0.600841
v -97.390802 37.162174 -0.175740
v -98.390802 34.301927 1.324260
v -99.164870 35.464102 1.223420
v -98.164870 36.000000 -0.276580
v -97.390802 34.837826 -0.175740
v -98.390802 34.301927 1.324260
v -98.164870 36.000000 -0.276580
v -97.225932 34.301927 2.100841
v -98.390802 34.301927 1.324260
v -97.390802 34.837826 -0.175740
v -96.225932 34.837826 0.600841
v -97.225932 34.301927 2.100841
v -97.390802 34.837826 -0.175740
v -96.835130 35.464102 2.776580
v -97.225932 34.301927 2.100841
v -96.225932 34.837826 0.600841
v -95.835130 36.000000 1.276580
v -96.835130 35.464102 2.776580
v -96.225932 34.837826 0.600841
v -97.609198 36.626276 2.675740
v -96.835130 35.464102 2.776580
v -95.835130 36.000000 1.276580
v -96.609198 37.162174 1.175740
v -97.609198 36.626276 2.675740
v -95.835130 36.000000 1.276580
v -98.774068 36.626276 1.899159
v -97.609198 36.626276 2.675740
v -96.609198 37.162174 1.175740
v -97.774068 37.162174 0.399159
v -98.774068 36.626276 1.899159
v -96.609198 37.162174 1.175740
v -99.164870 35.464102 1.223420
v -98.774068 36.626276 1.899159
v -97.774068 37.162174 0.399159
v -98.164870 36.000000 -0.276580
v -99.164870 35.464102 1.223420
v -97.774068 37.162174 0.399159
v -98.164870 36.000000 -0.276580
v -96.225932 34.837826 0.600841
v -97.390802 34.837826 -0.175740
v -99.164870 35.464102 1.223420
v -98.390802 34.301927 1.324260
v -97.225932 34.301927 2.100841
v -98.164870 36.000000 -0.276580
v -95.835130 36.000000 1.276580
v -96.225932 34.837826 0.600841
v -99.164870 35.464102 1.223420
v -97.225932 34.301927 2.100841
v -96.835130 35.464102 2.776580
v -98.164870 36.000000 -0.276580
v -96.609198 37.162174 1.175740
v -95.835130 36.000000 1.276580
v -99.164870 35.464102 1.223420
v -96.835130 35.464102 2.776580
v -97.609198 36.626276 2.675740
v -98.164870 36.000000 -0.276580
v -97.774068 37.162174 0.399159
v -96.609198 37.162174 1.175740
v -99.164870 35.464102 1.223420
v -97.609198 36.626276 2.675740
v -98.774068 36.626276 1.899159
v -99.158452 33.058845 2.475734
v -100.164870 34.000000 2.723420
v -99.164870 35.464102 1.223420
v -98.158452 34.522946 0.975734
v -99.158452 33.058845 2.475734
v -99.164870 35.464102 1.223420
v -97.993581 33.058845 3.252315
v -99.158452 33.058845 2.475734
v -98.158452 34.522946 0.975734
v -96.993581 34.522946 1.752315
v -97.993581 33.058845 3.252315
v -98.158452 34.522946 0.975734
v -97.835130 34.000000 4.276580
v -97.993581 33.058845 3.252315
v -96.993581 34.522946 1.752315
v -96.835130 35.464102 2.776580
v -97.835130 34.000000 4.276580
v -96.993581 34.522946 1.752315
v -98.841548 34.941155 4.524266
v -97.835130 34.000000 4.276580
v -96.835130 35.464102 2.776580
v -97.841548 36.405257 3.024266
v -98.841548 34.941155 4.524266
v -96.835130 35.464102 2.776580
v -100.006419 34.941155 3.747685
v -98.841548 34.941155 4.524266
v -97.841548 36.405257 3.024266
v -99.006419 36.405257 2.247685
v -100.006419 34.941155 3.747685
v -97.841548 36.405257 3.024266
v -100.164870 34.000000 2.723420
v -100.006419 34.941155 3.747685
v -99.006419 36.405257 2.247685
v -99.164870 35.464102 1.223420
v -100.164870 34.000000 2.723420
v -99.006419 36.405257 2.247685
v -99.164870 35.464102 1.223420
v -96.993581 34.522946 1.752315
v -98.158452 34.522946 0.975734
v -100.164870 34.000000 2.723420
v -99.158452 33.058845 2.475734
v -97.993581 33.058845 3.252315
v -99.164870 35.464102 1.223420
v -96.835130 35.464102 2.776580
v -96.993581 34.522946 1.752315
v -100.164870 34.000000 2.723420
v -97.993581 33.058845 3.252315
v -97.835130 34.000000 4.276580
v -99.164870 35.464102 1.223420
v -97.841548 36.405257 3.024266
v -96.835130 35.464102 2.776580
v -100.164870 34.000000 2.723420
v -97.835130 34.000000 4.276580
v -98.841548 34.941155 4.524266
v -99.164870 35.464102 1.223420
v -99.006419 36.405257 2.247685
v -97.841548 36.405257 3.024266
v -100.164870 34.000000 2.723420
v -98.841548 34.941155 4.524266
v -100.006419 34.941155 3.747685
v -100.082886 31.188233 3.862387
v -101.164870 32.000000 4.223420
v -100.164870 34.000000 2.723420
v -99.082886 33.188233 2.362387
v -100.082886 31.188233 3.862387
v -100.164870 34.000000 2.723420
v -98.918016 31.188233 4.638967
v -100.082886 31.188233 3.862387
v -99.082886 33.188233 2.362387
v -97.918016 33.188233 3.138967
v -98.918016 31.188233 4.638967
v -99.082886 33.188233 2.362387
v -98.835130 32.000000 5.776580
v -98.918016 31.188233 4.638967
v -97.918016 33.188233 3.138967
v -97.835130 34.000000 4.276580
v -98.835130 32.000000 5.776580
v -97.918016 33.188233 3.138967
v -99.917114 32.811767 6.137613
v -98.835130 32.000000 5.776580
v -97.835130 34.000000 4.276580
v -98.917114 34.811767 4.637613
v -99.917114 32.811767 6.137613
v -97.835130 34.000000 4.276580
v -101.081984 32.811767 5.361033
v -99.917114 32.811767 6.137613
v -98.917114 34.811767 4.637613
v -100.081984 34.811767 3.861033
v -101.081984 32.811767 5.361033
v -98.917114 34.811767 4.637613
v -101.164870 32.000000 4.223420
v -101.081984 32.811767 5.361033
v -100.081984 34.811767 3.861033
v -100.164870 34.000000 2.723420
v -101.164870 32.000000 4.223420
v -100.081984 34.811767 3.861033
v -100.164870 34.000000 2.723420
v -97.918016 33.188233 3.138967
v -99.082886 33.188233 2.362387
v -101.164870 32.000000 4.223420
v -100.082886 31.188233 3.862387
v -98.918016 31.188233 4.638967
v -100.164870 34.000000 2.723420
v -97.835130 34.000000 4.276580
v -97.918016 33.188233 3.138967
v -101.164870 32.000000 4.223420
v -98.918016 31.188233 4.638967
v -98.835130 32.000000 5.776580
v -100.164870 34.000000 2.723420
v -98.917114 34.811767 4.637613
v -97.835130 34.000000 4.276580
v -101.164870 32.000000 4.223420
v -98.835130 32.000000 5.776580
v -99.917114 32.811767 6.137613
v -100.164870 34.000000 2.723420
v -100.081984 34.811767 3.861033
v -98.917114 34.811767 4.637613
v -101.164870 32.000000 4.223420
v -99.917114 32.811767 6.137613
v -101.081984 32.811767 5.361033
v -48.210223 46.309433 -20.429721
v -48.898377 47.500000 -20.692392
v -48.398377 45.500000 -31.067392
v -47.710223 44.309433 -30.804721
v -48.210223 46.309433 -20.429721
v -48.398377 45.500000 -31.067392
v -46.811846 46.309433 -20.362329
v -48.210223 46.309433 -20.429721
v -47.710223 44.309433 -30.804721
v -46.311846 44.309433 -30.737329
v -46.811846 46.309433 -20.362329
v -47.710223 44.309433 -30.804721
v -46.101623 47.500000 -20.557608
v -46.811846 46.309433 -20.362329
v -46.311846 44.309433 -30.737329
v -45.601623 45.500000 -30.932608
v -46.101623 47.500000 -20.557608
v -46.311846 44.309433 -30.737329
v -46.789777 48.690567 -20.820279
v -46.101623 47.500000 -20.557608
v -45.601623 45.500000 -30.932608
v -46.289777 46.690567 -31.195279
v -46.789777 48.690567 -20.820279
v -45.601623 45.500000 -30.932608
v -48.188154 48.690567 -20.887671
v -46.789777 48.690567 -20.820279
v -46.289777 46.690567 -31.195279
v -47.688154 46.690567 -31.262671
v -48.188154 48.690567 -20.887671
v -46.289777 46.690567 -31.195279
v -48.898377 47.500000 -20.692392
v -48.188154 48.690567 -20.887671
v -47.688154 46.690567 -31.262671
v -48.398377 45.500000 -31.067392
v -48.898377 47.500000 -20.692392
v -47.688154 46.690567 -31.262671
v -48.398377 45.500000 -31.067392
v -46.311846 44.309433 -30.737329
v -47.710223 44.309433 -30.804721
v -48.898377 47.500000 -20.692392
v -48.210223 46.309433 -20.429721
v -46.811846 46.309433 -20.362329
v -48.398377 45.500000 -31.067392
v -45.601623 45.500000 -30.932608
v -46.311846 44.309433 -30.737329
v -48.898377 47.500000 -20.692392
v -46.811846 46.309433 -20.362329
v -46.101623 47.500000 -20.557608
v -48.398377 45.500000 -31.067392
v -46.289777 46.690567 -31.195279
v -45.601623 45.500000 -30.932608
v -48.898377 47.500000 -20.692392
v -46.101623 47.500000 -20.557608
v -46.789777 48.690567 -20.820279
v -48.398377 45.500000 -31.067392
v -47.688154 46.690567 -31.262671
v -46.289777 46.690567 -31.195279
v -48.898377 47.500000 -20.692392
v -46.789777 48.690567 -20.820279
v -48.188154 48.690567 -20.887671
v -48.707335 47.763534 -10.114666
v -49.398377 48.964102 -10.317392
v -48.898377 47.500000 -20.692392
v -48.207335 46.299432 -20.489666
v -48.707335 47.763534 -10.114666
v -48.898377 47.500000 -20.692392
v -47.308957 47.763534 -10.047275
v -48.707335 47.763534 -10.114666
v -48.207335 46.299432 -20.489666
v -46.808957 46.299432 -20.422275
v -47.308957 47.763534 -10.047275
v -48.207335 46.299432 -20.489666
v -46.601623 48.964102 -10.182608
v -47.308957 47.763534 -10.047275
v -46.808957 46.299432 -20.422275
v -46.101623 47.500000 -20.557608
v -46.601623 48.964102 -10.182608
v -46.808957 46.299432 -20.422275
v -47.292665 50.164669 -10.385334
v -46.601623 48.964102 -10.182608
v -46.101623 47.500000 -20.557608
v -46.792665 48.700568 -20.760334
v -47.292665 50.164669 -10.385334
v -46.101623 47.500000 -20.557608
v -48.691043 50.164669 -10.452725
v -47.292665 50.164669 -10.385334
v -46.792665 48.700568 -20.760334
v -48.191043 48.700568 -20.827725
v -48.691043 50.164669 -10.452725
v -46.792665 48.700568 -20.760334
v -49.398377 48.964102 -10.317392
v -48.691043 50.164669 -10.452725
v -48.191043 48.700568 -20.827725
v -48.898377 47.500000 -20.692392
v -49.398377 48.964102 -10.317392
v -48.191043 48.700568 -20.827725
v -48.898377 47.500000 -20.692392
v -46.808957 46.299432 -20.422275
v -48.207335 46.299432 -20.489666
v -49.398377 48.964102 -10.317392
v -48.707335 47.763534 -10.114666
v -47.308957 47.763534 -10.047275
v -48.898377 47.500000 -20.692392
v -46.101623 47.500000 -20.557608
v -46.808957 46.299432 -20.422275
v -49.398377 48.964102 -10.317392
v -47.308957 47.763534 -10.047275
v -46.601623 48.964102 -10.182608
v -48.898377 47.500000 -20.692392
v -46.792665 48.700568 -20.760334
v -46.101623 47.500000 -20.557608
v -49.398377 48.964102 -10.317392
v -46.601623 48.964102 -10.182608
v -47.292665 50.164669 -10.385334
v -48.898377 47.500000 -20.692392
v -48.191043 48.700568 -20.827725
v -46.792665 48.700568 -20.760334
v -49.398377 48.964102 -10.317392
v -47.292665 50.164669 -10.385334
v -48.691043 50.164669 -10.452725
v -49.202196 48.289175 0.153702
v -49.898377 49.500000 0.057608
v -49.398377 48.964102 -10.317392
v -48.702196 47.753276 -10.221298
v -49.202196 48.289175 0.153702
v -49.398377 48.964102 -10.317392
v -47.803819 48.289175 0.221093
v -49.202196 48.289175 0.153702
v -48.702196 47.753276 -10.221298
v -47.303819 47.753276 -10.153907
v -47.803819 48.289175 0.221093
v -48.702196 47.753276 -10.221298
v -47.101623 49.500000 0.192392
v -47.803819 48.289175 0.221093
v -47.303819 47.753276 -10.153907
v -46.601623 48.964102 -10.182608
v -47.101623 49.500000 0.192392
v -47.303819 47.753276 -10.153907
v -47.797804 50.710825 0.096298
v -47.101623 49.500000 0.192392
v -46.601623 48.964102 -10.182608
v -47.297804 50.174927 -10.278702
v -47.797804 50.710825 0.096298
v -46.601623 48.964102 -10.182608
v -49.196181 50.710825 0.028907
v -47.797804 50.710825 0.096298
v -47.297804 50.174927 -10.278702
v -48.696181 50.174927 -10.346093
v -49.196181 50.710825 0.028907
v -47.297804 50.174927 -10.278702
v -49.898377 49.500000 0.057608
v -49.196181 50.710825 0.028907
v -48.696181 50.174927 -10.346093
v -49.398377 48.964102 -10.317392
v -49.898377 49.500000 0.057608
v -48.696181 50.174927 -10.346093
v -49.398377 48.964102 -10.317392
v -47.303819 47.753276 -10.153907
v -48.702196 47.753276 -10.221298
v -49.898377 49.500000 0.057608
v -49.202196 48.289175 0.153702
v -47.803819 48.289175 0.221093
v -49.398377 48.964102 -10.317392
v -46.601623 48.964102 -10.182608
v -47.303819 47.753276 -10.153907
v -49.898377 49.500000 0.057608
v -47.803819 48.289175 0.221093
v -47.101623 49.500000 0.192392
v -49.398377 48.964102 -10.317392
v -47.297804 50.174927 -10.278702
v -46.601623 48.964102 -10.182608
v -49.898377 49.500000 0.057608
v -47.101623 49.500000 0.192392
v -47.797804 50.710825 0.096298
v -49.398377 48.964102 -10.317392
v -48.696181 50.174927 -10.346093
v -47.297804 50.174927 -10.278702
v -49.898377 49.500000 0.057608
v -47.797804 50.710825 0.096298
v -49.196181 50.710825 0.028907
v -49.696181 47.753276 10.403907
v -50.398377 48.964102 10.432608
v -49.898377 49.500000 0.057608
v -49.196181 48.289175 0.028907
v -49.696181 47.753276 10.403907
v -49.898377 49.500000 0.057608
v -48.297804 47.753276 10.471298
v -49.696181 47.753276 10.403907
v -49.196181 48.289175 0.028907
v -47.797804 48.289175 0.096298
v -48.297804 47.753276 10.471298
v -49.196181 48.289175 0.028907
v -47.601623 48.964102 10.567392
v -48.297804 47.753276 10.471298
v -47.797804 48.289175 0.096298
v -47.101623 49.500000 0.192392
v -47.601623 48.964102 10.567392
v -47.797804 48.289175 0.096298
v -48.303819 50.174927 10.596093
v -47.601623 48.964102 10.567392
v -47.101623 49.500000 0.192392
v -47.803819 50.710825 0.221093
v -48.303819 50.174927 10.596093
v -47.101623 49.500000 0.192392
v -49.702196 50.174927 10.528702
v -48.303819 50.174927 10.596093
v -47.803819 50.710825 0.221093
v -49.202196 50.710825 0.153702
v -49.702196 50.174927 10.528702
v -47.803819 50.710825 0.221093
v -50.398377 48.964102 10.432608
v -49.702196 50.174927 10.528702
v -49.202196 50.710825 0.153702
v -49.898377 49.500000 0.057608
v -50.398377 48.964102 10.432608
v -49.202196 50.710825 0.153702
v -49.898377 49.500000 0.057608
v -47.797804 48.289175 0.096298
v -49.196181 48.289175 0.028907
v -50.398377 48.964102 10.432608
v -49.696181 47.753276 10.403907
v -48.297804 47.753276 10.471298
v -49.898377 49.500000 0.057608
v -47.101623 49.500000 0.192392
v -47.797804 48.289175 0.096298
v -50.398377 48.964102 10.432608
v -48.297804 47.753276 10.471298
v -47.601623 48.964102 10.567392
v -49.898377 49.500000 0.057608
v -47.803819 50.710825 0.221093
v -47.101623 49.500000 0.192392
v -50.398377 48.964102 10.432608
v -47.601623 48.964102 10.567392
v -48.303819 50.174927 10.596093
v -49.898377 49.500000 0.057608
v -49.202196 50.710825 0.153702
v -47.803819 50.710825 0.221093
v -50.398377 48.964102 10.432608
v -48.303819 50.174927 10.596093
v -49.702196 50.174927 10.528702
v -50.191043 46.299432 20.672275
v -50.898377 47.500000 20.807608
v -50.398377 48.964102 10.432608
v -49.691043 47.763534 10.297275
v -50.191043 46.299432 20.672275
v -50.398377 48.964102 10.432608
v -48.792665 46.299432 20.739666
v -50.191043 46.299432 20.672275
v -49.691043 47.763534 10.297275
v -48.292665 47.763534 10.364666
v -48.792665 46.299432 20.739666
v -49.691043 47.763534 10.297275
v -48.101623 47.500000 20.942392
v -48.792665 46.299432 20.739666
v -48.292665 47.763534 10.364666
v -47.601623 48.964102 10.567392
v -48.101623 47.500000 20.942392
v -48.292665 47.763534 10.364666
v -48.808957 48.700568 21.077725
v -48.101623 47.500000 20.942392
v -47.601623 48.964102 10.567392
v -48.308957 50.164669 10.702725
v -48.808957 48.700568 21.077725
v -47.601623 48.964102 10.567392
v -50.207335 48.700568 21.010334
v -48.808957 48.700568 21.077725
v -48.308957 50.164669 10.702725
v -49.707335 50.164669 10.635334
v -50.207335 48.700568 21.010334
v -48.308957 50.164669 10.702725
v -50.898377 47.500000 20.807608
v -50.207335 48.700568 21.010334
v -49.707335 50.164669 10.635334
v -50.398377 48.964102 10.432608
v -50.898377 47.500000 20.807608
v -49.707335 50.164669 10.635334
v -50.398377 48.964102 10.432608
v -48.292665 47.763534 10.364666
v -49.691043 47.763534 10.297275
v -50.898377 47.500000 20.807608
v -50.191043 46.299432 20.672275
v -48.792665 46.299432 20.739666
v -50.398377 48.964102 10.432608
v -47.601623 48.964102 10.567392
v -48.292665 47.763534 10.364666
v -50.898377 47.500000 20.807608
v -48.792665 46.299432 20.739666
v -48.101623 47.500000 20.942392
v -50.398377 48.964102 10.432608
v -48.308957 50.164669 10.702725
v -47.601623 48.964102 10.567392
v -50.898377 47.500000 20.807608
v -48.101623 47.500000 20.942392
v -48.808957 48.700568 21.077725
v -50.398377 48.964102 10.432608
v -49.707335 50.164669 10.635334
v -48.308957 50.164669 10.702725
v -50.898377 47.500000 20.807608
v -48.808957 48.700568 21.077725
v -50.207335 48.700568 21.010334
v -50.688154 44.309433 30.987329
v -51.398377 45.500000 31.182608
v -50.898377 47.500000 20.807608
v -50.188154 46.309433 20.612329
v -50.688154 44.309433 30.987329
v -50.898377 47.500000 20.807608
v -49.289777 44.309433 31.054721
v -50.688154 44.309433 30.987329
v -50.188154 46.309433 20.612329
v -48.789777 46.309433 20.679721
v -49.289777 44.309433 31.054721
v -50.188154 46.309433 20.612329
v -48.601623 45.500000 31.317392
v -49.289777 44.309433 31.054721
v -48.789777 46.309433 20.679721
v -48.101623 47.500000 20.942392
v -48.601623 45.500000 31.317392
v -48.789777 46.309433 20.679721
v -49.311846 46.690567 31.512671
v -48.601623 45.500000 31.317392
v -48.101623 47.500000 20.942392
v -48.811846 48.690567 21.137671
v -49.311846 46.690567 31.512671
v -48.101623 47.500000 20.942392
v -50.710223 46.690567 31.445279
v -49.311846 46.690567 31.512671
v -48.811846 48.690567 21.137671
v -50.210223 48.690567 21.070279
v -50.710223 46.690567 31.445279
v -48.811846 48.690567 21.137671
v -51.398377 45.500000 31.182608
v -50.710223 46.690567 31.445279
v -50.210223 48.690567 21.070279
v -50.898377 47.500000 20.807608
v -51.398377 45.500000 31.182608
v -50.210223 48.690567 21.070279
v -50.898377 47.500000 20.807608
v -48.789777 46.309433 20.679721
v -50.188154 46.309433 20.612329
v -51.398377 45.500000 31.182608
v -50.688154 44.309433 30.987329
v -49.289777 44.309433 31.054721
v -50.898377 47.500000 20.807608
v -48.101623 47.500000 20.942392
v -48.789777 46.309433 20.679721
v -51.398377 45.500000 31.182608
v -49.289777 44.309433 31.054721
v -48.601623 45.500000 31.317392
v -50.898377 47.500000 20.807608
v -48.811846 48.690567 21.137671
v -48.101623 47.500000 20.942392
v -51.398377 45.500000 31.182608
v -48.601623 45.500000 31.317392
v -49.311846 46.690567 31.512671
v -50.898377 47.500000 20.807608
v -50.210223 48.690567 21.070279
v -48.811846 48.690567 21.137671
v -51.398377 45.500000 31.182608
v -49.311846 46.690567 31.512671
v -50.710223 46.690567 31.445279
v -0.700000 50.800978 -26.486813
v -1.400000 52.000000 -26.666667
v -1.400000 50.000000 -40.000000
v -0.700000 48.800978 -39.820147
v -0.700000 50.800978 -26.486813
v -1.400000 50.000000 -40.000000
v 0.700000 50.800978 -26.486813
v -0.700000 50.800978 -26.486813
v -0.700000 48.800978 -39.820147
v 0.700000 48.800978 -39.820147
v 0.700000 50.800978 -26.486813
v -0.700000 48.800978 -39.820147
v 1.400000 52.000000 -26.666667
v 0.700000 50.800978 -26.486813
v 0.700000 48.800978 -39.820147
v 1.400000 50.000000 -40.000000
v 1.400000 52.000000 -26.666667
v 0.700000 48.800978 -39.820147
v 0.700000 53.199022 -26.846520
v 1.400000 52.000000 -26.666667
v 1.400000 50.000000 -40.000000
v 0.700000 51.199022 -40.179853
v 0.700000 53.199022 -26.846520
v 1.400000 50.000000 -40.000000
v -0.700000 53.199022 -26.846520
v 0.700000 53.199022 -26.846520
v 0.700000 51.199022 -40.179853
v -0.700000 51.199022 -40.179853
v -0.700000 53.199022 -26.846520
v 0.700000 51.199022 -40.179853
v -1.400000 52.000000 -26.666667
v -0.700000 53.199022 -26.846520
v -0.700000 51.199022 -40.179853
v -1.400000 50.000000 -40.000000
v -1.400000 52.000000 -26.666667
v -0.700000 51.199022 -40.179853
v -1.400000 50.000000 -40.000000
v 0.700000 48.800978 -39.820147
v -0.700000 48.800978 -39.820147
v -1.400000 52.000000 -26.666667
v -0.700000 50.800978 -26.486813
v 0.700000 50.800978 -26.486813
v -1.400000 50.000000 -40.000000
v 1.400000 50.000000 -40.000000
v 0.700000 48.800978 -39.820147
v -1.400000 52.000000 -26.666667
v 0.700000 50.800978 -26.486813
v 1.400000 52.000000 -26.666667
v -1.400000 50.000000 -40.000000
v 0.700000 51.199022 -40.179853
v 1.400000 50.000000 -40.000000
v -1.400000 52.000000 -26.666667
v 1.400000 52.000000 -26.666667
v 0.700000 53.199022 -26.846520
v -1.400000 50.000000 -40.000000
v -0.700000 51.199022 -40.179853
v 0.700000 51.199022 -40.179853
v -1.400000 52.000000 -26.666667
v 0.700000 53.199022 -26.846520
v -0.700000 53.199022 -26.846520
v -0.700000 52.258910 -13.200994
v -1.400000 53.464102 -13.333333
v -1.400000 52.000000 -26.666667
v -0.700000 50.794809 -26.534327
v -0.700000 52.258910 -13.200994
v -1.400000 52.000000 -26.666667
v 0.700000 52.258910 -13.200994
v -0.700000 52.258910 -13.200994
v -0.700000 50.794809 -26.534327
v 0.700000 50.794809 -26.534327
v 0.700000 52.258910 -13.200994
v -0.700000 50.794809 -26.534327
v 1.400000 53.464102 -13.333333
v 0.700000 52.258910 -13.200994
v 0.700000 50.794809 -26.534327
v 1.400000 52.000000 -26.666667
v 1.400000 53.464102 -13.333333
v 0.700000 50.794809 -26.534327
v 0.700000 54.669293 -13.465673
v 1.400000 53.464102 -13.333333
v 1.400000 52.000000 -26.666667
v 0.700000 53.205191 -26.799006
v 0.700000 54.669293 -13.465673
v 1.400000 52.000000 -26.666667
v -0.700000 54.669293 -13.465673
v 0.700000 54.669293 -13.465673
v 0.700000 53.205191 -26.799006
v -0.700000 53.205191 -26.799006
v -0.700000 54.669293 -13.465673
v 0.700000 53.205191 -26.799006
v -1.400000 53.464102 -13.333333
v -0.700000 54.669293 -13.465673
v -0.700000 53.205191 -26.799006
v -1.400000 52.000000 -26.666667
v -1.400000 53.464102 -13.333333
v -0.700000 53.205191 -26.799006
v -1.400000 52.000000 -26.666667
v 0.700000 50.794809 -26.534327
v -0.700000 50.794809 -26.534327
v -1.400000 53.464102 -13.333333
v -0.700000 52.258910 -13.200994
v 0.700000 52.258910 -13.200994
v -1.400000 52.000000 -26.666667
v 1.400000 52.000000 -26.666667
v 0.700000 50.794809 -26.534327
v -1.400000 53.464102 -13.333333
v 0.700000 52.258910 -13.200994
v 1.400000 53.464102 -13.333333
v -1.400000 52.000000 -26.666667
v 0.700000 53.205191 -26.799006
v 1.400000 52.000000 -26.666667
v -1.400000 53.464102 -13.333333
v 1.400000 53.464102 -13.333333
v 0.700000 54.669293 -13.465673
v -1.400000 52.000000 -26.666667
v -0.700000 53.205191 -26.799006
v 0.700000 53.205191 -26.799006
v -1.400000 53.464102 -13.333333
v 0.700000 54.669293 -13.465673
v -0.700000 54.669293 -13.465673
v -0.700000 52.788543 0.048691
v -1.400000 54.000000 0.000000
v -1.400000 53.464102 -13.333333
v -0.700000 52.252644 -13.284642
v -0.700000 52.788543 0.048691
v -1.400000 53.464102 -13.333333
v 0.700000 52.788543 0.048691
v -0.700000 52.788543 0.048691
v -0.700000 52.252644 -13.284642
v 0.700000 52.252644 -13.284642
v 0.700000 52.788543 0.048691
v -0.700000 52.252644 -13.284642
v 1.400000 54.000000 0.000000
v 0.700000 52.788543 0.048691
v 0.700000 52.252644 -13.284642
v 1.400000 53.464102 -13.333333
v 1.400000 54.000000 0.000000
v 0.700000 52.252644 -13.284642
v 0.700000 55.211457 -0.048691
v 1.400000 54.000000 0.000000
v 1.400000 53.464102 -13.333333
v 0.700000 54.675559 -13.382025
v 0.700000 55.211457 -0.048691
v 1.400000 53.464102 -13.333333
v -0.700000 55.211457 -0.048691
v 0.700000 55.211457 -0.048691
v 0.700000 54.675559 -13.382025
v -0.700000 54.675559 -13.382025
v -0.700000 55.211457 -0.048691
v 0.700000 54.675559 -13.382025
v -1.400000 54.000000 0.000000
v -0.700000 55.211457 -0.048691
v -0.700000 54.675559 -13.382025
v -1.400000 53.464102 -13.333333
v -1.400000 54.000000 0.000000
v -0.700000 54.675559 -13.382025
v -1.400000 53.464102 -13.333333
v 0.700000 52.252644 -13.284642
v -0.700000 52.252644 -13.284642
v -1.400000 54.000000 0.000000
v -0.700000 52.788543 0.048691
v 0.700000 52.788543 0.048691
v -1.400000 53.464102 -13.333333
v 1.400000 53.464102 -13.333333
v 0.700000 52.252644 -13.284642
v -1.400000 54.000000 0.000000
v 0.700000 52.788543 0.048691
v 1.400000 54.000000 0.000000
v -1.400000 53.464102 -13.333333
v 0.700000 54.675559 -13.382025
v 1.400000 53.464102 -13.333333
v -1.400000 54.000000 0.000000
v 1.400000 54.000000 0.000000
v 0.700000 55.211457 -0.048691
v -1.400000 53.464102 -13.333333
v -0.700000 54.675559 -13.382025
v 0.700000 54.675559 -13.382025
v -1.400000 54.000000 0.000000
v 0.700000 55.211457 -0.048691
v -0.700000 55.211457 -0.048691
v -0.700000 52.252644 13.284642
v -1.400000 53.464102 13.333333
v -1.400000 54.000000 0.000000
v -0.700000 52.788543 -0.048691
v -0.700000 52.252644 13.284642
v -1.400000 54.000000 0.000000
v 0.700000 52.252644 13.284642
v -0.700000 52.252644 13.284642
v -0.700000 52.788543 -0.048691
v 0.700000 52.788543 -0.048691
v 0.700000 52.252644 13.284642
v -0.700000 52.788543 -0.048691
v 1.400000 53.464102 13.333333
v 0.700000 52.252644 13.284642
v 0.700000 52.788543 -0.048691
v 1.400000 54.000000 -0.000000
v 1.400000 53.464102 13.333333
v 0.700000 52.788543 -0.048691
v 0.700000 54.675559 13.382025
v 1.400000 53.464102 13.333333
v 1.400000 54.000000 -0.000000
v 0.700000 55.211457 0.048691
v 0.700000 54.675559 13.382025
v 1.400000 54.000000 -0.000000
v -0.700000 54.675559 13.382025
v 0.700000 54.675559 13.382025
v 0.700000 55.211457 0.048691
v -0.700000 55.211457 0.048691
v -0.700000 54.675559 13.382025
v 0.700000 55.211457 0.048691
v -1.400000 53.464102 13.333333
v -0.700000 54.675559 13.382025
v -0.700000 55.211457 0.048691
v -1.400000 54.000000 0.000000
v -1.400000 53.464102 13.333333
v -0.700000 55.211457 0.048691
v -1.400000 54.000000 0.000000
v 0.700000 52.788543 -0.048691
v -0.700000 52.788543 -0.048691
v -1.400000 53.464102 13.333333
v -0.700000 52.252644 13.284642
v 0.700000 52.252644 13.284642
v -1.400000 54.000000 0.000000
v 1.400000 54.000000 -0.000000
v 0.700000 52.788543 -0.048691
v -1.400000 53.464102 13.333333
v 0.700000 52.252644 13.284642
v 1.400000 53.464102 13.333333
v -1.400000 54.000000 0.000000
v 0.700000 55.211457 0.048691
v 1.400000 54.000000 -0.000000
v -1.400000 53.464102 13.333333
v 1.400000 53.464102 13.333333
v 0.700000 54.675559 13.382025
v -1.400000 54.000000 0.000000
v -0.700000 55.211457 0.048691
v 0.700000 55.211457 0.048691
v -1.400000 53.464102 13.333333
v 0.700000 54.675559 13.382025
v -0.700000 54.675559 13.382025
v -0.700000 50.794809 26.534327
v -1.400000 52.000000 26.666667
v -1.400000 53.464102 13.333333
v -0.700000 52.258910 13.200994
v -0.700000 50.794809 26.534327
v -1.400000 53.464102 13.333333
v 0.700000 50.794809 26.534327
v -0.700000 50.794809 26.534327
v -0.700000 52.258910 13.200994
v 0.700000 52.258910 13.200994
v 0.700000 50.794809 26.534327
v -0.700000 52.258910 13.200994
v 1.400000 52.000000 26.666667
v 0.700000 50.794809 26.534327
v 0.700000 52.258910 13.200994
v 1.400000 53.464102 13.333333
v 1.400000 52.000000 26.666667
v 0.700000 52.258910 13.200994
v 0.700000 53.205191 26.799006
v 1.400000 52.000000 26.666667
v 1.400000 53.464102 13.333333
v 0.700000 54.669293 13.465673
v 0.700000 53.205191 26.799006
v 1.400000 53.464102 13.333333
v -0.700000 53.205191 26.799006
v 0.700000 53.205191 26.799006
v 0.700000 54.669293 13.465673
v -0.700000 54.669293 13.465673
v -0.700000 53.205191 26.799006
v 0.700000 54.669293 13.465673
v -1.400000 52.000000 26.666667
v -0.700000 53.205191 26.799006
v -0.700000 54.669293 13.465673
v -1.400000 53.464102 13.333333
v -1.400000 52.000000 26.666667
v -0.700000 54.669293 13.465673
v -1.400000 53.464102 13.333333
v 0.700000 52.258910 13.200994
v -0.700000 52.258910 13.200994
v -1.400000 52.000000 26.666667
v -0.700000 50.794809 26.534327
v 0.700000 50.794809 26.534327
v -1.400000 53.464102 13.333333
v 1.400000 53.464102 13.333333
v 0.700000 52.258910 13.200994
v -1.400000 52.000000 26.666667
v 0.700000 50.794809 26.534327
v 1.400000 52.000000 26.666667
v -1.400000 53.464102 13.333333
v 0.700000 54.669293 13.465673
v 1.400000 53.464102 13.333333
v -1.400000 52.000000 26.666667
v 1.400000 52.000000 26.666667
v 0.700000 53.205191 26.799006
v -1.400000 53.464102 13.333333
v -0.700000 54.669293 13.465673
v 0.700000 54.669293 13.465673
v -1.400000 52.000000 26.666667
v 0.700000 53.205191 26.799006
v -0.700000 53.205191 26.799006
v -0.700000 48.800978 39.820147
v -1.400000 50.000000 40.000000
v -1.400000 52.000000 26.666667
v -0.700000 50.800978 26.486813
v -0.700000 48.800978 39.820147
v -1.400000 52.000000 26.666667
v 0.700000 48.800978 39.820147
v -0.700000 48.800978 39.820147
v -0.700000 50.800978 26.486813
v 0.700000 50.800978 26.486813
v 0.700000 48.800978 39.820147
v -0.700000 50.800978 26.486813
v 1.400000 50.000000 40.000000
v 0.700000 48.800978 39.820147
v 0.700000 50.800978 26.486813
v 1.400000 52.000000 26.666667
v 1.400000 50.000000 40.000000
v 0.700000 50.800978 26.486813
v 0.700000 51.199022 40.179853
v 1.400000 50.000000 40.000000
v 1.400000 52.000000 26.666667
v 0.700000 53.199022 26.846520
v 0.700000 51.199022 40.179853
v 1.400000 52.000000 26.666667
v -0.700000 51.199022 40.179853
v 0.700000 51.199022 40.179853
v 0.700000 53.199022 26.846520
v -0.700000 53.199022 26.846520
v -0.700000 51.199022 40.179853
v 0.700000 53.199022 26.846520
v -1.400000 50.000000 40.000000
v -0.700000 51.199022 40.179853
v -0.700000 53.199022 26.846520
v -1.400000 52.000000 26.666667
v -1.400000 50.000000 40.000000
v -0.700000 53.199022 26.846520
v -1.400000 52.000000 26.666667
v 0.700000 50.800978 26.486813
v -0.700000 50.800978 26.486813
v -1.400000 50.000000 40.000000
v -0.700000 48.800978 39.820147
v 0.700000 48.800978 39.820147
v -1.400000 52.000000 26.666667
v 1.400000 52.000000 26.666667
v 0.700000 50.800978 26.486813
v -1.400000 50.000000 40.000000
v 0.700000 48.800978 39.820147
v 1.400000 50.000000 40.000000
v -1.400000 52.000000 26.666667
v 0.700000 53.199022 26.846520
v 1.400000 52.000000 26.666667
v -1.400000 50.000000 40.000000
v 1.400000 50.000000 40.000000
v 0.700000 51.199022 40.179853
v -1.400000 52.000000 26.666667
v -0.700000 53.199022 26.846520
v 0.700000 53.199022 26.846520
v -1.400000 50.000000 40.000000
v 0.700000 51.199022 40.179853
v -0.700000 51.199022 40.179853
v 46.811846 46.309433 -20.362329
v 46.101623 47.500000 -20.557608
v 45.601623 45.500000 -30.932608
v 46.311846 44.309433 -30.737329
v 46.811846 46.309433 -20.362329
v 45.601623 45.500000 -30.932608
v 48.210223 46.309433 -20.429721
v 46.811846 46.309433 -20.362329
v 46.311846 44.309433 -30.737329
v 47.710223 44.309433 -30.804721
v 48.210223 46.309433 -20.429721
v 46.311846 44.309433 -30.737329
v 48.898377 47.500000 -20.692392
v 48.210223 46.309433 -20.429721
v 47.710223 44.309433 -30.804721
v 48.398377 45.500000 -31.067392
v 48.898377 47.500000 -20.692392
v 47.710223 44.309433 -30.804721
v 48.188154 48.690567 -20.887671
v 48.898377 47.500000 -20.692392
v 48.398377 45.500000 -31.067392
v 47.688154 46.690567 -31.262671
v 48.188154 48.690567 -20.887671
v 48.398377 45.500000 -31.067392
v 46.789777 48.690567 -20.820279
v 48.188154 48.690567 -20.887671
v 47.688154 46.690567 -31.262671
v 46.289777 46.690567 -31.195279
v 46.789777 48.690567 -20.820279
v 47.688154 46.690567 -31.262671
v 46.101623 47.500000 -20.557608
v 46.789777 48.690567 -20.820279
v 46.289777 46.690567 -31.195279
v 45.601623 45.500000 -30.932608
v 46.101623 47.500000 -20.557608
v 46.289777 46.690567 -31.195279
v 45.601623 45.500000 -30.932608
v 47.710223 44.309433 -30.804721
v 46.311846 44.309433 -30.737329
v 46.101623 47.500000 -20.557608
v 46.811846 46.309433 -20.362329
v 48.210223 46.309433 -20.429721
v 45.601623 45.500000 -30.932608
v 48.398377 45.500000 -31.067392
v 47.710223 44.309433 -30.804721
v 46.101623 47.500000 -20.557608
v 48.210223 46.309433 -20.429721
v 48.898377 47.500000 -20.692392
v 45.601623 45.500000 -30.932608
v 47.688154 46.690567 -31.262671
v 48.398377 45.500000 -31.067392
v 46.101623 47.500000 -20.557608
v 48.898377 47.500000 -20.692392
v 48.188154 48.690567 -20.887671
v 45.601623 45.500000 -30.932608
v 46.289777 46.690567 -31.195279
v 47.688154 46.690567 -31.262671
v 46.101623 47.500000 -20.557608
v 48.188154 48.690567 -20.887671
v 46.789777 48.690567 -20.820279
v 47.308957 47.763534 -10.047275
v 46.601623 48.964102 -10.182608
v 46.101623 47.500000 -20.557608
v 46.808957 46.299432 -20.422275
v 47.308957 47.763534 -10.047275
v 46.101623 47.500000 -20.557608
v 48.707335 47.763534 -10.114666
v 47.308957 47.763534 -10.047275
v 46.808957 46.299432 -20.422275
v 48.207335 46.299432 -20.489666
v 48.707335 47.763534 -10.114666
v 46.808957 46.299432 -20.422275
v 49.398377 48.964102 -10.317392
v 48.707335 47.763534 -10.114666
v 48.207335 46.299432 -20.489666
v 48.898377 47.500000 -20.692392
v 49.398377 48.964102 -10.317392
v 48.207335 46.299432 -20.489666
v 48.691043 50.164669 -10.452725
v 49.398377 48.964102 -10.317392
v 48.898377 47.500000 -20.692392
v 48.191043 48.700568 -20.827725
v 48.691043 50.164669 -10.452725
v 48.898377 47.500000 -20.692392
v 47.292665 50.164669 -10.385334
v 48.691043 50.164669 -10.452725
v 48.191043 48.700568 -20.827725
v 46.792665 48.700568 -20.760334
v 47.292665 50.164669 -10.385334
v 48.191043 48.700568 -20.827725
v 46.601623 48.964102 -10.182608
v 47.292665 50.164669 -10.385334
v 46.792665 48.700568 -20.760334
v 46.101623 47.500000 -20.557608
v 46.601623 48.964102 -10.182608
v 46.792665 48.700568 -20.760334
v 46.101623 47.500000 -20.557608
v 48.207335 46.299432 -20.489666
v 46.808957 46.299432 -20.422275
v 46.601623 48.964102 -10.182608
v 47.308957 47.763534 -10.047275
v 48.707335 47.763534 -10.114666
v 46.101623 47.500000 -20.557608
v 48.898377 47.500000 -20.692392
v 48.207335 46.299432 -20.489666
v 46.601623 48.964102 -10.182608
v 48.707335 47.763534 -10.114666
v 49.398377 48.964102 -10.317392
v 46.101623 47.500000 -20.557608
v 48.191043 48.700568 -20.827725
v 48.898377 47.500000 -20.692392
v 46.601623 48.964102 -10.182608
v 49.398377 48.964102 -10.317392
v 48.691043 50.164669 -10.452725
v 46.101623 47.500000 -20.557608
v 46.792665 48.700568 -20.760334
v 48.191043 48.700568 -20.827725
v 46.601623 48.964102 -10.182608
v 48.691043 50.164669 -10.452725
v 47.292665 50.164669 -10.385334
v 47.803819 48.289175 0.221093
v 47.101623 49.500000 0.192392
v 46.601623 48.964102 -10.182608
v 47.303819 47.753276 -10.153907
v 47.803819 48.289175 0.221093
v 46.601623 48.964102 -10.182608
v 49.202196 48.289175 0.153702
v 47.803819 48.289175 0.221093
v 47.303819 47.753276 -10.153907
v 48.702196 47.753276 -10.221298
v 49.202196 48.289175 0.153702
v 47.303819 47.753276 -10.153907
v 49.898377 49.500000 0.057608
v 49.202196 48.289175 0.153702
v 48.702196 47.753276 -10.221298
v 49.398377 48.964102 -10.317392
v 49.898377 49.500000 0.057608
v 48.702196 47.753276 -10.221298
v 49.196181 50.710825 0.028907
v 49.898377 49.500000 0.057608
v 49.398377 48.964102 -10.317392
v 48.696181 50.174927 -10.346093
v 49.196181 50.710825 0.028907
v 49.398377 48.964102 -10.317392
v 47.797804 50.710825 0.096298
v 49.196181 50.710825 0.028907
v 48.696181 50.174927 -10.346093
v 47.297804 50.174927 -10.278702
v 47.797804 50.710825 0.096298
v 48.696181 50.174927 -10.346093
v 47.101623 49.500000 0.192392
v 47.797804 50.710825 0.096298
v 47.297804 50.174927 -10.278702
v 46.601623 48.964102 -10.182608
v 47.101623 49.500000 0.192392
v 47.297804 50.174927 -10.278702
v 46.601623 48.964102 -10.182608
v 48.702196 47.753276 -10.221298
v 47.303819 47.753276 -10.153907
v 47.101623 49.500000 0.192392
v 47.803819 48.289175 0.221093
v 49.202196 48.289175 0.153702
v 46.601623 48.964102 -10.182608
v 49.398377 48.964102 -10.317392
v 48.702196 47.753276 -10.221298
v 47.101623 49.500000 0.192392
v 49.202196 48.289175 0.153702
v 49.898377 49.500000 0.057608
v 46.601623 48.964102 -10.182608
v 48.696181 50.174927 -10.346093
v 49.398377 48.964102 -10.317392
v 47.101623 49.500000 0.192392
v 49.898377 49.500000 0.057608
v 49.196181 50.710825 0.028907
v 46.601623 48.964102 -10.182608
v 47.297804 50.174927 -10.278702
v 48.696181 50.174927 -10.346093
v 47.101623 49.500000 0.192392
v 49.196181 50.710825 0.028907
v 47.797804 50.710825 0.096298
v 48.297804 47.753276 10.471298
v 47.601623 48.964102 10.567392
v 47.101623 49.500000 0.192392
v 47.797804 48.289175 0.096298
v 48.297804 47.753276 10.471298
v 47.101623 49.500000 0.192392
v 49.696181 47.753276 10.403907
v 48.297804 47.753276 10.471298
v 47.797804 48.289175 0.096298
v 49.196181 48.289175 0.028907
v 49.696181 47.753276 10.403907
v 47.797804 48.289175 0.096298
v 50.398377 48.964102 10.432608
v 49.696181 47.753276 10.403907
v 49.196181 48.289175 0.028907
v 49.898377 49.500000 0.057608
v 50.398377 48.964102 10.432608
v 49.196181 48.289175 0.028907
v 49.702196 50.174927 10.528702
v 50.398377 48.964102 10.432608
v 49.898377 49.500000 0.057608
v 49.202196 50.710825 0.153702
v 49.702196 50.174927 10.528702
v 49.898377 49.500000 0.057608
v 48.303819 50.174927 10.596093
v 49.702196 50.174927 10.528702
v 49.202196 50.710825 0.153702
v 47.803819 50.710825 0.221093
v 48.303819 50.174927 10.596093
v 49.202196 50.710825 0.153702
v 47.601623 48.964102 10.567392
v 48.303819 50.174927 10.596093
v 47.803819 50.710825 0.221093
v 47.101623 49.500000 0.192392
v 47.601623 48.964102 10.567392
v 47.803819 50.710825 0.221093
v 47.101623 49.500000 0.192392
v 49.196181 48.289175 0.028907
v 47.797804 48.289175 0.096298
v 47.601623 48.964102 10.567392
v 48.297804 47.753276 10.471298
v 49.696181 47.753276 10.403907
v 47.101623 49.500000 0.192392
v 49.898377 49.500000 0.057608
v 49.196181 48.289175 0.028907
v 47.601623 48.964102 10.567392
v 49.696181 47.753276 10.403907
v 50.398377 48.964102 10.432608
v 47.101623 49.500000 0.192392
v 49.202196 50.710825 0.153702
v 49.898377 49.500000 0.057608
v 47.601623 48.964102 10.567392
v 50.398377 48.964102 10.432608
v 49.702196 50.174927 10.528702
v 47.101623 49.500000 0.192392
v 47.803819 50.710825 0.221093
v 49.202196 50.710825 0.153702
v 47.601623 48.964102 10.567392
v 49.702196 50.174927 10.528702
v 48.303819 50.174927 10.596093
v 48.792665 46.299432 20.739666
v 48.101623 47.500000 20.942392
v 47.601623 48.964102 10.567392
v 48.292665 47.763534 10.364666
v 48.792665 46.299432 20.739666
v 47.601623 48.964102 10.567392
v 50.191043 46.299432 20.672275
v 48.792665 46.299432 20.739666
v 48.292665 47.763534 10.364666
v 49.691043 47.763534 10.297275
v 50.191043 46.299432 20.672275
v 48.292665 47.763534 10.364666
v 50.898377 47.500000 20.807608
v 50.191043 46.299432 20.672275
v 49.691043 47.763534 10.297275
v 50.398377 48.964102 10.432608
v 50.898377 47.500000 20.807608
v 49.691043 47.763534 10.297275
v 50.207335 48.700568 21.010334
v 50.898377 47.500000 20.807608
v 50.398377 48.964102 10.432608
v 49.707335 50.164669 10.635334
v 50.207335 48.700568 21.010334
v 50.398377 48.964102 10.432608
v 48.808957 48.700568 21.077725
v 50.207335 48.700568 21.010334
v 49.707335 50.164669 10.635334
v 48.308957 50.164669 10.702725
v 48.808957 48.700568 21.077725
v 49.707335 50.164669 10.635334
v 48.101623 47.500000 20.942392
v 48.808957 48.700568 21.077725
v 48.308957 50.164669 10.702725
v 47.601623 48.964102 10.567392
v 48.101623 47.500000 20.942392
v 48.308957 50.164669 10.702725
v 47.601623 48.964102 10.567392
v 49.691043 47.763534 10.297275
v 48.292665 47.763534 10.364666
v 48.101623 47.500000 20.942392
v 48.792665 46.299432 20.739666
v 50.191043 46.299432 20.672275
v 47.601623 48.964102 10.567392
v 50.398377 48.964102 10.432608
v 49.691043 47.763534 10.297275
v 48.101623 47.500000 20.942392
v 50.191043 46.299432 20.672275
v 50.898377 47.500000 20.807608
v 47.601623 48.964102 10.567392
v 49.707335 50.164669 10.635334
v 50.398377 48.964102 10.432608
v 48.101623 47.500000 20.942392
v 50.898377 47.500000 20.807608
v 50.207335 48.700568 21.010334
v 47.601623 48.964102 10.567392
v 48.308957 50.164669 10.702725
v 49.707335 50.164669 10.635334
v 48.101623 47.500000 20.942392
v 50.207335 48.700568 21.010334
v 48.808957 48.700568 21.077725
v 49.289777 44.309433 31.054721
v 48.601623 45.500000 31.317392
v 48.101623 47.500000 20.942392
v 48.789777 46.309433 20.679721
v 49.289777 44.309433 31.054721
v 48.101623 47.500000 20.942392
v 50.688154 44.309433 30.987329
v 49.289777 44.309433 31.054721
v 48.789777 46.309433 20.679721
v 50.188154 46.309433 20.612329
v 50.688154 44.309433 30.987329
v 48.789777 46.309433 20.679721
v 51.398377 45.500000 31.182608
v 50.688154 44.309433 30.987329
v 50.188154 46.309433 20.612329
v 50.898377 47.500000 20.807608
v 51.398377 45.500000 31.182608
v 50.188154 46.309433 20.612329
v 50.710223 46.690567 31.445279
v 51.398377 45.500000 31.182608
v 50.898377 47.500000 20.807608
v 50.210223 48.690567 21.070279
v 50.710223 46.690567 31.445279
v 50.898377 47.500000 20.807608
v 49.311846 46.690567 31.512671
v 50.710223 46.690567 31.445279
v 50.210223 48.690567 21.070279
v 48.811846 48.690567 21.137671
v 49.311846 46.690567 31.512671
v 50.210223 48.690567 21.070279
v 48.601623 45.500000 31.317392
v 49.311846 46.690567 31.512671
v 48.811846 48.690567 21.137671
v 48.101623 47.500000 20.942392
v 48.601623 45.500000 31.317392
v 48.811846 48.690567 21.137671
v 48.101623 47.500000 20.942392
v 50.188154 46.309433 20.612329
v 48.789777 46.309433 20.679721
v 48.601623 45.500000 31.317392
v 49.289777 44.309433 31.054721
v 50.688154 44.309433 30.987329
v 48.101623 47.500000 20.942392
v 50.898377 47.500000 20.807608
v 50.188154 46.309433 20.612329
v 48.601623 45.500000 31.317392
v 50.688154 44.309433 30.987329
v 51.398377 45.500000 31.182608
v 48.101623 47.500000 20.942392
v 50.210223 48.690567 21.070279
v 50.898377 47.500000 20.807608
v 48.601623 45.500000 31.317392
v 51.398377 45.500000 31.182608
v 50.710223 46.690567 31.445279
v 48.101623 47.500000 20.942392
v 48.811846 48.690567 21.137671
v 50.210223 48.690567 21.070279
v 48.601623 45.500000 31.317392
v 50.710223 46.690567 31.445279
v 49.311846 46.690567 31.512671
v 94.917114 33.188233 -1.362387
v 93.835130 34.000000 -1.723420
v 92.835130 32.000000 -3.223420
v 93.917114 31.188233 -2.862387
v 94.917114 33.188233 -1.362387
v 92.835130 32.000000 -3.223420
v 96.081984 33.188233 -2.138967
v 94.917114 33.188233 -1.362387
v 93.917114 31.188233 -2.862387
v 95.081984 31.188233 -3.638967
v 96.081984 33.188233 -2.138967
v 93.917114 31.188233 -2.862387
v 96.164870 34.000000 -3.276580
v 96.081984 33.188233 -2.138967
v 95.081984 31.188233 -3.638967
v 95.164870 32.000000 -4.776580
v 96.164870 34.000000 -3.276580
v 95.081984 31.188233 -3.638967
v 95.082886 34.811767 -3.637613
v 96.164870 34.000000 -3.276580
v 95.164870 32.000000 -4.776580
v 94.082886 32.811767 -5.137613
v 95.082886 34.811767 -3.637613
v 95.164870 32.000000 -4.776580
v 93.918016 34.811767 -2.861033
v 95.082886 34.811767 -3.637613
v 94.082886 32.811767 -5.137613
v 92.918016 32.811767 -4.361033
v 93.918016 34.811767 -2.861033
v 94.082886 32.811767 -5.137613
v 93.835130 34.000000 -1.723420
v 93.918016 34.811767 -2.861033
v 92.918016 32.811767 -4.361033
v 92.835130 32.000000 -3.223420
v 93.835130 34.000000 -1.723420
v 92.918016 32.811767 -4.361033
v 92.835130 32.000000 -3.223420
v 95.081984 31.188233 -3.638967
v 93.917114 31.188233 -2.862387
v 93.835130 34.000000 -1.723420
v 94.917114 33.188233 -1.362387
v 96.081984 33.188233 -2.138967
v 92.835130 32.000000 -3.223420
v 95.164870 32.000000 -4.776580
v 95.081984 31.188233 -3.638967
v 93.835130 34.000000 -1.723420
v 96.081984 33.188233 -2.138967
v 96.164870 34.000000 -3.276580
v 92.835130 32.000000 -3.223420
v 94.082886 32.811767 -5.137613
v 95.164870 32.000000 -4.776580
v 93.835130 34.000000 -1.723420
v 96.164870 34.000000 -3.276580
v 95.082886 34.811767 -3.637613
v 92.835130 32.000000 -3.223420
v 92.918016 32.811767 -4.361033
v 94.082886 32.811767 -5.137613
v 93.835130 34.000000 -1.723420
v 95.082886 34.811767 -3.637613
v 93.918016 34.811767 -2.861033
v 95.841548 34.522946 0.024266
v 94.835130 35.464102 -0.223420
v 93.835130 34.000000 -1.723420
v 94.841548 33.058845 -1.475734
v 95.841548 34.522946 0.024266
v 93.835130 34.000000 -1.723420
v 97.006419 34.522946 -0.752315
v 95.841548 34.522946 0.024266
v 94.841548 33.058845 -1.475734
v 96.006419 33.058845 -2.252315
v 97.006419 34.522946 -0.752315
v 94.841548 33.058845 -1.475734
v 97.164870 35.464102 -1.776580
v 97.006419 34.522946 -0.752315
v 96.006419 33.058845 -2.252315
v 96.164870 34.000000 -3.276580
v 97.164870 35.464102 -1.776580
v 96.006419 33.058845 -2.252315
v 96.158452 36.405257 -2.024266
v 97.164870 35.464102 -1.776580
v 96.164870 34.000000 -3.276580
v 95.158452 34.941155 -3.524266
v 96.158452 36.405257 -2.024266
v 96.164870 34.000000 -3.276580
v 94.993581 36.405257 -1.247685
v 96.158452 36.405257 -2.024266
v 95.158452 34.941155 -3.524266
v 93.993581 34.941155 -2.747685
v 94.993581 36.405257 -1.247685
v 95.158452 34.941155 -3.524266
v 94.835130 35.464102 -0.223420
v 94.993581 36.405257 -1.247685
v 93.993581 34.941155 -2.747685
v 93.835130 34.000000 -1.723420
v 94.835130 35.464102 -0.223420
v 93.993581 34.941155 -2.747685
v 93.835130 34.000000 -1.723420
v 96.006419 33.058845 -2.252315
v 94.841548 33.058845 -1.475734
v 94.835130 35.464102 -0.223420
v 95.841548 34.522946 0.024266
v 97.006419 34.522946 -0.752315
v 93.835130 34.000000 -1.723420
v 96.164870 34.000000 -3.276580
v 96.006419 33.058845 -2.252315
v 94.835130 35.464102 -0.223420
v 97.006419 34.522946 -0.752315
v 97.164870 35.464102 -1.776580
v 93.835130 34.000000 -1.723420
v 95.158452 34.941155 -3.524266
v 96.164870 34.000000 -3.276580
v 94.835130 35.464102 -0.223420
v 97.164870 35.464102 -1.776580
v 96.158452 36.405257 -2.024266
v 93.835130 34.000000 -1.723420
v 93.993581 34.941155 -2.747685
v 95.158452 34.941155 -3.524266
v 94.835130 35.464102 -0.223420
v 96.158452 36.405257 -2.024266
v 94.993581 36.405257 -1.247685
v 96.609198 34.837826 1.175740
v 95.835130 36.000000 1.276580
v 94.835130 35.464102 -0.223420
v 95.609198 34.301927 -0.324260
v 96.609198 34.837826 1.175740
v 94.835130 35.464102 -0.223420
v 97.774068 34.837826 0.399159
v 96.609198 34.837826 1.175740
v 95.609198 34.301927 -0.324260
v 96.774068 34.301927 -1.100841
v 97.774068 34.837826 0.399159
v 95.609198 34.301927 -0.324260
v 98.164870 36.000000 -0.276580
v 97.774068 34.837826 0.399159
v 96.774068 34.301927 -1.100841
v 97.164870 35.464102 -1.776580
v 98.164870 36.000000 -0.276580
v 96.774068 34.301927 -1.100841
v 97.390802 37.162174 -0.175740
v 98.164870 36.000000 -0.276580
v 97.164870 35.464102 -1.776580
v 96.390802 36.626276 -1.675740
v 97.390802 37.162174 -0.175740
v 97.164870 35.464102 -1.776580
v 96.225932 37.162174 0.600841
v 97.390802 37.162174 -0.175740
v 96.390802 36.626276 -1.675740
v 95.225932 36.626276 -0.899159
v 96.225932 37.162174 0.600841
v 96.390802 36.626276 -1.675740
v 95.835130 36.000000 1.276580
v 96.225932 37.162174 0.600841
v 95.225932 36.626276 -0.899159
v 94.835130 35.464102 -0.223420
v 95.835130 36.000000 1.276580
v 95.225932 36.626276 -0.899159
v 94.835130 35.464102 -0.223420
v 96.774068 34.301927 -1.100841
v 95.609198 34.301927 -0.324260
v 95.835130 36.000000 1.276580
v 96.609198 34.837826 1.175740
v 97.774068 34.837826 0.399159
v 94.835130 35.464102 -0.223420
v 97.164870 35.464102 -1.776580
v 96.774068 34.301927 -1.100841
v 95.835130 36.000000 1.276580
v 97.774068 34.837826 0.399159
v 98.164870 36.000000 -0.276580
v 94.835130 35.464102 -0.223420
v 96.390802 36.626276 -1.675740
v 97.164870 35.464102 -1.776580
v 95.835130 36.000000 1.276580
v 98.164870 36.000000 -0.276580
v 97.390802 37.162174 -0.175740
v 94.835130 35.464102 -0.223420
v 95.225932 36.626276 -0.899159
v 96.390802 36.626276 -1.675740
v 95.835130 36.000000 1.276580
v 97.390802 37.162174 -0.175740
v 96.225932 37.162174 0.600841
v 97.225932 34.301927 2.100841
v 96.835130 35.464102 2.776580
v 95.835130 36.000000 1.276580
v 96.225932 34.837826 0.600841
v 97.225932 34.301927 2.100841
v 95.835130 36.000000 1.276580
v 98.390802 34.301927 1.324260
v 97.225932 34.301927 2.100841
v 96.225932 34.837826 0.600841
v 97.390802 34.837826 -0.175740
v 98.390802 34.301927 1.324260
v 96.225932 34.837826 0.600841
v 99.164870 35.464102 1.223420
v 98.390802 34.301927 1.324260
v 97.390802 34.837826 -0.175740
v 98.164870 36.000000 -0.276580
v 99.164870 35.464102 1.223420
v 97.390802 34.837826 -0.175740
v 98.774068 36.626276 1.899159
v 99.164870 35.464102 1.223420
v 98.164870 36.000000 -0.276580
v 97.774068 37.162174 0.399159
v 98.774068 36.626276 1.899159
v 98.164870 36.000000 -0.276580
v 97.609198 36.626276 2.675740
v 98.774068 36.626276 1.899159
v 97.774068 37.162174 0.399159
v 96.609198 37.162174 1.175740
v 97.609198 36.626276 2.675740
v 97.774068 37.162174 0.399159
v 96.835130 35.464102 2.776580
v 97.609198 36.626276 2.675740
v 96.609198 37.162174 1.175740
v 95.835130 36.000000 1.276580
v 96.835130 35.464102 2.776580
v 96.609198 37.162174 1.175740
v 95.835130 36.000000 1.276580
v 97.390802 34.837826 -0.175740
v 96.225932 34.837826 0.600841
v 96.835130 35.464102 2.776580
v 97.225932 34.301927 2.100841
v 98.390802 34.301927 1.324260
v 95.835130 36.000000 1.276580
v 98.164870 36.000000 -0.276580
v 97.390802 34.837826 -0.175740
v 96.835130 35.464102 2.776580
v 98.390802 34.301927 1.324260
v 99.164870 35.464102 1.223420
v 95.835130 36.000000 1.276580
v 97.774068 37.162174 0.399159
v 98.164870 36.000000 -0.276580
v 96.835130 35.464102 2.776580
v 99.164870 35.464102 1.223420
v 98.774068 36.626276 1.899159
v 95.835130 36.000000 1.276580
v 96.609198 37.162174 1.175740
v 97.774068 37.162174 0.399159
v 96.835130 35.464102 2.776580
v 98.774068 36.626276 1.899159
v 97.609198 36.626276 2.675740
v 97.993581 33.058845 3.252315
v 97.835130 34.000000 4.276580
v 96.835130 35.464102 2.776580
v 96.993581 34.522946 1.752315
v 97.993581 33.058845 3.252315
v 96.835130 35.464102 2.776580
v 99.158452 33.058845 2.475734
v 97.993581 33.058845 3.252315
v 96.993581 34.522946 1.752315
v 98.158452 34.522946 0.975734
v 99.158452 33.058845 2.475734
v 96.993581 34.522946 1.752315
v 100.164870 34.000000 2.723420
v 99.158452 33.058845 2.475734
v 98.158452 34.522946 0.975734
v 99.164870 35.464102 1.223420
v 100.164870 34.000000 2.723420
v 98.158452 34.522946 0.975734
v 100.006419 34.941155 3.747685
v 100.164870 34.000000 2.723420
v 99.164870 35.464102 1.223420
v 99.006419 36.405257 2.247685
v 100.006419 34.941155 3.747685
v 99.164870 35.464102 1.223420
v 98.841548 34.941155 4.524266
v 100.006419 34.941155 3.747685
v 99.006419 36.405257 2.247685
v 97.841548 36.405257 3.024266
v 98.841548 34.941155 4.524266
v 99.006419 36.405257 2.247685
v 97.835130 34.000000 4.276580
v 98.841548 34.941155 4.524266
v 97.841548 36.405257 3.024266
v 96.835130 35.464102 2.776580
v 97.835130 34.000000 4.276580
v 97.841548 36.405257 3.024266
v 96.835130 35.464102 2.776580
v 98.158452 34.522946 0.975734
v 96.993581 34.522946 1.752315
v 97.835130 34.000000 4.276580
v 97.993581 33.058845 3.252315
v 99.158452 33.058845 2.475734
v 96.835130 35.464102 2.776580
v 99.164870 35.464102 1.223420
v 98.158452 34.522946 0.975734
v 97.835130 34.000000 4.276580
v 99.158452 33.058845 2.475734
v 100.164870 34.000000 2.723420
v 96.835130 35.464102 2.776580
v 99.006419 36.405257 2.247685
v 99.164870 35.464102 1.223420
v 97.835130 34.000000 4.276580
v 100.164870 34.000000 2.723420
v 100.006419 34.941155 3.747685
v 96.835130 35.464102 2.776580
v 97.841548 36.405257 3.024266
v 99.006419 36.405257 2.247685
v 97.835130 34.000000 4.276580
v 100.006419 34.941155 3.747685
v 98.841548 34.941155 4.524266
v 98.918016 31.188233 4.638967
v 98.835130 32.000000 5.776580
v 97.835130 34.000000 4.276580
v 97.918016 33.188233 3.138967
v 98.918016 31.188233 4.638967
v 97.835130 34.000000 4.276580
v 100.082886 31.188233 3.862387
v 98.918016 31.188233 4.638967
v 97.918016 33.188233 3.138967
v 99.082886 33.188233 2.362387
v 100.082886 31.188233 3.862387
v 97.918016 33.188233 3.138967
v 101.164870 32.000000 4.223420
v 100.082886 31.188233 3.862387
v 99.082886 33.188233 2.362387
v 100.164870 34.000000 2.723420
v 101.164870 32.000000 4.223420
v 99.082886 33.188233 2.362387
v 101.081984 32.811767 5.361033
v 101.164870 32.000000 4.223420
v 100.164870 34.000000 2.723420
v 100.081984 34.811767 3.861033
v 101.081984 32.811767 5.361033
v 100.164870 34.000000 2.723420
v 99.917114 32.811767 6.137613
v 101.081984 32.811767 5.361033
v 100.081984 34.811767 3.861033
v 98.917114 34.811767 4.637613
v 99.917114 32.811767 6.137613
v 100.081984 34.811767 3.861033
v 98.835130 32.000000 5.776580
v 99.917114 32.811767 6.137613
v 98.917114 34.811767 4.637613
v 97.835130 34.000000 4.276580
v 98.835130 32.000000 5.776580
v 98.917114 34.811767 4.637613
v 97.835130 34.000000 4.276580
v 99.082886 33.188233 2.362387
v 97.918016 33.188233 3.138967
v 98.835130 32.000000 5.776580
v 98.918016 31.188233 4.638967
v 100.082886 31.188233 3.862387
v 97.835130 34.000000 4.276580
v 100.164870 34.000000 2.723420
v 99.082886 33.188233 2.362387
v 98.835130 32.000000 5.776580
v 100.082886 31.188233 3.862387
v 101.164870 32.000000 4.223420
v 97.835130 34.000000 4.276580
v 100.081984 34.811767 3.861033
v 100.164870 34.000000 2.723420
v 98.835130 32.000000 5.776580
v 101.164870 32.000000 4.223420
v 101.081984 32.811767 5.361033
v 97.835130 34.000000 4.276580
v 98.917114 34.811767 4.637613
v 100.081984 34.811767 3.861033
v 98.835130 32.000000 5.776580
v 101.081984 32.811767 5.361033
v 99.917114 32.811767 6.137613
v -81.778260 37.237678 -6.275711
v -81.973652 38.218750 -5.612899
v -93.723652 34.000000 -2.832254
v -93.528260 33.018928 -3.495065
v -81.778260 37.237678 -6.275711
v -93.723652 34.000000 -2.832254
v -82.054608 37.237678 -7.443458
v -81.778260 37.237678 -6.275711
v -93.528260 33.018928 -3.495065
v -93.804608 33.018928 -4.662812
v -82.054608 37.237678 -7.443458
v -93.528260 33.018928 -3.495065
v -82.526348 38.218750 -7.948392
v -82.054608 37.237678 -7.443458
v -93.804608 33.018928 -4.662812
v -94.276348 34.000000 -5.167746
v -82.526348 38.218750 -7.948392
v -93.804608 33.018928 -4.662812
v -82.721740 39.199822 -7.285580
v -82.526348 38.218750 -7.948392
v -94.276348 34.000000 -5.167746
v -94.471740 34.981072 -4.504935
v -82.721740 39.199822 -7.285580
v -94.276348 34.000000 -5.167746
v -82.445392 39.199822 -6.117834
v -82.721740 39.199822 -7.285580
v -94.471740 34.981072 -4.504935
v -94.195392 34.981072 -3.337188
v -82.445392 39.199822 -6.117834
v -94.471740 34.981072 -4.504935
v -81.973652 38.218750 -5.612899
v -82.445392 39.199822 -6.117834
v -94.195392 34.981072 -3.337188
v -93.723652 34.000000 -2.832254
v -81.973652 38.218750 -5.612899
v -94.195392 34.981072 -3.337188
v -93.723652 34.000000 -2.832254
v -93.804608 33.018928 -4.662812
v -93.528260 33.018928 -3.495065
v -81.973652 38.218750 -5.612899
v -81.778260 37.237678 -6.275711
v -82.054608 37.237678 -7.443458
v -93.723652 34.000000 -2.832254
v -94.276348 34.000000 -5.167746
v -93.804608 33.018928 -4.662812
v -81.973652 38.218750 -5.612899
v -82.054608 37.237678 -7.443458
v -82.526348 38.218750 -7.948392
v -93.723652 34.000000 -2.832254
v -94.471740 34.981072 -4.504935
v -94.276348 34.000000 -5.167746
v -81.973652 38.218750 -5.612899
v -82.526348 38.218750 -7.948392
v -82.721740 39.199822 -7.285580
v -93.723652 34.000000 -2.832254
v -94.195392 34.981072 -3.337188
v -94.471740 34.981072 -4.504935
v -81.973652 38.218750 -5.612899
v -82.721740 39.199822 -7.285580
v -82.445392 39.199822 -6.117834
v -70.002591 40.875987 -11.308913
v -70.032576 41.875000 -10.644779
v -81.782576 38.218750 -5.675424
v -81.752591 37.219737 -6.339559
v -70.002591 40.875987 -11.308913
v -81.782576 38.218750 -5.675424
v -70.470015 40.875987 -12.414134
v -70.002591 40.875987 -11.308913
v -81.752591 37.219737 -6.339559
v -82.220015 37.219737 -7.444780
v -70.470015 40.875987 -12.414134
v -81.752591 37.219737 -6.339559
v -70.967424 41.875000 -12.855221
v -70.470015 40.875987 -12.414134
v -82.220015 37.219737 -7.444780
v -82.717424 38.218750 -7.885867
v -70.967424 41.875000 -12.855221
v -82.220015 37.219737 -7.444780
v -70.997409 42.874013 -12.191087
v -70.967424 41.875000 -12.855221
v -82.717424 38.218750 -7.885867
v -82.747409 39.217763 -7.221733
v -70.997409 42.874013 -12.191087
v -82.717424 38.218750 -7.885867
v -70.529985 42.874013 -11.085866
v -70.997409 42.874013 -12.191087
v -82.747409 39.217763 -7.221733
v -82.279985 39.217763 -6.116511
v -70.529985 42.874013 -11.085866
v -82.747409 39.217763 -7.221733
v -70.032576 41.875000 -10.644779
v -70.529985 42.874013 -11.085866
v -82.279985 39.217763 -6.116511
v -81.782576 38.218750 -5.675424
v -70.032576 41.875000 -10.644779
v -82.279985 39.217763 -6.116511
v -81.782576 38.218750 -5.675424
v -82.220015 37.219737 -7.444780
v -81.752591 37.219737 -6.339559
v -70.032576 41.875000 -10.644779
v -70.002591 40.875987 -11.308913
v -70.470015 40.875987 -12.414134
v -81.782576 38.218750 -5.675424
v -82.717424 38.218750 -7.885867
v -82.220015 37.219737 -7.444780
v -70.032576 41.875000 -10.644779
v -70.470015 40.875987 -12.414134
v -70.967424 41.875000 -12.855221
v -81.782576 38.218750 -5.675424
v -82.747409 39.217763 -7.221733
v -82.717424 38.218750 -7.885867
v -70.032576 41.875000 -10.644779
v -70.967424 41.875000 -12.855221
v -70.997409 42.874013 -12.191087
v -81.782576 38.218750 -5.675424
v -82.279985 39.217763 -6.116511
v -82.747409 39.217763 -7.221733
v -70.032576 41.875000 -10.644779
v -70.997409 42.874013 -12.191087
v -70.529985 42.874013 -11.085866
v -58.222249 43.952335 -19.922345
v -58.044995 44.968750 -19.309581
v -69.794995 41.875000 -10.778935
v -69.972249 40.858585 -11.391700
v -58.222249 43.952335 -19.922345
v -69.794995 41.875000 -10.778935
v -58.927255 43.952335 -20.893410
v -58.222249 43.952335 -19.922345
v -69.972249 40.858585 -11.391700
v -70.677255 40.858585 -12.362765
v -58.927255 43.952335 -20.893410
v -69.972249 40.858585 -11.391700
v -59.455005 44.968750 -21.251711
v -58.927255 43.952335 -20.893410
v -70.677255 40.858585 -12.362765
v -71.205005 41.875000 -12.721065
v -59.455005 44.968750 -21.251711
v -70.677255 40.858585 -12.362765
v -59.277751 45.985165 -20.638946
v -59.455005 44.968750 -21.251711
v -71.205005 41.875000 -12.721065
v -71.027751 42.891415 -12.108300
v -59.277751 45.985165 -20.638946
v -71.205005 41.875000 -12.721065
v -58.572745 45.985165 -19.667881
v -59.277751 45.985165 -20.638946
v -71.027751 42.891415 -12.108300
v -70.322745 42.891415 -11.137235
v -58.572745 45.985165 -19.667881
v -71.027751 42.891415 -12.108300
v -58.044995 44.968750 -19.309581
v -58.572745 45.985165 -19.667881
v -70.322745 42.891415 -11.137235
v -69.794995 41.875000 -10.778935
v -58.044995 44.968750 -19.309581
v -70.322745 42.891415 -11.137235
v -69.794995 41.875000 -10.778935
v -70.677255 40.858585 -12.362765
v -69.972249 40.858585 -11.391700
v -58.044995 44.968750 -19.309581
v -58.222249 43.952335 -19.922345
v -58.927255 43.952335 -20.893410
v -69.794995 41.875000 -10.778935
v -71.205005 41.875000 -12.721065
v -70.677255 40.858585 -12.362765
v -58.044995 44.968750 -19.309581
v -58.927255 43.952335 -20.893410
v -59.455005 44.968750 -21.251711
v -69.794995 41.875000 -10.778935
v -71.027751 42.891415 -12.108300
v -71.205005 41.875000 -12.721065
v -58.044995 44.968750 -19.309581
v -59.455005 44.968750 -21.251711
v -59.277751 45.985165 -20.638946
v -69.794995 41.875000 -10.778935
v -70.322745 42.891415 -11.137235
v -71.027751 42.891415 -12.108300
v -58.044995 44.968750 -19.309581
v -59.277751 45.985165 -20.638946
v -58.572745 45.985165 -19.667881
v -46.474954 46.473686 -30.666824
v -46.191243 47.500000 -30.113483
v -57.941243 44.968750 -19.394129
v -58.224954 43.942436 -19.947470
v -46.474954 46.473686 -30.666824
v -57.941243 44.968750 -19.394129
v -47.283711 46.473686 -31.553342
v -46.474954 46.473686 -30.666824
v -58.224954 43.942436 -19.947470
v -59.033711 43.942436 -20.833987
v -47.283711 46.473686 -31.553342
v -58.224954 43.942436 -19.947470
v -47.808757 47.500000 -31.886517
v -47.283711 46.473686 -31.553342
v -59.033711 43.942436 -20.833987
v -59.558757 44.968750 -21.167163
v -47.808757 47.500000 -31.886517
v -59.033711 43.942436 -20.833987
v -47.525046 48.526314 -31.333176
v -47.808757 47.500000 -31.886517
v -59.558757 44.968750 -21.167163
v -59.275046 45.995064 -20.613821
v -47.525046 48.526314 -31.333176
v -59.558757 44.968750 -21.167163
v -46.716289 48.526314 -30.446658
v -47.525046 48.526314 -31.333176
v -59.275046 45.995064 -20.613821
v -58.466289 45.995064 -19.727304
v -46.716289 48.526314 -30.446658
v -59.275046 45.995064 -20.613821
v -46.191243 47.500000 -30.113483
v -46.716289 48.526314 -30.446658
v -58.466289 45.995064 -19.727304
v -57.941243 44.968750 -19.394129
v -46.191243 47.500000 -30.113483
v -58.466289 45.995064 -19.727304
v -57.941243 44.968750 -19.394129
v -59.033711 43.942436 -20.833987
v -58.224954 43.942436 -19.947470
v -46.191243 47.500000 -30.113483
v -46.474954 46.473686 -30.666824
v -47.283711 46.473686 -31.553342
v -57.941243 44.968750 -19.394129
v -59.558757 44.968750 -21.167163
v -59.033711 43.942436 -20.833987
v -46.191243 47.500000 -30.113483
v -47.283711 46.473686 -31.553342
v -47.808757 47.500000 -31.886517
v -57.941243 44.968750 -19.394129
v -59.275046 45.995064 -20.613821
v -59.558757 44.968750 -21.167163
v -46.191243 47.500000 -30.113483
v -47.808757 47.500000 -31.886517
v -47.525046 48.526314 -31.333176
v -57.941243 44.968750 -19.394129
v -58.466289 45.995064 -19.727304
v -59.275046 45.995064 -20.613821
v -46.191243 47.500000 -30.113483
v -47.525046 48.526314 -31.333176
v -46.716289 48.526314 -30.446658
v -35.168691 48.443514 -28.662358
v -35.423743 49.468750 -28.093290
v -47.173743 47.500000 -29.812644
v -46.918691 46.474764 -30.381713
v -35.168691 48.443514 -28.662358
v -47.173743 47.500000 -29.812644
v -34.994948 48.443514 -29.849714
v -35.168691 48.443514 -28.662358
v -46.918691 46.474764 -30.381713
v -46.744948 46.474764 -31.569068
v -34.994948 48.443514 -29.849714
v -46.918691 46.474764 -30.381713
v -35.076257 49.468750 -30.468001
v -34.994948 48.443514 -29.849714
v -46.744948 46.474764 -31.569068
v -46.826257 47.500000 -32.187356
v -35.076257 49.468750 -30.468001
v -46.744948 46.474764 -31.569068
v -35.331309 50.493986 -29.898933
v -35.076257 49.468750 -30.468001
v -46.826257 47.500000 -32.187356
v -47.081309 48.525236 -31.618287
v -35.331309 50.493986 -29.898933
v -46.826257 47.500000 -32.187356
v -35.505052 50.493986 -28.711577
v -35.331309 50.493986 -29.898933
v -47.081309 48.525236 -31.618287
v -47.255052 48.525236 -30.430932
v -35.505052 50.493986 -28.711577
v -47.081309 48.525236 -31.618287
v -35.423743 49.468750 -28.093290
v -35.505052 50.493986 -28.711577
v -47.255052 48.525236 -30.430932
v -47.173743 47.500000 -29.812644
v -35.423743 49.468750 -28.093290
v -47.255052 48.525236 -30.430932
v -47.173743 47.500000 -29.812644
v -46.744948 46.474764 -31.569068
v -46.918691 46.474764 -30.381713
v -35.423743 49.468750 -28.093290
v -35.168691 48.443514 -28.662358
v -34.994948 48.443514 -29.849714
v -47.173743 47.500000 -29.812644
v -46.826257 47.500000 -32.187356
v -46.744948 46.474764 -31.569068
v -35.423743 49.468750 -28.093290
v -34.994948 48.443514 -29.849714
v -35.076257 49.468750 -30.468001
v -47.173743 47.500000 -29.812644
v -47.081309 48.525236 -31.618287
v -46.826257 47.500000 -32.187356
v -35.423743 49.468750 -28.093290
v -35.076257 49.468750 -30.468001
v -35.331309 50.493986 -29.898933
v -47.173743 47.500000 -29.812644
v -47.255052 48.525236 -30.430932
v -47.081309 48.525236 -31.618287
v -35.423743 49.468750 -28.093290
v -35.331309 50.493986 -29.898933
v -35.505052 50.493986 -28.711577
v -23.352753 49.843122 -29.155403
v -23.452104 50.875000 -28.550956
v -35.202104 49.468750 -28.081602
v -35.102753 48.436872 -28.686049
v -23.352753 49.843122 -29.155403
v -35.202104 49.468750 -28.081602
v -23.400649 49.843122 -30.354447
v -23.352753 49.843122 -29.155403
v -35.102753 48.436872 -28.686049
v -35.150649 48.436872 -29.885093
v -23.400649 49.843122 -30.354447
v -35.102753 48.436872 -28.686049
v -23.547896 50.875000 -30.949044
v -23.400649 49.843122 -30.354447
v -35.150649 48.436872 -29.885093
v -35.297896 49.468750 -30.479690
v -23.547896 50.875000 -30.949044
v -35.150649 48.436872 -29.885093
v -23.647247 51.906878 -30.344597
v -23.547896 50.875000 -30.949044
v -35.297896 49.468750 -30.479690
v -35.397247 50.500628 -29.875242
v -23.647247 51.906878 -30.344597
v -35.297896 49.468750 -30.479690
v -23.599351 51.906878 -29.145553
v -23.647247 51.906878 -30.344597
v -35.397247 50.500628 -29.875242
v -35.349351 50.500628 -28.676199
v -23.599351 51.906878 -29.145553
v -35.397247 50.500628 -29.875242
v -23.452104 50.875000 -28.550956
v -23.599351 51.906878 -29.145553
v -35.349351 50.500628 -28.676199
v -35.202104 49.468750 -28.081602
v -23.452104 50.875000 -28.550956
v -35.349351 50.500628 -28.676199
v -35.202104 49.468750 -28.081602
v -35.150649 48.436872 -29.885093
v -35.102753 48.436872 -28.686049
v -23.452104 50.875000 -28.550956
v -23.352753 49.843122 -29.155403
v -23.400649 49.843122 -30.354447
v -35.202104 49.468750 -28.081602
v -35.297896 49.468750 -30.479690
v -35.150649 48.436872 -29.885093
v -23.452104 50.875000 -28.550956
v -23.400649 49.843122 -30.354447
v -23.547896 50.875000 -30.949044
v -35.202104 49.468750 -28.081602
v -35.397247 50.500628 -29.875242
v -35.297896 49.468750 -30.479690
v -23.452104 50.875000 -28.550956
v -23.547896 50.875000 -30.949044
v -23.647247 51.906878 -30.344597
v -35.202104 49.468750 -28.081602
v -35.349351 50.500628 -28.676199
v -35.397247 50.500628 -29.875242
v -23.452104 50.875000 -28.550956
v -23.647247 51.906878 -30.344597
v -23.599351 51.906878 -29.145553
v -11.488700 50.681909 -33.235960
v -11.360632 51.718750 -32.645572
v -23.110632 50.875000 -28.614926
v -23.238700 49.838159 -29.205314
v -11.488700 50.681909 -33.235960
v -23.110632 50.875000 -28.614926
v -11.878069 50.681909 -34.371034
v -11.488700 50.681909 -33.235960
v -23.238700 49.838159 -29.205314
v -23.628069 49.838159 -30.340388
v -11.878069 50.681909 -34.371034
v -23.238700 49.838159 -29.205314
v -12.139368 51.718750 -34.915719
v -11.878069 50.681909 -34.371034
v -23.628069 49.838159 -30.340388
v -23.889368 50.875000 -30.885074
v -12.139368 51.718750 -34.915719
v -23.628069 49.838159 -30.340388
v -12.011300 52.755591 -34.325331
v -12.139368 51.718750 -34.915719
v -23.889368 50.875000 -30.885074
v -23.761300 51.911841 -30.294686
v -12.011300 52.755591 -34.325331
v -23.889368 50.875000 -30.885074
v -11.621931 52.755591 -33.190258
v -12.011300 52.755591 -34.325331
v -23.761300 51.911841 -30.294686
v -23.371931 51.911841 -29.159612
v -11.621931 52.755591 -33.190258
v -23.761300 51.911841 -30.294686
v -11.360632 51.718750 -32.645572
v -11.621931 52.755591 -33.190258
v -23.371931 51.911841 -29.159612
v -23.110632 50.875000 -28.614926
v -11.360632 51.718750 -32.645572
v -23.371931 51.911841 -29.159612
v -23.110632 50.875000 -28.614926
v -23.628069 49.838159 -30.340388
v -23.238700 49.838159 -29.205314
v -11.360632 51.718750 -32.645572
v -11.488700 50.681909 -33.235960
v -11.878069 50.681909 -34.371034
v -23.110632 50.875000 -28.614926
v -23.889368 50.875000 -30.885074
v -23.628069 49.838159 -30.340388
v -11.360632 51.718750 -32.645572
v -11.878069 50.681909 -34.371034
v -12.139368 51.718750 -34.915719
v -23.110632 50.875000 -28.614926
v -23.761300 51.911841 -30.294686
v -23.889368 50.875000 -30.885074
v -11.360632 51.718750 -32.645572
v -12.139368 51.718750 -34.915719
v -12.011300 52.755591 -34.325331
v -23.110632 50.875000 -28.614926
v -23.371931 51.911841 -29.159612
v -23.761300 51.911841 -30.294686
v -11.360632 51.718750 -32.645572
v -12.011300 52.755591 -34.325331
v -11.621931 52.755591 -33.190258
v 0.300116 50.961002 -39.479987
v 0.561378 52.000000 -38.939408
v -11.188622 51.718750 -32.720054
v -11.449884 50.679752 -33.260633
v 0.300116 50.961002 -39.479987
v -11.188622 51.718750 -32.720054
v -0.261262 50.961002 -40.540579
v 0.300116 50.961002 -39.479987
v -11.449884 50.679752 -33.260633
v -12.011262 50.679752 -34.321224
v -0.261262 50.961002 -40.540579
v -11.449884 50.679752 -33.260633
v -0.561378 52.000000 -41.060592
v -0.261262 50.961002 -40.540579
v -12.011262 50.679752 -34.321224
v -12.311378 51.718750 -34.841237
v -0.561378 52.000000 -41.060592
v -12.011262 50.679752 -34.321224
v -0.300116 53.038998 -40.520013
v -0.561378 52.000000 -41.060592
v -12.311378 51.718750 -34.841237
v -12.050116 52.757748 -34.300659
v -0.300116 53.038998 -40.520013
v -12.311378 51.718750 -34.841237
v 0.261262 53.038998 -39.459421
v -0.300116 53.038998 -40.520013
v -12.050116 52.757748 -34.300659
v -11.488738 52.757748 -33.240067
v 0.261262 53.038998 -39.459421
v -12.050116 52.757748 -34.300659
v 0.561378 52.000000 -38.939408
v 0.261262 53.038998 -39.459421
v -11.488738 52.757748 -33.240067
v -11.188622 51.718750 -32.720054
v 0.561378 52.000000 -38.939408
v -11.488738 52.757748 -33.240067
v -11.188622 51.718750 -32.720054
v -12.011262 50.679752 -34.321224
v -11.449884 50.679752 -33.260633
v 0.561378 52.000000 -38.939408
v 0.300116 50.961002 -39.479987
v -0.261262 50.961002 -40.540579
v -11.188622 51.718750 -32.720054
v -12.311378 51.718750 -34.841237
v -12.011262 50.679752 -34.321224
v 0.561378 52.000000 -38.939408
v -0.261262 50.961002 -40.540579
v -0.561378 52.000000 -41.060592
v -11.188622 51.718750 -32.720054
v -12.050116 52.757748 -34.300659
v -12.311378 51.718750 -34.841237
v 0.561378 52.000000 -38.939408
v -0.561378 52.000000 -41.060592
v -0.300116 53.038998 -40.520013
v -11.188622 51.718750 -32.720054
v -11.488738 52.757748 -33.240067
v -12.050116 52.757748 -34.300659
v 0.561378 52.000000 -38.939408
v -0.300116 53.038998 -40.520013
v 0.261262 53.038998 -39.459421
v 11.449884 50.679752 -33.260633
v 11.188622 51.718750 -32.720054
v -0.561378 52.000000 -38.939408
v -0.300116 50.961002 -39.479987
v 11.449884 50.679752 -33.260633
v -0.561378 52.000000 -38.939408
v 12.011262 50.679752 -34.321224
v 11.449884 50.679752 -33.260633
v -0.300116 50.961002 -39.479987
v 0.261262 50.961002 -40.540579
v 12.011262 50.679752 -34.321224
v -0.300116 50.961002 -39.479987
v 12.311378 51.718750 -34.841237
v 12.011262 50.679752 -34.321224
v 0.261262 50.961002 -40.540579
v 0.561378 52.000000 -41.060592
v 12.311378 51.718750 -34.841237
v 0.261262 50.961002 -40.540579
v 12.050116 52.757748 -34.300659
v 12.311378 51.718750 -34.841237
v 0.561378 52.000000 -41.060592
v 0.300116 53.038998 -40.520013
v 12.050116 52.757748 -34.300659
v 0.561378 52.000000 -41.060592
v 11.488738 52.757748 -33.240067
v 12.050116 52.757748 -34.300659
v 0.300116 53.038998 -40.520013
v -0.261262 53.038998 -39.459421
v 11.488738 52.757748 -33.240067
v 0.300116 53.038998 -40.520013
v 11.188622 51.718750 -32.720054
v 11.488738 52.757748 -33.240067
v -0.261262 53.038998 -39.459421
v -0.561378 52.000000 -38.939408
v 11.188622 51.718750 -32.720054
v -0.261262 53.038998 -39.459421
v -0.561378 52.000000 -38.939408
v 0.261262 50.961002 -40.540579
v -0.300116 50.961002 -39.479987
v 11.188622 51.718750 -32.720054
v 11.449884 50.679752 -33.260633
v 12.011262 50.679752 -34.321224
v -0.561378 52.000000 -38.939408
v 0.561378 52.000000 -41.060592
v 0.261262 50.961002 -40.540579
v 11.188622 51.718750 -32.720054
v 12.011262 50.679752 -34.321224
v 12.311378 51.718750 -34.841237
v -0.561378 52.000000 -38.939408
v 0.300116 53.038998 -40.520013
v 0.561378 52.000000 -41.060592
v 11.188622 51.718750 -32.720054
v 12.311378 51.718750 -34.841237
v 12.050116 52.757748 -34.300659
v -0.561378 52.000000 -38.939408
v -0.261262 53.038998 -39.459421
v 0.300116 53.038998 -40.520013
v 11.188622 51.718750 -32.720054
v 12.050116 52.757748 -34.300659
v 11.488738 52.757748 -33.240067
v 23.238700 49.838159 -29.205314
v 23.110632 50.875000 -28.614926
v 11.360632 51.718750 -32.645572
v 11.488700 50.681909 -33.235960
v 23.238700 49.838159 -29.205314
v 11.360632 51.718750 -32.645572
v 23.628069 49.838159 -30.340388
v 23.238700 49.838159 -29.205314
v 11.488700 50.681909 -33.235960
v 11.878069 50.681909 -34.371034
v 23.628069 49.838159 -30.340388
v 11.488700 50.681909 -33.235960
v 23.889368 50.875000 -30.885074
v 23.628069 49.838159 -30.340388
v 11.878069 50.681909 -34.371034
v 12.139368 51.718750 -34.915719
v 23.889368 50.875000 -30.885074
v 11.878069 50.681909 -34.371034
v 23.761300 51.911841 -30.294686
v 23.889368 50.875000 -30.885074
v 12.139368 51.718750 -34.915719
v 12.011300 52.755591 -34.325331
v 23.761300 51.911841 -30.294686
v 12.139368 51.718750 -34.915719
v 23.371931 51.911841 -29.159612
v 23.761300 51.911841 -30.294686
v 12.011300 52.755591 -34.325331
v 11.621931 52.755591 -33.190258
v 23.371931 51.911841 -29.159612
v 12.011300 52.755591 -34.325331
v 23.110632 50.875000 -28.614926
v 23.371931 51.911841 -29.159612
v 11.621931 52.755591 -33.190258
v 11.360632 51.718750 -32.645572
v 23.110632 50.875000 -28.614926
v 11.621931 52.755591 -33.190258
v 11.360632 51.718750 -32.645572
v 11.878069 50.681909 -34.371034
v 11.488700 50.681909 -33.235960
v 23.110632 50.875000 -28.614926
v 23.238700 49.838159 -29.205314
v 23.628069 49.838159 -30.340388
v 11.360632 51.718750 -32.645572
v 12.139368 51.718750 -34.915719
v 11.878069 50.681909 -34.371034
v 23.110632 50.875000 -28.614926
v 23.628069 49.838159 -30.340388
v 23.889368 50.875000 -30.885074
v 11.360632 51.718750 -32.645572
v 12.011300 52.755591 -34.325331
v 12.139368 51.718750 -34.915719
v 23.110632 50.875000 -28.614926
v 23.889368 50.875000 -30.885074
v 23.761300 51.911841 -30.294686
v 11.360632 51.718750 -32.645572
v 11.621931 52.755591 -33.190258
v 12.011300 52.755591 -34.325331
v 23.110632 50.875000 -28.614926
v 23.761300 51.911841 -30.294686
v 23.371931 51.911841 -29.159612
v 35.102753 48.436872 -28.686049
v 35.202104 49.468750 -28.081602
v 23.452104 50.875000 -28.550956
v 23.352753 49.843122 -29.155403
v 35.102753 48.436872 -28.686049
v 23.452104 50.875000 -28.550956
v 35.150649 48.436872 -29.885093
v 35.102753 48.436872 -28.686049
v 23.352753 49.843122 -29.155403
v 23.400649 49.843122 -30.354447
v 35.150649 48.436872 -29.885093
v 23.352753 49.843122 -29.155403
v 35.297896 49.468750 -30.479690
v 35.150649 48.436872 -29.885093
v 23.400649 49.843122 -30.354447
v 23.547896 50.875000 -30.949044
v 35.297896 49.468750 -30.479690
v 23.400649 49.843122 -30.354447
v 35.397247 50.500628 -29.875242
v 35.297896 49.468750 -30.479690
v 23.547896 50.875000 -30.949044
v 23.647247 51.906878 -30.344597
v 35.397247 50.500628 -29.875242
v 23.547896 50.875000 -30.949044
v 35.349351 50.500628 -28.676199
v 35.397247 50.500628 -29.875242
v 23.647247 51.906878 -30.344597
v 23.599351 51.906878 -29.145553
v 35.349351 50.500628 -28.676199
v 23.647247 51.906878 -30.344597
v 35.202104 49.468750 -28.081602
v 35.349351 50.500628 -28.676199
v 23.599351 51.906878 -29.145553
v 23.452104 50.875000 -28.550956
v 35.202104 49.468750 -28.081602
v 23.599351 51.906878 -29.145553
v 23.452104 50.875000 -28.550956
v 23.400649 49.843122 -30.354447
v 23.352753 49.843122 -29.155403
v 35.202104 49.468750 -28.081602
v 35.102753 48.436872 -28.686049
v 35.150649 48.436872 -29.885093
v 23.452104 50.875000 -28.550956
v 23.547896 50.875000 -30.949044
v 23.400649 49.843122 -30.354447
v 35.202104 49.468750 -28.081602
v 35.150649 48.436872 -29.885093
v 35.297896 49.468750 -30.479690
v 23.452104 50.875000 -28.550956
v 23.647247 51.906878 -30.344597
v 23.547896 50.875000 -30.949044
v 35.202104 49.468750 -28.081602
v 35.297896 49.468750 -30.479690
v 35.397247 50.500628 -29.875242
v 23.452104 50.875000 -28.550956
v 23.599351 51.906878 -29.145553
v 23.647247 51.906878 -30.344597
v 35.202104 49.468750 -28.081602
v 35.397247 50.500628 -29.875242
v 35.349351 50.500628 -28.676199
v 46.918691 46.474764 -30.381713
v 47.173743 47.500000 -29.812644
v 35.423743 49.468750 -28.093290
v 35.168691 48.443514 -28.662358
v 46.918691 46.474764 -30.381713
v 35.423743 49.468750 -28.093290
v 46.744948 46.474764 -31.569068
v 46.918691 46.474764 -30.381713
v 35.168691 48.443514 -28.662358
v 34.994948 48.443514 -29.849714
v 46.744948 46.474764 -31.569068
v 35.168691 48.443514 -28.662358
v 46.826257 47.500000 -32.187356
v 46.744948 46.474764 -31.569068
v 34.994948 48.443514 -29.849714
v 35.076257 49.468750 -30.468001
v 46.826257 47.500000 -32.187356
v 34.994948 48.443514 -29.849714
v 47.081309 48.525236 -31.618287
v 46.826257 47.500000 -32.187356
v 35.076257 49.468750 -30.468001
v 35.331309 50.493986 -29.898933
v 47.081309 48.525236 -31.618287
v 35.076257 49.468750 -30.468001
v 47.255052 48.525236 -30.430932
v 47.081309 48.525236 -31.618287
v 35.331309 50.493986 -29.898933
v 35.505052 50.493986 -28.711577
v 47.255052 48.525236 -30.430932
v 35.331309 50.493986 -29.898933
v 47.173743 47.500000 -29.812644
v 47.255052 48.525236 -30.430932
v 35.505052 50.493986 -28.711577
v 35.423743 49.468750 -28.093290
v 47.173743 47.500000 -29.812644
v 35.505052 50.493986 -28.711577
v 35.423743 49.468750 -28.093290
v 34.994948 48.443514 -29.849714
v 35.168691 48.443514 -28.662358
v 47.173743 47.500000 -29.812644
v 46.918691 46.474764 -30.381713
v 46.744948 46.474764 -31.569068
v 35.423743 49.468750 -28.093290
v 35.076257 49.468750 -30.468001
v 34.994948 48.443514 -29.849714
v 47.173743 47.500000 -29.812644
v 46.744948 46.474764 -31.569068
v 46.826257 47.500000 -32.187356
v 35.423743 49.468750 -28.093290
v 35.331309 50.493986 -29.898933
v 35.076257 49.468750 -30.468001
v 47.173743 47.500000 -29.812644
v 46.826257 47.500000 -32.187356
v 47.081309 48.525236 -31.618287
v 35.423743 49.468750 -28.093290
v 35.505052 50.493986 -28.711577
v 35.331309 50.493986 -29.898933
v 47.173743 47.500000 -29.812644
v 47.081309 48.525236 -31.618287
v 47.255052 48.525236 -30.430932
v 58.224954 43.942436 -19.947470
v 57.941243 44.968750 -19.394129
v 46.191243 47.500000 -30.113483
v 46.474954 46.473686 -30.666824
v 58.224954 43.942436 -19.947470
v 46.191243 47.500000 -30.113483
v 59.033711 43.942436 -20.833987
v 58.224954 43.942436 -19.947470
v 46.474954 46.473686 -30.666824
v 47.283711 46.473686 -31.553342
v 59.033711 43.942436 -20.833987
v 46.474954 46.473686 -30.666824
v 59.558757 44.968750 -21.167163
v 59.033711 43.942436 -20.833987
v 47.283711 46.473686 -31.553342
v 47.808757 47.500000 -31.886517
v 59.558757 44.968750 -21.167163
v 47.283711 46.473686 -31.553342
v 59.275046 45.995064 -20.613821
v 59.558757 44.968750 -21.167163
v 47.808757 47.500000 -31.886517
v 47.525046 48.526314 -31.333176
v 59.275046 45.995064 -20.613821
v 47.808757 47.500000 -31.886517
v 58.466289 45.995064 -19.727304
v 59.275046 45.995064 -20.613821
v 47.525046 48.526314 -31.333176
v 46.716289 48.526314 -30.446658
v 58.466289 45.995064 -19.727304
v 47.525046 48.526314 -31.333176
v 57.941243 44.968750 -19.394129
v 58.466289 45.995064 -19.727304
v 46.716289 48.526314 -30.446658
v 46.191243 47.500000 -30.113483
v 57.941243 44.968750 -19.394129
v 46.716289 48.526314 -30.446658
v 46.191243 47.500000 -30.113483
v 47.283711 46.473686 -31.553342
v 46.474954 46.473686 -30.666824
v 57.941243 44.968750 -19.394129
v 58.224954 43.942436 -19.947470
v 59.033711 43.942436 -20.833987
v 46.191243 47.500000 -30.113483
v 47.808757 47.500000 -31.886517
v 47.283711 46.473686 -31.553342
v 57.941243 44.968750 -19.394129
v 59.033711 43.942436 -20.833987
v 59.558757 44.968750 -21.167163
v 46.191243 47.500000 -30.113483
v 47.525046 48.526314 -31.333176
v 47.808757 47.500000 -31.886517
v 57.941243 44.968750 -19.394129
v 59.558757 44.968750 -21.167163
v 59.275046 45.995064 -20.613821
v 46.191243 47.500000 -30.113483
v 46.716289 48.526314 -30.446658
v 47.525046 48.526314 -31.333176
v 57.941243 44.968750 -19.394129
v 59.275046 45.995064 -20.613821
v 58.466289 45.995064 -19.727304
v 69.972249 40.858585 -11.391700
v 69.794995 41.875000 -10.778935
v 58.044995 44.968750 -19.309581
v 58.222249 43.952335 -19.922345
v 69.972249 40.858585 -11.391700
v 58.044995 44.968750 -19.309581
v 70.677255 40.858585 -12.362765
v 69.972249 40.858585 -11.391700
v 58.222249 43.952335 -19.922345
v 58.927255 43.952335 -20.893410
v 70.677255 40.858585 -12.362765
v 58.222249 43.952335 -19.922345
v 71.205005 41.875000 -12.721065
v 70.677255 40.858585 -12.362765
v 58.927255 43.952335 -20.893410
v 59.455005 44.968750 -21.251711
v 71.205005 41.875000 -12.721065
v 58.927255 43.952335 -20.893410
v 71.027751 42.891415 -12.108300
v 71.205005 41.875000 -12.721065
v 59.455005 44.968750 -21.251711
v 59.277751 45.985165 -20.638946
v 71.027751 42.891415 -12.108300
v 59.455005 44.968750 -21.251711
v 70.322745 42.891415 -11.137235
v 71.027751 42.891415 -12.108300
v 59.277751 45.985165 -20.638946
v 58.572745 45.985165 -19.667881
v 70.322745 42.891415 -11.137235
v 59.277751 45.985165 -20.638946
v 69.794995 41.875000 -10.778935
v 70.322745 42.891415 -11.137235
v 58.572745 45.985165 -19.667881
v 58.044995 44.968750 -19.309581
v 69.794995 41.875000 -10.778935
v 58.572745 45.985165 -19.667881
v 58.044995 44.968750 -19.309581
v 58.927255 43.952335 -20.893410
v 58.222249 43.952335 -19.922345
v 69.794995 41.875000 -10.778935
v 69.972249 40.858585 -11.391700
v 70.677255 40.858585 -12.362765
v 58.044995 44.968750 -19.309581
v 59.455005 44.968750 -21.251711
v 58.927255 43.952335 -20.893410
v 69.794995 41.875000 -10.778935
v 70.677255 40.858585 -12.362765
v 71.205005 41.875000 -12.721065
v 58.044995 44.968750 -19.309581
v 59.277751 45.985165 -20.638946
v 59.455005 44.968750 -21.251711
v 69.794995 41.875000 -10.778935
v 71.205005 41.875000 -12.721065
v 71.027751 42.891415 -12.108300
v 58.044995 44.968750 -19.309581
v 58.572745 45.985165 -19.667881
v 59.277751 45.985165 -20.638946
v 69.794995 41.875000 -10.778935
v 71.027751 42.891415 -12.108300
v 70.322745 42.891415 -11.137235
v 81.752591 37.219737 -6.339559
v 81.782576 38.218750 -5.675424
v 70.032576 41.875000 -10.644779
v 70.002591 40.875987 -11.308913
v 81.752591 37.219737 -6.339559
v 70.032576 41.875000 -10.644779
v 82.220015 37.219737 -7.444780
v 81.752591 37.219737 -6.339559
v 70.002591 40.875987 -11.308913
v 70.470015 40.875987 -12.414134
v 82.220015 37.219737 -7.444780
v 70.002591 40.875987 -11.308913
v 82.717424 38.218750 -7.885867
v 82.220015 37.219737 -7.444780
v 70.470015 40.875987 -12.414134
v 70.967424 41.875000 -12.855221
v 82.717424 38.218750 -7.885867
v 70.470015 40.875987 -12.414134
v 82.747409 39.217763 -7.221733
v 82.717424 38.218750 -7.885867
v 70.967424 41.875000 -12.855221
v 70.997409 42.874013 -12.191087
v 82.747409 39.217763 -7.221733
v 70.967424 41.875000 -12.855221
v 82.279985 39.217763 -6.116511
v 82.747409 39.217763 -7.221733
v 70.997409 42.874013 -12.191087
v 70.529985 42.874013 -11.085866
v 82.279985 39.217763 -6.116511
v 70.997409 42.874013 -12.191087
v 81.782576 38.218750 -5.675424
v 82.279985 39.217763 -6.116511
v 70.529985 42.874013 -11.085866
v 70.032576 41.875000 -10.644779
v 81.782576 38.218750 -5.675424
v 70.529985 42.874013 -11.085866
v 70.032576 41.875000 -10.644779
v 70.470015 40.875987 -12.414134
v 70.002591 40.875987 -11.308913
v 81.782576 38.218750 -5.675424
v 81.752591 37.219737 -6.339559
v 82.220015 37.219737 -7.444780
v 70.032576 41.875000 -10.644779
v 70.967424 41.875000 -12.855221
v 70.470015 40.875987 -12.414134
v 81.782576 38.218750 -5.675424
v 82.220015 37.219737 -7.444780
v 82.717424 38.218750 -7.885867
v 70.032576 41.875000 -10.644779
v 70.997409 42.874013 -12.191087
v 70.967424 41.875000 -12.855221
v 81.782576 38.218750 -5.675424
v 82.717424 38.218750 -7.885867
v 82.747409 39.217763 -7.221733
v 70.032576 41.875000 -10.644779
v 70.529985 42.874013 -11.085866
v 70.997409 42.874013 -12.191087
v 81.782576 38.218750 -5.675424
v 82.747409 39.217763 -7.221733
v 82.279985 39.217763 -6.116511
v 93.528260 33.018928 -3.495065
v 93.723652 34.000000 -2.832254
v 81.973652 38.218750 -5.612899
v 81.778260 37.237678 -6.275711
v 93.528260 33.018928 -3.495065
v 81.973652 38.218750 -5.612899
v 93.804608 33.018928 -4.662812
v 93.528260 33.018928 -3.495065
v 81.778260 37.237678 -6.275711
v 82.054608 37.237678 -7.443458
v 93.804608 33.018928 -4.662812
v 81.778260 37.237678 -6.275711
v 94.276348 34.000000 -5.167746
v 93.804608 33.018928 -4.662812
v 82.054608 37.237678 -7.443458
v 82.526348 38.218750 -7.948392
v 94.276348 34.000000 -5.167746
v 82.054608 37.237678 -7.443458
v 94.471740 34.981072 -4.504935
v 94.276348 34.000000 -5.167746
v 82.526348 38.218750 -7.948392
v 82.721740 39.199822 -7.285580
v 94.471740 34.981072 -4.504935
v 82.526348 38.218750 -7.948392
v 94.195392 34.981072 -3.337188
v 94.471740 34.981072 -4.504935
v 82.721740 39.199822 -7.285580
v 82.445392 39.199822 -6.117834
v 94.195392 34.981072 -3.337188
v 82.721740 39.199822 -7.285580
v 93.723652 34.000000 -2.832254
v 94.195392 34.981072 -3.337188
v 82.445392 39.199822 -6.117834
v 81.973652 38.218750 -5.612899
v 93.723652 34.000000 -2.832254
v 82.445392 39.199822 -6.117834
v 81.973652 38.218750 -5.612899
v 82.054608 37.237678 -7.443458
v 81.778260 37.237678 -6.275711
v 93.723652 34.000000 -2.832254
v 93.528260 33.018928 -3.495065
v 93.804608 33.018928 -4.662812
v 81.973652 38.218750 -5.612899
v 82.526348 38.218750 -7.948392
v 82.054608 37.237678 -7.443458
v 93.723652 34.000000 -2.832254
v 93.804608 33.018928 -4.662812
v 94.276348 34.000000 -5.167746
v 81.973652 38.218750 -5.612899
v 82.721740 39.199822 -7.285580
v 82.526348 38.218750 -7.948392
v 93.723652 34.000000 -2.832254
v 94.276348 34.000000 -5.167746
v 94.471740 34.981072 -4.504935
v 81.973652 38.218750 -5.612899
v 82.445392 39.199822 -6.117834
v 82.721740 39.199822 -7.285580
v 93.723652 34.000000 -2.832254
v 94.471740 34.981072 -4.504935
v 94.195392 34.981072 -3.337188
v -87.748660 35.551611 14.953707
v -89.255701 38.218750 15.878478
v -101.755701 34.000000 7.675353
v -100.248660 31.332861 6.750582
v -87.748660 35.551611 14.953707
v -101.755701 34.000000 7.675353
v -85.992960 35.551611 12.278354
v -87.748660 35.551611 14.953707
v -100.248660 31.332861 6.750582
v -98.492960 31.332861 4.075229
v -85.992960 35.551611 12.278354
v -100.248660 31.332861 6.750582
v -85.744299 38.218750 10.527772
v -85.992960 35.551611 12.278354
v -98.492960 31.332861 4.075229
v -98.244299 34.000000 2.324647
v -85.744299 38.218750 10.527772
v -98.492960 31.332861 4.075229
v -87.251340 40.885889 11.452543
v -85.744299 38.218750 10.527772
v -98.244299 34.000000 2.324647
v -99.751340 36.667139 3.249418
v -87.251340 40.885889 11.452543
v -98.244299 34.000000 2.324647
v -89.007040 40.885889 14.127896
v -87.251340 40.885889 11.452543
v -99.751340 36.667139 3.249418
v -101.507040 36.667139 5.924771
v -89.007040 40.885889 14.127896
v -99.751340 36.667139 3.249418
v -89.255701 38.218750 15.878478
v -89.007040 40.885889 14.127896
v -101.507040 36.667139 5.924771
v -101.755701 34.000000 7.675353
v -89.255701 38.218750 15.878478
v -101.507040 36.667139 5.924771
v -101.755701 34.000000 7.675353
v -98.492960 31.332861 4.075229
v -100.248660 31.332861 6.750582
v -89.255701 38.218750 15.878478
v -87.748660 35.551611 14.953707
v -85.992960 35.551611 12.278354
v -101.755701 34.000000 7.675353
v -98.244299 34.000000 2.324647
v -98.492960 31.332861 4.075229
v -89.255701 38.218750 15.878478
v -85.992960 35.551611 12.278354
v -85.744299 38.218750 10.527772
v -101.755701 34.000000 7.675353
v -99.751340 36.667139 3.249418
v -98.244299 34.000000 2.324647
v -89.255701 38.218750 15.878478
v -85.744299 38.218750 10.527772
v -87.251340 40.885889 11.452543
v -101.755701 34.000000 7.675353
v -101.507040 36.667139 5.924771
v -99.751340 36.667139 3.249418
v -89.255701 38.218750 15.878478
v -87.251340 40.885889 11.452543
v -89.007040 40.885889 14.127896
v -75.197421 39.189172 22.040896
v -76.582025 41.875000 23.094082
v -89.082025 38.218750 15.984707
v -87.697421 35.532922 14.931521
v -75.197421 39.189172 22.040896
v -89.082025 38.218750 15.984707
v -73.615396 39.189172 19.259314
v -75.197421 39.189172 22.040896
v -87.697421 35.532922 14.931521
v -86.115396 35.532922 12.149939
v -73.615396 39.189172 19.259314
v -87.697421 35.532922 14.931521
v -73.417975 41.875000 17.530918
v -73.615396 39.189172 19.259314
v -86.115396 35.532922 12.149939
v -85.917975 38.218750 10.421543
v -73.417975 41.875000 17.530918
v -86.115396 35.532922 12.149939
v -74.802579 44.560828 18.584104
v -73.417975 41.875000 17.530918
v -85.917975 38.218750 10.421543
v -87.302579 40.904578 11.474729
v -74.802579 44.560828 18.584104
v -85.917975 38.218750 10.421543
v -76.384604 44.560828 21.365686
v -74.802579 44.560828 18.584104
v -87.302579 40.904578 11.474729
v -88.884604 40.904578 14.256311
v -76.384604 44.560828 21.365686
v -87.302579 40.904578 11.474729
v -76.582025 41.875000 23.094082
v -76.384604 44.560828 21.365686
v -88.884604 40.904578 14.256311
v -89.082025 38.218750 15.984707
v -76.582025 41.875000 23.094082
v -88.884604 40.904578 14.256311
v -89.082025 38.218750 15.984707
v -86.115396 35.532922 12.149939
v -87.697421 35.532922 14.931521
v -76.582025 41.875000 23.094082
v -75.197421 39.189172 22.040896
v -73.615396 39.189172 19.259314
v -89.082025 38.218750 15.984707
v -85.917975 38.218750 10.421543
v -86.115396 35.532922 12.149939
v -76.582025 41.875000 23.094082
v -73.615396 39.189172 19.259314
v -73.417975 41.875000 17.530918
v -89.082025 38.218750 15.984707
v -87.302579 40.904578 11.474729
v -85.917975 38.218750 10.421543
v -76.582025 41.875000 23.094082
v -73.417975 41.875000 17.530918
v -74.802579 44.560828 18.584104
v -89.082025 38.218750 15.984707
v -88.884604 40.904578 14.256311
v -87.302579 40.904578 11.474729
v -76.582025 41.875000 23.094082
v -74.802579 44.560828 18.584104
v -76.384604 44.560828 21.365686
v -62.650277 42.263918 28.031445
v -63.887668 44.968750 29.211591
v -76.387668 41.875000 23.195966
v -75.150277 39.170168 22.015820
v -62.650277 42.263918 28.031445
v -76.387668 41.875000 23.195966
v -61.262609 42.263918 25.147979
v -62.650277 42.263918 28.031445
v -75.150277 39.170168 22.015820
v -73.762609 39.170168 19.132354
v -61.262609 42.263918 25.147979
v -75.150277 39.170168 22.015820
v -61.112332 44.968750 23.444659
v -61.262609 42.263918 25.147979
v -73.762609 39.170168 19.132354
v -73.612332 41.875000 17.429034
v -61.112332 44.968750 23.444659
v -73.762609 39.170168 19.132354
v -62.349723 47.673582 24.624805
v -61.112332 44.968750 23.444659
v -73.612332 41.875000 17.429034
v -74.849723 44.579832 18.609180
v -62.349723 47.673582 24.624805
v -73.612332 41.875000 17.429034
v -63.737391 47.673582 27.508271
v -62.349723 47.673582 24.624805
v -74.849723 44.579832 18.609180
v -76.237391 44.579832 21.492646
v -63.737391 47.673582 27.508271
v -74.849723 44.579832 18.609180
v -63.887668 44.968750 29.211591
v -63.737391 47.673582 27.508271
v -76.237391 44.579832 21.492646
v -76.387668 41.875000 23.195966
v -63.887668 44.968750 29.211591
v -76.237391 44.579832 21.492646
v -76.387668 41.875000 23.195966
v -73.762609 39.170168 19.132354
v -75.150277 39.170168 22.015820
v -63.887668 44.968750 29.211591
v -62.650277 42.263918 28.031445
v -61.262609 42.263918 25.147979
v -76.387668 41.875000 23.195966
v -73.612332 41.875000 17.429034
v -73.762609 39.170168 19.132354
v -63.887668 44.968750 29.211591
v -61.262609 42.263918 25.147979
v -61.112332 44.968750 23.444659
v -76.387668 41.875000 23.195966
v -74.849723 44.579832 18.609180
v -73.612332 41.875000 17.429034
v -63.887668 44.968750 29.211591
v -61.112332 44.968750 23.444659
v -62.349723 47.673582 24.624805
v -76.387668 41.875000 23.195966
v -76.237391 44.579832 21.492646
v -74.849723 44.579832 18.609180
v -63.887668 44.968750 29.211591
v -62.349723 47.673582 24.624805
v -63.737391 47.673582 27.508271
v -50.108739 44.776640 32.926748
v -51.172390 47.500000 34.227499
v -63.672390 44.968750 29.305624
v -62.608739 42.245390 28.004873
v -50.108739 44.776640 32.926748
v -63.672390 44.968750 29.305624
v -48.936349 44.776640 29.949249
v -50.108739 44.776640 32.926748
v -62.608739 42.245390 28.004873
v -61.436349 42.245390 25.027374
v -48.936349 44.776640 29.949249
v -62.608739 42.245390 28.004873
v -48.827610 47.500000 28.272501
v -48.936349 44.776640 29.949249
v -61.436349 42.245390 25.027374
v -61.327610 44.968750 23.350626
v -48.827610 47.500000 28.272501
v -61.436349 42.245390 25.027374
v -49.891261 50.223360 29.573252
v -48.827610 47.500000 28.272501
v -61.327610 44.968750 23.350626
v -62.391261 47.692110 24.651377
v -49.891261 50.223360 29.573252
v -61.327610 44.968750 23.350626
v -51.063651 50.223360 32.550751
v -49.891261 50.223360 29.573252
v -62.391261 47.692110 24.651377
v -63.563651 47.692110 27.628876
v -51.063651 50.223360 32.550751
v -62.391261 47.692110 24.651377
v -51.172390 47.500000 34.227499
v -51.063651 50.223360 32.550751
v -63.563651 47.692110 27.628876
v -63.672390 44.968750 29.305624
v -51.172390 47.500000 34.227499
v -63.563651 47.692110 27.628876
v -63.672390 44.968750 29.305624
v -61.436349 42.245390 25.027374
v -62.608739 42.245390 28.004873
v -51.172390 47.500000 34.227499
v -50.108739 44.776640 32.926748
v -48.936349 44.776640 29.949249
v -63.672390 44.968750 29.305624
v -61.327610 44.968750 23.350626
v -61.436349 42.245390 25.027374
v -51.172390 47.500000 34.227499
v -48.936349 44.776640 29.949249
v -48.827610 47.500000 28.272501
v -63.672390 44.968750 29.305624
v -62.391261 47.692110 24.651377
v -61.327610 44.968750 23.350626
v -51.172390 47.500000 34.227499
v -48.827610 47.500000 28.272501
v -49.891261 50.223360 29.573252
v -63.672390 44.968750 29.305624
v -63.563651 47.692110 27.628876
v -62.391261 47.692110 24.651377
v -51.172390 47.500000 34.227499
v -49.891261 50.223360 29.573252
v -51.063651 50.223360 32.550751
v -37.573921 46.728369 36.728837
v -38.437042 49.468750 38.137856
v -50.937042 47.500000 34.309731
v -50.073921 44.759619 32.900712
v -37.573921 46.728369 36.728837
v -50.937042 47.500000 34.309731
v -36.636878 46.728369 33.669106
v -37.573921 46.728369 36.728837
v -50.073921 44.759619 32.900712
v -49.136878 44.759619 29.840981
v -36.636878 46.728369 33.669106
v -50.073921 44.759619 32.900712
v -36.562958 49.468750 32.018394
v -36.636878 46.728369 33.669106
v -49.136878 44.759619 29.840981
v -49.062958 47.500000 28.190269
v -36.562958 49.468750 32.018394
v -49.136878 44.759619 29.840981
v -37.426079 52.209131 33.427413
v -36.562958 49.468750 32.018394
v -49.062958 47.500000 28.190269
v -49.926079 50.240381 29.599288
v -37.426079 52.209131 33.427413
v -49.062958 47.500000 28.190269
v -38.363122 52.209131 36.487144
v -37.426079 52.209131 33.427413
v -49.926079 50.240381 29.599288
v -50.863122 50.240381 32.659019
v -38.363122 52.209131 36.487144
v -49.926079 50.240381 29.599288
v -38.437042 49.468750 38.137856
v -38.363122 52.209131 36.487144
v -50.863122 50.240381 32.659019
v -50.937042 47.500000 34.309731
v -38.437042 49.468750 38.137856
v -50.863122 50.240381 32.659019
v -50.937042 47.500000 34.309731
v -49.136878 44.759619 29.840981
v -50.073921 44.759619 32.900712
v -38.437042 49.468750 38.137856
v -37.573921 46.728369 36.728837
v -36.636878 46.728369 33.669106
v -50.937042 47.500000 34.309731
v -49.062958 47.500000 28.190269
v -49.136878 44.759619 29.840981
v -38.437042 49.468750 38.137856
v -36.636878 46.728369 33.669106
v -36.562958 49.468750 32.018394
v -50.937042 47.500000 34.309731
v -49.926079 50.240381 29.599288
v -49.062958 47.500000 28.190269
v -38.437042 49.468750 38.137856
v -36.562958 49.468750 32.018394
v -37.426079 52.209131 33.427413
v -50.937042 47.500000 34.309731
v -50.863122 50.240381 32.659019
v -49.926079 50.240381 29.599288
v -38.437042 49.468750 38.137856
v -37.426079 52.209131 33.427413
v -38.363122 52.209131 36.487144
v -25.046164 48.120305 39.440236
v -25.683830 50.875000 40.938580
v -38.183830 49.468750 38.204205
v -37.546164 46.714055 36.705861
v -25.046164 48.120305 39.440236
v -38.183830 49.468750 38.204205
v -24.362334 48.120305 36.314156
v -25.046164 48.120305 39.440236
v -37.546164 46.714055 36.705861
v -36.862334 46.714055 33.579781
v -24.362334 48.120305 36.314156
v -37.546164 46.714055 36.705861
v -24.316170 50.875000 34.686420
v -24.362334 48.120305 36.314156
v -36.862334 46.714055 33.579781
v -36.816170 49.468750 31.952045
v -24.316170 50.875000 34.686420
v -36.862334 46.714055 33.579781
v -24.953836 53.629695 36.184764
v -24.316170 50.875000 34.686420
v -36.816170 49.468750 31.952045
v -37.453836 52.223445 33.450389
v -24.953836 53.629695 36.184764
v -36.816170 49.468750 31.952045
v -25.637666 53.629695 39.310844
v -24.953836 53.629695 36.184764
v -37.453836 52.223445 33.450389
v -38.137666 52.223445 36.576469
v -25.637666 53.629695 39.310844
v -37.453836 52.223445 33.450389
v -25.683830 50.875000 40.938580
v -25.637666 53.629695 39.310844
v -38.137666 52.223445 36.576469
v -38.183830 49.468750 38.204205
v -25.683830 50.875000 40.938580
v -38.137666 52.223445 36.576469
v -38.183830 49.468750 38.204205
v -36.862334 46.714055 33.579781
v -37.546164 46.714055 36.705861
v -25.683830 50.875000 40.938580
v -25.046164 48.120305 39.440236
v -24.362334 48.120305 36.314156
v -38.183830 49.468750 38.204205
v -36.816170 49.468750 31.952045
v -36.862334 46.714055 33.579781
v -25.683830 50.875000 40.938580
v -24.362334 48.120305 36.314156
v -24.316170 50.875000 34.686420
v -38.183830 49.468750 38.204205
v -37.453836 52.223445 33.450389
v -36.816170 49.468750 31.952045
v -25.683830 50.875000 40.938580
v -24.316170 50.875000 34.686420
v -24.953836 53.629695 36.184764
v -38.183830 49.468750 38.204205
v -38.137666 52.223445 36.576469
v -37.453836 52.223445 33.450389
v -25.683830 50.875000 40.938580
v -24.953836 53.629695 36.184764
v -25.637666 53.629695 39.310844
v -12.524731 48.953654 41.063601
v -12.916428 51.718750 42.625914
v -25.416428 50.875000 40.985289
v -25.024731 48.109904 39.422976
v -12.524731 48.953654 41.063601
v -25.416428 50.875000 40.985289
v -12.108303 48.953654 37.890813
v -12.524731 48.953654 41.063601
v -25.024731 48.109904 39.422976
v -24.608303 48.109904 36.250188
v -12.108303 48.953654 37.890813
v -25.024731 48.109904 39.422976
v -12.083572 51.718750 36.280336
v -12.108303 48.953654 37.890813
v -24.608303 48.109904 36.250188
v -24.583572 50.875000 34.639711
v -12.083572 51.718750 36.280336
v -24.608303 48.109904 36.250188
v -12.475269 54.483846 37.842649
v -12.083572 51.718750 36.280336
v -24.583572 50.875000 34.639711
v -24.975269 53.640096 36.202024
v -12.475269 54.483846 37.842649
v -24.583572 50.875000 34.639711
v -12.891697 54.483846 41.015437
v -12.475269 54.483846 37.842649
v -24.975269 53.640096 36.202024
v -25.391697 53.640096 39.374812
v -12.891697 54.483846 41.015437
v -24.975269 53.640096 36.202024
v -12.916428 51.718750 42.625914
v -12.891697 54.483846 41.015437
v -25.391697 53.640096 39.374812
v -25.416428 50.875000 40.985289
v -12.916428 51.718750 42.625914
v -25.391697 53.640096 39.374812
v -25.416428 50.875000 40.985289
v -24.608303 48.109904 36.250188
v -25.024731 48.109904 39.422976
v -12.916428 51.718750 42.625914
v -12.524731 48.953654 41.063601
v -12.108303 48.953654 37.890813
v -25.416428 50.875000 40.985289
v -24.583572 50.875000 34.639711
v -24.608303 48.109904 36.250188
v -12.916428 51.718750 42.625914
v -12.108303 48.953654 37.890813
v -12.083572 51.718750 36.280336
v -25.416428 50.875000 40.985289
v -24.975269 53.640096 36.202024
v -24.583572 50.875000 34.639711
v -12.916428 51.718750 42.625914
v -12.083572 51.718750 36.280336
v -12.475269 54.483846 37.842649
v -25.416428 50.875000 40.985289
v -25.391697 53.640096 39.374812
v -24.975269 53.640096 36.202024
v -12.916428 51.718750 42.625914
v -12.475269 54.483846 37.842649
v -12.891697 54.483846 41.015437
v -0.007714 49.229419 41.601193
v -0.139866 52.000000 43.196942
v -12.639866 51.718750 42.650067
v -12.507714 48.948169 41.054318
v -0.007714 49.229419 41.601193
v -12.639866 51.718750 42.650067
v 0.132152 49.229419 38.404251
v -0.007714 49.229419 41.601193
v -12.507714 48.948169 41.054318
v -12.367848 48.948169 37.857376
v 0.132152 49.229419 38.404251
v -12.507714 48.948169 41.054318
v 0.139866 52.000000 36.803058
v 0.132152 49.229419 38.404251
v -12.367848 48.948169 37.857376
v -12.360134 51.718750 36.256183
v 0.139866 52.000000 36.803058
v -12.367848 48.948169 37.857376
v 0.007714 54.770581 38.398807
v 0.139866 52.000000 36.803058
v -12.360134 51.718750 36.256183
v -12.492286 54.489331 37.851932
v 0.007714 54.770581 38.398807
v -12.360134 51.718750 36.256183
v -0.132152 54.770581 41.595749
v 0.007714 54.770581 38.398807
v -12.492286 54.489331 37.851932
v -12.632152 54.489331 41.048874
v -0.132152 54.770581 41.595749
v -12.492286 54.489331 37.851932
v -0.139866 52.000000 43.196942
v -0.132152 54.770581 41.595749
v -12.632152 54.489331 41.048874
v -12.639866 51.718750 42.650067
v -0.139866 52.000000 43.196942
v -12.632152 54.489331 41.048874
v -12.639866 51.718750 42.650067
v -12.367848 48.948169 37.857376
v -12.507714 48.948169 41.054318
v -0.139866 52.000000 43.196942
v -0.007714 49.229419 41.601193
v 0.132152 49.229419 38.404251
v -12.639866 51.718750 42.650067
v -12.360134 51.718750 36.256183
v -12.367848 48.948169 37.857376
v -0.139866 52.000000 43.196942
v 0.132152 49.229419 38.404251
v 0.139866 52.000000 36.803058
v -12.639866 51.718750 42.650067
v -12.492286 54.489331 37.851932
v -12.360134 51.718750 36.256183
v -0.139866 52.000000 43.196942
v 0.139866 52.000000 36.803058
v 0.007714 54.770581 38.398807
v -12.639866 51.718750 42.650067
v -12.632152 54.489331 41.048874
v -12.492286 54.489331 37.851932
v -0.139866 52.000000 43.196942
v 0.007714 54.770581 38.398807
v -0.132152 54.770581 41.595749
v 12.507714 48.948169 41.054318
v 12.639866 51.718750 42.650067
v 0.139866 52.000000 43.196942
v 0.007714 49.229419 41.601193
v 12.507714 48.948169 41.054318
v 0.139866 52.000000 43.196942
v 12.367848 48.948169 37.857376
v 12.507714 48.948169 41.054318
v 0.007714 49.229419 41.601193
v -0.132152 49.229419 38.404251
v 12.367848 48.948169 37.857376
v 0.007714 49.229419 41.601193
v 12.360134 51.718750 36.256183
v 12.367848 48.948169 37.857376
v -0.132152 49.229419 38.404251
v -0.139866 52.000000 36.803058
v 12.360134 51.718750 36.256183
v -0.132152 49.229419 38.404251
v 12.492286 54.489331 37.851932
v 12.360134 51.718750 36.256183
v -0.139866 52.000000 36.803058
v -0.007714 54.770581 38.398807
v 12.492286 54.489331 37.851932
v -0.139866 52.000000 36.803058
v 12.632152 54.489331 41.048874
v 12.492286 54.489331 37.851932
v -0.007714 54.770581 38.398807
v 0.132152 54.770581 41.595749
v 12.632152 54.489331 41.048874
v -0.007714 54.770581 38.398807
v 12.639866 51.718750 42.650067
v 12.632152 54.489331 41.048874
v 0.132152 54.770581 41.595749
v 0.139866 52.000000 43.196942
v 12.639866 51.718750 42.650067
v 0.132152 54.770581 41.595749
v 0.139866 52.000000 43.196942
v -0.132152 49.229419 38.404251
v 0.007714 49.229419 41.601193
v 12.639866 51.718750 42.650067
v 12.507714 48.948169 41.054318
v 12.367848 48.948169 37.857376
v 0.139866 52.000000 43.196942
v -0.139866 52.000000 36.803058
v -0.132152 49.229419 38.404251
v 12.639866 51.718750 42.650067
v 12.367848 48.948169 37.857376
v 12.360134 51.718750 36.256183
v 0.139866 52.000000 43.196942
v -0.007714 54.770581 38.398807
v -0.139866 52.000000 36.803058
v 12.639866 51.718750 42.650067
v 12.360134 51.718750 36.256183
v 12.492286 54.489331 37.851932
v 0.139866 52.000000 43.196942
v 0.132152 54.770581 41.595749
v -0.007714 54.770581 38.398807
v 12.639866 51.718750 42.650067
v 12.492286 54.489331 37.851932
v 12.632152 54.489331 41.048874
v 25.024731 48.109904 39.422976
v 25.416428 50.875000 40.985289
v 12.916428 51.718750 42.625914
v 12.524731 48.953654 41.063601
v 25.024731 48.109904 39.422976
v 12.916428 51.718750 42.625914
v 24.608303 48.109904 36.250188
v 25.024731 48.109904 39.422976
v 12.524731 48.953654 41.063601
v 12.108303 48.953654 37.890813
v 24.608303 48.109904 36.250188
v 12.524731 48.953654 41.063601
v 24.583572 50.875000 34.639711
v 24.608303 48.109904 36.250188
v 12.108303 48.953654 37.890813
v 12.083572 51.718750 36.280336
v 24.583572 50.875000 34.639711
v 12.108303 48.953654 37.890813
v 24.975269 53.640096 36.202024
v 24.583572 50.875000 34.639711
v 12.083572 51.718750 36.280336
v 12.475269 54.483846 37.842649
v 24.975269 53.640096 36.202024
v 12.083572 51.718750 36.280336
v 25.391697 53.640096 39.374812
v 24.975269 53.640096 36.202024
v 12.475269 54.483846 37.842649
v 12.891697 54.483846 41.015437
v 25.391697 53.640096 39.374812
v 12.475269 54.483846 37.842649
v 25.416428 50.875000 40.985289
v 25.391697 53.640096 39.374812
v 12.891697 54.483846 41.015437
v 12.916428 51.718750 42.625914
v 25.416428 50.875000 40.985289
v 12.891697 54.483846 41.015437
v 12.916428 51.718750 42.625914
v 12.108303 48.953654 37.890813
v 12.524731 48.953654 41.063601
v 25.416428 50.875000 40.985289
v 25.024731 48.109904 39.422976
v 24.608303 48.109904 36.250188
v 12.916428 51.718750 42.625914
v 12.083572 51.718750 36.280336
v 12.108303 48.953654 37.890813
v 25.416428 50.875000 40.985289
v 24.608303 48.109904 36.250188
v 24.583572 50.875000 34.639711
v 12.916428 51.718750 42.625914
v 12.475269 54.483846 37.842649
v 12.083572 51.718750 36.280336
v 25.416428 50.875000 40.985289
v 24.583572 50.875000 34.639711
v 24.975269 53.640096 36.202024
v 12.916428 51.718750 42.625914
v 12.891697 54.483846 41.015437
v 12.475269 54.483846 37.842649
v 25.416428 50.875000 40.985289
v 24.975269 53.640096 36.202024
v 25.391697 53.640096 39.374812
v 37.546164 46.714055 36.705861
v 38.183830 49.468750 38.204205
v 25.683830 50.875000 40.938580
v 25.046164 48.120305 39.440236
v 37.546164 46.714055 36.705861
v 25.683830 50.875000 40.938580
v 36.862334 46.714055 33.579781
v 37.546164 46.714055 36.705861
v 25.046164 48.120305 39.440236
v 24.362334 48.120305 36.314156
v 36.862334 46.714055 33.579781
v 25.046164 48.120305 39.440236
v 36.816170 49.468750 31.952045
v 36.862334 46.714055 33.579781
v 24.362334 48.120305 36.314156
v 24.316170 50.875000 34.686420
v 36.816170 49.468750 31.952045
v 24.362334 48.120305 36.314156
v 37.453836 52.223445 33.450389
v 36.816170 49.468750 31.952045
v 24.316170 50.875000 34.686420
v 24.953836 53.629695 36.184764
v 37.453836 52.223445 33.450389
v 24.316170 50.875000 34.686420
v 38.137666 52.223445 36.576469
v 37.453836 52.223445 33.450389
v 24.953836 53.629695 36.184764
v 25.637666 53.629695 39.310844
v 38.137666 52.223445 36.576469
v 24.953836 53.629695 36.184764
v 38.183830 49.468750 38.204205
v 38.137666 52.223445 36.576469
v 25.637666 53.629695 39.310844
v 25.683830 50.875000 40.938580
v 38.183830 49.468750 38.204205
v 25.637666 53.629695 39.310844
v 25.683830 50.875000 40.938580
v 24.362334 48.120305 36.314156
v 25.046164 48.120305 39.440236
v 38.183830 49.468750 38.204205
v 37.546164 46.714055 36.705861
v 36.862334 46.714055 33.579781
v 25.683830 50.875000 40.938580
v 24.316170 50.875000 34.686420
v 24.362334 48.120305 36.314156
v 38.183830 49.468750 38.204205
v 36.862334 46.714055 33.579781
v 36.816170 49.468750 31.952045
v 25.683830 50.875000 40.938580
v 24.953836 53.629695 36.184764
v 24.316170 50.875000 34.686420
v 38.183830 49.468750 38.204205
v 36.816170 49.468750 31.952045
v 37.453836 52.223445 33.450389
v 25.683830 50.875000 40.938580
v 25.637666 53.629695 39.310844
v 24.953836 53.629695 36.184764
v 38.183830 49.468750 38.204205
v 37.453836 52.223445 33.450389
v 38.137666 52.223445 36.576469
v 50.073921 44.759619 32.900712
v 50.937042 47.500000 34.309731
v 38.437042 49.468750 38.137856
v 37.573921 46.728369 36.728837
v 50.073921 44.759619 32.900712
v 38.437042 49.468750 38.137856
v 49.136878 44.759619 29.840981
v 50.073921 44.759619 32.900712
v 37.573921 46.728369 36.728837
v 36.636878 46.728369 33.669106
v 49.136878 44.759619 29.840981
v 37.573921 46.728369 36.728837
v 49.062958 47.500000 28.190269
v 49.136878 44.759619 29.840981
v 36.636878 46.728369 33.669106
v 36.562958 49.468750 32.018394
v 49.062958 47.500000 28.190269
v 36.636878 46.728369 33.669106
v 49.926079 50.240381 29.599288
v 49.062958 47.500000 28.190269
v 36.562958 49.468750 32.018394
v 37.426079 52.209131 33.427413
v 49.926079 50.240381 29.599288
v 36.562958 49.468750 32.018394
v 50.863122 50.240381 32.659019
v 49.926079 50.240381 29.599288
v 37.426079 52.209131 33.427413
v 38.363122 52.209131 36.487144
v 50.863122 50.240381 32.659019
v 37.426079 52.209131 33.427413
v 50.937042 47.500000 34.309731
v 50.863122 50.240381 32.659019
v 38.363122 52.209131 36.487144
v 38.437042 49.468750 38.137856
v 50.937042 47.500000 34.309731
v 38.363122 52.209131 36.487144
v 38.437042 49.468750 38.137856
v 36.636878 46.728369 33.669106
v 37.573921 46.728369 36.728837
v 50.937042 47.500000 34.309731
v 50.073921 44.759619 32.900712
v 49.136878 44.759619 29.840981
v 38.437042 49.468750 38.137856
v 36.562958 49.468750 32.018394
v 36.636878 46.728369 33.669106
v 50.937042 47.500000 34.309731
v 49.136878 44.759619 29.840981
v 49.062958 47.500000 28.190269
v 38.437042 49.468750 38.137856
v 37.426079 52.209131 33.427413
v 36.562958 49.468750 32.018394
v 50.937042 47.500000 34.309731
v 49.062958 47.500000 28.190269
v 49.926079 50.240381 29.599288
v 38.437042 49.468750 38.137856
v 38.363122 52.209131 36.487144
v 37.426079 52.209131 33.427413
v 50.937042 47.500000 34.309731
v 49.926079 50.240381 29.599288
v 50.863122 50.240381 32.659019
v 62.608739 42.245390 28.004873
v 63.672390 44.968750 29.305624
v 51.172390 47.500000 34.227499
v 50.108739 44.776640 32.926748
v 62.608739 42.245390 28.004873
v 51.172390 47.500000 34.227499
v 61.436349 42.245390 25.027374
v 62.608739 42.245390 28.004873
v 50.108739 44.776640 32.926748
v 48.936349 44.776640 29.949249
v 61.436349 42.245390 25.027374
v 50.108739 44.776640 32.926748
v 61.327610 44.968750 23.350626
v 61.436349 42.245390 25.027374
v 48.936349 44.776640 29.949249
v 48.827610 47.500000 28.272501
v 61.327610 44.968750 23.350626
v 48.936349 44.776640 29.949249
v 62.391261 47.692110 24.651377
v 61.327610 44.968750 23.350626
v 48.827610 47.500000 28.272501
v 49.891261 50.223360 29.573252
v 62.391261 47.692110 24.651377
v 48.827610 47.500000 28.272501
v 63.563651 47.692110 27.628876
v 62.391261 47.692110 24.651377
v 49.891261 50.223360 29.573252
v 51.063651 50.223360 32.550751
v 63.563651 47.692110 27.628876
v 49.891261 50.223360 29.573252
v 63.672390 44.968750 29.305624
v 63.563651 47.692110 27.628876
v 51.063651 50.223360 32.550751
v 51.172390 47.500000 34.227499
v 63.672390 44.968750 29.305624
v 51.063651 50.223360 32.550751
v 51.172390 47.500000 34.227499
v 48.936349 44.776640 29.949249
v 50.108739 44.776640 32.926748
v 63.672390 44.968750 29.305624
v 62.608739 42.245390 28.004873
v 61.436349 42.245390 25.027374
v 51.172390 47.500000 34.227499
v 48.827610 47.500000 28.272501
v 48.936349 44.776640 29.949249
v 63.672390 44.968750 29.305624
v 61.436349 42.245390 25.027374
v 61.327610 44.968750 23.350626
v 51.172390 47.500000 34.227499
v 49.891261 50.223360 29.573252
v 48.827610 47.500000 28.272501
v 63.672390 44.968750 29.305624
v 61.327610 44.968750 23.350626
v 62.391261 47.692110 24.651377
v 51.172390 47.500000 34.227499
v 51.063651 50.223360 32.550751
v 49.891261 50.223360 29.573252
v 63.672390 44.968750 29.305624
v 62.391261 47.692110 24.651377
v 63.563651 47.692110 27.628876
v 75.150277 39.170168 22.015820
v 76.387668 41.875000 23.195966
v 63.887668 44.968750 29.211591
v 62.650277 42.263918 28.031445
v 75.150277 39.170168 22.015820
v 63.887668 44.968750 29.211591
v 73.762609 39.170168 19.132354
v 75.150277 39.170168 22.015820
v 62.650277 42.263918 28.031445
v 61.262609 42.263918 25.147979
v 73.762609 39.170168 19.132354
v 62.650277 42.263918 28.031445
v 73.612332 41.875000 17.429034
v 73.762609 39.170168 19.132354
v 61.262609 42.263918 25.147979
v 61.112332 44.968750 23.444659
v 73.612332 41.875000 17.429034
v 61.262609 42.263918 25.147979
v 74.849723 44.579832 18.609180
v 73.612332 41.875000 17.429034
v 61.112332 44.968750 23.444659
v 62.349723 47.673582 24.624805
v 74.849723 44.579832 18.609180
v 61.112332 44.968750 23.444659
v 76.237391 44.579832 21.492646
v 74.849723 44.579832 18.609180
v 62.349723 47.673582 24.624805
v 63.737391 47.673582 27.508271
v 76.237391 44.579832 21.492646
v 62.349723 47.673582 24.624805
v 76.387668 41.875000 23.195966
v 76.237391 44.579832 21.492646
v 63.737391 47.673582 27.508271
v 63.887668 44.968750 29.211591
v 76.387668 41.875000 23.195966
v 63.737391 47.673582 27.508271
v 63.887668 44.968750 29.211591
v 61.262609 42.263918 25.147979
v 62.650277 42.263918 28.031445
v 76.387668 41.875000 23.195966
v 75.150277 39.170168 22.015820
v 73.762609 39.170168 19.132354
v 63.887668 44.968750 29.211591
v 61.112332 44.968750 23.444659
v 61.262609 42.263918 25.147979
v 76.387668 41.875000 23.195966
v 73.762609 39.170168 19.132354
v 73.612332 41.875000 17.429034
v 63.887668 44.968750 29.211591
v 62.349723 47.673582 24.624805
v 61.112332 44.968750 23.444659
v 76.387668 41.875000 23.195966
v 73.612332 41.875000 17.429034
v 74.849723 44.579832 18.609180
v 63.887668 44.968750 29.211591
v 63.737391 47.673582 27.508271
v 62.349723 47.673582 24.624805
v 76.387668 41.875000 23.195966
v 74.849723 44.579832 18.609180
v 76.237391 44.579832 21.492646
v 87.697421 35.532922 14.931521
v 89.082025 38.218750 15.984707
v 76.582025 41.875000 23.094082
v 75.197421 39.189172 22.040896
v 87.697421 35.532922 14.931521
v 76.582025 41.875000 23.094082
v 86.115396 35.532922 12.149939
v 87.697421 35.532922 14.931521
v 75.197421 39.189172 22.040896
v 73.615396 39.189172 19.259314
v 86.115396 35.532922 12.149939
v 75.197421 39.189172 22.040896
v 85.917975 38.218750 10.421543
v 86.115396 35.532922 12.149939
v 73.615396 39.189172 19.259314
v 73.417975 41.875000 17.530918
v 85.917975 38.218750 10.421543
v 73.615396 39.189172 19.259314
v 87.302579 40.904578 11.474729
v 85.917975 38.218750 10.421543
v 73.417975 41.875000 17.530918
v 74.802579 44.560828 18.584104
v 87.302579 40.904578 11.474729
v 73.417975 41.875000 17.530918
v 88.884604 40.904578 14.256311
v 87.302579 40.904578 11.474729
v 74.802579 44.560828 18.584104
v 76.384604 44.560828 21.365686
v 88.884604 40.904578 14.256311
v 74.802579 44.560828 18.584104
v 89.082025 38.218750 15.984707
v 88.884604 40.904578 14.256311
v 76.384604 44.560828 21.365686
v 76.582025 41.875000 23.094082
v 89.082025 38.218750 15.984707
v 76.384604 44.560828 21.365686
v 76.582025 41.875000 23.094082
v 73.615396 39.189172 19.259314
v 75.197421 39.189172 22.040896
v 89.082025 38.218750 15.984707
v 87.697421 35.532922 14.931521
v 86.115396 35.532922 12.149939
v 76.582025 41.875000 23.094082
v 73.417975 41.875000 17.530918
v 73.615396 39.189172 19.259314
v 89.082025 38.218750 15.984707
v 86.115396 35.532922 12.149939
v 85.917975 38.218750 10.421543
v 76.582025 41.875000 23.094082
v 74.802579 44.560828 18.584104
v 73.417975 41.875000 17.530918
v 89.082025 38.218750 15.984707
v 85.917975 38.218750 10.421543
v 87.302579 40.904578 11.474729
v 76.582025 41.875000 23.094082
v 76.384604 44.560828 21.365686
v 74.802579 44.560828 18.584104
v 89.082025 38.218750 15.984707
v 87.302579 40.904578 11.474729
v 88.884604 40.904578 14.256311
v 100.248660 31.332861 6.750582
v 101.755701 34.000000 7.675353
v 89.255701 38.218750 15.878478
v 87.748660 35.551611 14.953707
v 100.248660 31.332861 6.750582
v 89.255701 38.218750 15.878478
v 98.492960 31.332861 4.075229
v 100.248660 31.332861 6.750582
v 87.748660 35.551611 14.953707
v 85.992960 35.551611 12.278354
v 98.492960 31.332861 4.075229
v 87.748660 35.551611 14.953707
v 98.244299 34.000000 2.324647
v 98.492960 31.332861 4.075229
v 85.992960 35.551611 12.278354
v 85.744299 38.218750 10.527772
v 98.244299 34.000000 2.324647
v 85.992960 35.551611 12.278354
v 99.751340 36.667139 3.249418
v 98.244299 34.000000 2.324647
v 85.744299 38.218750 10.527772
v 87.251340 40.885889 11.452543
v 99.751340 36.667139 3.249418
v 85.744299 38.218750 10.527772
v 101.507040 36.667139 5.924771
v 99.751340 36.667139 3.249418
v 87.251340 40.885889 11.452543
v 89.007040 40.885889 14.127896
v 101.507040 36.667139 5.924771
v 87.251340 40.885889 11.452543
v 101.755701 34.000000 7.675353
v 101.507040 36.667139 5.924771
v 89.007040 40.885889 14.127896
v 89.255701 38.218750 15.878478
v 101.755701 34.000000 7.675353
v 89.007040 40.885889 14.127896
v 89.255701 38.218750 15.878478
v 85.992960 35.551611 12.278354
v 87.748660 35.551611 14.953707
v 101.755701 34.000000 7.675353
v 100.248660 31.332861 6.750582
v 98.492960 31.332861 4.075229
v 89.255701 38.218750 15.878478
v 85.744299 38.218750 10.527772
v 85.992960 35.551611 12.278354
v 101.755701 34.000000 7.675353
v 98.492960 31.332861 4.075229
v 98.244299 34.000000 2.324647
v 89.255701 38.218750 15.878478
v 87.251340 40.885889 11.452543
v 85.744299 38.218750 10.527772
v 101.755701 34.000000 7.675353
v 98.244299 34.000000 2.324647
v 99.751340 36.667139 3.249418
v 89.255701 38.218750 15.878478
v 89.007040 40.885889 14.127896
v 87.251340 40.885889 11.452543
v 101.755701 34.000000 7.675353
v 99.751340 36.667139 3.249418
v 101.507040 36.667139 5.924771
v -29.730130 19.231324 -24.023710
v -28.000000 19.617788 -23.097807
v -29.520000 50.284988 -33.057807
v -31.250130 49.898524 -33.983710
v -29.730130 19.231324 -24.023710
v -29.520000 50.284988 -33.057807
v -29.730130 18.613535 -25.925903
v -29.730130 19.231324 -24.023710
v -31.250130 49.898524 -33.983710
v -31.250130 49.280735 -35.885903
v -29.730130 18.613535 -25.925903
v -31.250130 49.898524 -33.983710
v -28.000000 18.382212 -26.902193
v -29.730130 18.613535 -25.925903
v -31.250130 49.280735 -35.885903
v -29.520000 49.049412 -36.862193
v -28.000000 18.382212 -26.902193
v -31.250130 49.280735 -35.885903
v -26.269870 18.768676 -25.976290
v -28.000000 18.382212 -26.902193
v -29.520000 49.049412 -36.862193
v -27.789870 49.435876 -35.936290
v -26.269870 18.768676 -25.976290
v -29.520000 49.049412 -36.862193
v -26.269870 19.386465 -24.074097
v -26.269870 18.768676 -25.976290
v -27.789870 49.435876 -35.936290
v -27.789870 50.053665 -34.034097
v -26.269870 19.386465 -24.074097
v -27.789870 49.435876 -35.936290
v -28.000000 19.617788 -23.097807
v -26.269870 19.386465 -24.074097
v -27.789870 50.053665 -34.034097
v -29.520000 50.284988 -33.057807
v -28.000000 19.617788 -23.097807
v -27.789870 50.053665 -34.034097
v -29.520000 50.284988 -33.057807
v -31.250130 49.280735 -35.885903
v -31.250130 49.898524 -33.983710
v -28.000000 19.617788 -23.097807
v -29.730130 19.231324 -24.023710
v -29.730130 18.613535 -25.925903
v -29.520000 50.284988 -33.057807
v -29.520000 49.049412 -36.862193
v -31.250130 49.280735 -35.885903
v -28.000000 19.617788 -23.097807
v -29.730130 18.613535 -25.925903
v -28.000000 18.382212 -26.902193
v -29.520000 50.284988 -33.057807
v -27.789870 49.435876 -35.936290
v -29.520000 49.049412 -36.862193
v -28.000000 19.617788 -23.097807
v -28.000000 18.382212 -26.902193
v -26.269870 18.768676 -25.976290
v -29.520000 50.284988 -33.057807
v -27.789870 50.053665 -34.034097
v -27.789870 49.435876 -35.936290
v -28.000000 19.617788 -23.097807
v -26.269870 18.768676 -25.976290
v -26.269870 19.386465 -24.074097
v -24.551802 3.973852 -16.734118
v -24.748315 5.000000 -15.028714
v -29.748315 19.000000 -24.028714
v -29.551802 17.973852 -25.734118
v -24.551802 3.973852 -16.734118
v -29.748315 19.000000 -24.028714
v -22.803488 3.973852 -17.705404
v -24.551802 3.973852 -16.734118
v -29.551802 17.973852 -25.734118
v -27.803488 17.973852 -26.705404
v -22.803488 3.973852 -17.705404
v -29.551802 17.973852 -25.734118
v -21.251685 5.000000 -16.971286
v -22.803488 3.973852 -17.705404
v -27.803488 17.973852 -26.705404
v -26.251685 19.000000 -25.971286
v -21.251685 5.000000 -16.971286
v -27.803488 17.973852 -26.705404
v -21.448198 6.026148 -15.265882
v -21.251685 5.000000 -16.971286
v -26.251685 19.000000 -25.971286
v -26.448198 20.026148 -24.265882
v -21.448198 6.026148 -15.265882
v -26.251685 19.000000 -25.971286
v -23.196512 6.026148 -14.294596
v -21.448198 6.026148 -15.265882
v -26.448198 20.026148 -24.265882
v -28.196512 20.026148 -23.294596
v -23.196512 6.026148 -14.294596
v -26.448198 20.026148 -24.265882
v -24.748315 5.000000 -15.028714
v -23.196512 6.026148 -14.294596
v -28.196512 20.026148 -23.294596
v -29.748315 19.000000 -24.028714
v -24.748315 5.000000 -15.028714
v -28.196512 20.026148 -23.294596
v -29.748315 19.000000 -24.028714
v -27.803488 17.973852 -26.705404
v -29.551802 17.973852 -25.734118
v -24.748315 5.000000 -15.028714
v -24.551802 3.973852 -16.734118
v -22.803488 3.973852 -17.705404
v -29.748315 19.000000 -24.028714
v -26.251685 19.000000 -25.971286
v -27.803488 17.973852 -26.705404
v -24.748315 5.000000 -15.028714
v -22.803488 3.973852 -17.705404
v -21.251685 5.000000 -16.971286
v -29.748315 19.000000 -24.028714
v -26.448198 20.026148 -24.265882
v -26.251685 19.000000 -25.971286
v -24.748315 5.000000 -15.028714
v -21.251685 5.000000 -16.971286
v -21.448198 6.026148 -15.265882
v -29.748315 19.000000 -24.028714
v -28.196512 20.026148 -23.294596
v -26.448198 20.026148 -24.265882
v -24.748315 5.000000 -15.028714
v -21.448198 6.026148 -15.265882
v -23.196512 6.026148 -14.294596
v -23.255143 -3.019804 -12.176697
v -23.961161 -2.000000 -10.607768
v -24.961161 5.000000 -15.607768
v -24.255143 3.980196 -17.176697
v -23.255143 -3.019804 -12.176697
v -24.961161 5.000000 -15.607768
v -21.293982 -3.019804 -12.568929
v -23.255143 -3.019804 -12.176697
v -24.255143 3.980196 -17.176697
v -22.293982 3.980196 -17.568929
v -21.293982 -3.019804 -12.568929
v -24.255143 3.980196 -17.176697
v -20.038839 -2.000000 -11.392232
v -21.293982 -3.019804 -12.568929
v -22.293982 3.980196 -17.568929
v -21.038839 5.000000 -16.392232
v -20.038839 -2.000000 -11.392232
v -22.293982 3.980196 -17.568929
v -20.744857 -0.980196 -9.823303
v -20.038839 -2.000000 -11.392232
v -21.038839 5.000000 -16.392232
v -21.744857 6.019804 -14.823303
v -20.744857 -0.980196 -9.823303
v -21.038839 5.000000 -16.392232
v -22.706018 -0.980196 -9.431071
v -20.744857 -0.980196 -9.823303
v -21.744857 6.019804 -14.823303
v -23.706018 6.019804 -14.431071
v -22.706018 -0.980196 -9.431071
v -21.744857 6.019804 -14.823303
v -23.961161 -2.000000 -10.607768
v -22.706018 -0.980196 -9.431071
v -23.706018 6.019804 -14.431071
v -24.961161 5.000000 -15.607768
v -23.961161 -2.000000 -10.607768
v -23.706018 6.019804 -14.431071
v -24.961161 5.000000 -15.607768
v -22.293982 3.980196 -17.568929
v -24.255143 3.980196 -17.176697
v -23.961161 -2.000000 -10.607768
v -23.255143 -3.019804 -12.176697
v -21.293982 -3.019804 -12.568929
v -24.961161 5.000000 -15.607768
v -21.038839 5.000000 -16.392232
v -22.293982 3.980196 -17.568929
v -23.961161 -2.000000 -10.607768
v -21.293982 -3.019804 -12.568929
v -20.038839 -2.000000 -11.392232
v -24.961161 5.000000 -15.607768
v -21.744857 6.019804 -14.823303
v -21.038839 5.000000 -16.392232
v -23.961161 -2.000000 -10.607768
v -20.038839 -2.000000 -11.392232
v -20.744857 -0.980196 -9.823303
v -24.961161 5.000000 -15.607768
v -23.706018 6.019804 -14.431071
v -21.744857 6.019804 -14.823303
v -23.961161 -2.000000 -10.607768
v -20.744857 -0.980196 -9.823303
v -22.706018 -0.980196 -9.431071
v -24.120539 6.610506 19.902053
v -24.984556 8.000000 18.751931
v -23.984556 2.000000 10.751931
v -23.120539 0.610506 11.902053
v -24.120539 6.610506 19.902053
v -23.984556 2.000000 10.751931
v -22.135983 6.610506 20.150122
v -24.120539 6.610506 19.902053
v -23.120539 0.610506 11.902053
v -21.135983 0.610506 12.150122
v -22.135983 6.610506 20.150122
v -23.120539 0.610506 11.902053
v -21.015444 8.000000 19.248069
v -22.135983 6.610506 20.150122
v -21.135983 0.610506 12.150122
v -20.015444 2.000000 11.248069
v -21.015444 8.000000 19.248069
v -21.135983 0.610506 12.150122
v -21.879461 9.389494 18.097947
v -21.015444 8.000000 19.248069
v -20.015444 2.000000 11.248069
v -20.879461 3.389494 10.097947
v -21.879461 9.389494 18.097947
v -20.015444 2.000000 11.248069
v -23.864017 9.389494 17.849878
v -21.879461 9.389494 18.097947
v -20.879461 3.389494 10.097947
v -22.864017 3.389494 9.849878
v -23.864017 9.389494 17.849878
v -20.879461 3.389494 10.097947
v -24.984556 8.000000 18.751931
v -23.864017 9.389494 17.849878
v -22.864017 3.389494 9.849878
v -23.984556 2.000000 10.751931
v -24.984556 8.000000 18.751931
v -22.864017 3.389494 9.849878
v -23.984556 2.000000 10.751931
v -21.135983 0.610506 12.150122
v -23.120539 0.610506 11.902053
v -24.984556 8.000000 18.751931
v -24.120539 6.610506 19.902053
v -22.135983 6.610506 20.150122
v -23.984556 2.000000 10.751931
v -20.015444 2.000000 11.248069
v -21.135983 0.610506 12.150122
v -24.984556 8.000000 18.751931
v -22.135983 6.610506 20.150122
v -21.015444 8.000000 19.248069
v -23.984556 2.000000 10.751931
v -20.879461 3.389494 10.097947
v -20.015444 2.000000 11.248069
v -24.984556 8.000000 18.751931
v -21.015444 8.000000 19.248069
v -21.879461 9.389494 18.097947
v -23.984556 2.000000 10.751931
v -22.864017 3.389494 9.849878
v -20.879461 3.389494 10.097947
v -24.984556 8.000000 18.751931
v -21.879461 9.389494 18.097947
v -23.864017 9.389494 17.849878
v -29.426497 21.865627 31.823593
v -29.846154 23.000000 30.230769
v -24.846154 8.000000 18.230769
v -24.426497 6.865627 19.823593
v -29.426497 21.865627 31.823593
v -24.846154 8.000000 18.230769
v -27.580343 21.865627 32.592823
v -29.426497 21.865627 31.823593
v -24.426497 6.865627 19.823593
v -22.580343 6.865627 20.592823
v -27.580343 21.865627 32.592823
v -24.426497 6.865627 19.823593
v -26.153846 23.000000 31.769231
v -27.580343 21.865627 32.592823
v -22.580343 6.865627 20.592823
v -21.153846 8.000000 19.769231
v -26.153846 23.000000 31.769231
v -22.580343 6.865627 20.592823
v -26.573503 24.134373 30.176407
v -26.153846 23.000000 31.769231
v -21.153846 8.000000 19.769231
v -21.573503 9.134373 18.176407
v -26.573503 24.134373 30.176407
v -21.153846 8.000000 19.769231
v -28.419657 24.134373 29.407177
v -26.573503 24.134373 30.176407
v -21.573503 9.134373 18.176407
v -23.419657 9.134373 17.407177
v -28.419657 24.134373 29.407177
v -21.573503 9.134373 18.176407
v -29.846154 23.000000 30.230769
v -28.419657 24.134373 29.407177
v -23.419657 9.134373 17.407177
v -24.846154 8.000000 18.230769
v -29.846154 23.000000 30.230769
v -23.419657 9.134373 17.407177
v -24.846154 8.000000 18.230769
v -22.580343 6.865627 20.592823
v -24.426497 6.865627 19.823593
v -29.846154 23.000000 30.230769
v -29.426497 21.865627 31.823593
v -27.580343 21.865627 32.592823
v -24.846154 8.000000 18.230769
v -21.153846 8.000000 19.769231
v -22.580343 6.865627 20.592823
v -29.846154 23.000000 30.230769
v -27.580343 21.865627 32.592823
v -26.153846 23.000000 31.769231
v -24.846154 8.000000 18.230769
v -21.573503 9.134373 18.176407
v -21.153846 8.000000 19.769231
v -29.846154 23.000000 30.230769
v -26.153846 23.000000 31.769231
v -26.573503 24.134373 30.176407
v -24.846154 8.000000 18.230769
v -23.419657 9.134373 17.407177
v -21.573503 9.134373 18.176407
v -29.846154 23.000000 30.230769
v -26.573503 24.134373 30.176407
v -28.419657 24.134373 29.407177
v -37.667097 49.568186 39.619553
v -36.000000 50.352107 38.840930
v -28.000000 23.684907 29.120930
v -29.667097 22.900986 29.899553
v -37.667097 49.568186 39.619553
v -28.000000 23.684907 29.120930
v -37.667097 48.883278 41.498623
v -37.667097 49.568186 39.619553
v -29.667097 22.900986 29.899553
v -29.667097 22.216078 31.778623
v -37.667097 48.883278 41.498623
v -29.667097 22.900986 29.899553
v -36.000000 48.982293 42.599070
v -37.667097 48.883278 41.498623
v -29.667097 22.216078 31.778623
v -28.000000 22.315093 32.879070
v -36.000000 48.982293 42.599070
v -29.667097 22.216078 31.778623
v -34.332903 49.766214 41.820447
v -36.000000 48.982293 42.599070
v -28.000000 22.315093 32.879070
v -26.332903 23.099014 32.100447
v -34.332903 49.766214 41.820447
v -28.000000 22.315093 32.879070
v -34.332903 50.451122 39.941377
v -34.332903 49.766214 41.820447
v -26.332903 23.099014 32.100447
v -26.332903 23.783922 30.221377
v -34.332903 50.451122 39.941377
v -26.332903 23.099014 32.100447
v -36.000000 50.352107 38.840930
v -34.332903 50.451122 39.941377
v -26.332903 23.783922 30.221377
v -28.000000 23.684907 29.120930
v -36.000000 50.352107 38.840930
v -26.332903 23.783922 30.221377
v -28.000000 23.684907 29.120930
v -29.667097 22.216078 31.778623
v -29.667097 22.900986 29.899553
v -36.000000 50.352107 38.840930
v -37.667097 49.568186 39.619553
v -37.667097 48.883278 41.498623
v -28.000000 23.684907 29.120930
v -28.000000 22.315093 32.879070
v -29.667097 22.216078 31.778623
v -36.000000 50.352107 38.840930
v -37.667097 48.883278 41.498623
v -36.000000 48.982293 42.599070
v -28.000000 23.684907 29.120930
v -26.332903 23.099014 32.100447
v -28.000000 22.315093 32.879070
v -36.000000 50.352107 38.840930
v -36.000000 48.982293 42.599070
v -34.332903 49.766214 41.820447
v -28.000000 23.684907 29.120930
v -26.332903 23.783922 30.221377
v -26.332903 23.099014 32.100447
v -36.000000 50.352107 38.840930
v -34.332903 49.766214 41.820447
v -34.332903 50.451122 39.941377
v -23.350000 -0.300552 11.418282
v -24.700000 2.000000 11.000000
v -24.700000 -2.000000 -11.000000
v -23.350000 -4.300552 -10.581718
v -23.350000 -0.300552 11.418282
v -24.700000 -2.000000 -11.000000
v -20.650000 -0.300552 11.418282
v -23.350000 -0.300552 11.418282
v -23.350000 -4.300552 -10.581718
v -20.650000 -4.300552 -10.581718
v -20.650000 -0.300552 11.418282
v -23.350000 -4.300552 -10.581718
v -19.300000 2.000000 11.000000
v -20.650000 -0.300552 11.418282
v -20.650000 -4.300552 -10.581718
v -19.300000 -2.000000 -11.000000
v -19.300000 2.000000 11.000000
v -20.650000 -4.300552 -10.581718
v -20.650000 4.300552 10.581718
v -19.300000 2.000000 11.000000
v -19.300000 -2.000000 -11.000000
v -20.650000 0.300552 -11.418282
v -20.650000 4.300552 10.581718
v -19.300000 -2.000000 -11.000000
v -23.350000 4.300552 10.581718
v -20.650000 4.300552 10.581718
v -20.650000 0.300552 -11.418282
v -23.350000 0.300552 -11.418282
v -23.350000 4.300552 10.581718
v -20.650000 0.300552 -11.418282
v -24.700000 2.000000 11.000000
v -23.350000 4.300552 10.581718
v -23.350000 0.300552 -11.418282
v -24.700000 -2.000000 -11.000000
v -24.700000 2.000000 11.000000
v -23.350000 0.300552 -11.418282
v -24.700000 -2.000000 -11.000000
v -20.650000 -4.300552 -10.581718
v -23.350000 -4.300552 -10.581718
v -24.700000 2.000000 11.000000
v -23.350000 -0.300552 11.418282
v -20.650000 -0.300552 11.418282
v -24.700000 -2.000000 -11.000000
v -19.300000 -2.000000 -11.000000
v -20.650000 -4.300552 -10.581718
v -24.700000 2.000000 11.000000
v -20.650000 -0.300552 11.418282
v -19.300000 2.000000 11.000000
v -24.700000 -2.000000 -11.000000
v -20.650000 0.300552 -11.418282
v -19.300000 -2.000000 -11.000000
v -24.700000 2.000000 11.000000
v -19.300000 2.000000 11.000000
v -20.650000 4.300552 10.581718
v -24.700000 -2.000000 -11.000000
v -23.350000 0.300552 -11.418282
v -20.650000 0.300552 -11.418282
v -24.700000 2.000000 11.000000
v -20.650000 4.300552 10.581718
v -23.350000 4.300552 10.581718
v 26.269870 19.386465 -24.074097
v 28.000000 19.617788 -23.097807
v 29.520000 50.284988 -33.057807
v 27.789870 50.053665 -34.034097
v 26.269870 19.386465 -24.074097
v 29.520000 50.284988 -33.057807
v 26.269870 18.768676 -25.976290
v 26.269870 19.386465 -24.074097
v 27.789870 50.053665 -34.034097
v 27.789870 49.435876 -35.936290
v 26.269870 18.768676 -25.976290
v 27.789870 50.053665 -34.034097
v 28.000000 18.382212 -26.902193
v 26.269870 18.768676 -25.976290
v 27.789870 49.435876 -35.936290
v 29.520000 49.049412 -36.862193
v 28.000000 18.382212 -26.902193
v 27.789870 49.435876 -35.936290
v 29.730130 18.613535 -25.925903
v 28.000000 18.382212 -26.902193
v 29.520000 49.049412 -36.862193
v 31.250130 49.280735 -35.885903
v 29.730130 18.613535 -25.925903
v 29.520000 49.049412 -36.862193
v 29.730130 19.231324 -24.023710
v 29.730130 18.613535 -25.925903
v 31.250130 49.280735 -35.885903
v 31.250130 49.898524 -33.983710
v 29.730130 19.231324 -24.023710
v 31.250130 49.280735 -35.885903
v 28.000000 19.617788 -23.097807
v 29.730130 19.231324 -24.023710
v 31.250130 49.898524 -33.983710
v 29.520000 50.284988 -33.057807
v 28.000000 19.617788 -23.097807
v 31.250130 49.898524 -33.983710
v 29.520000 50.284988 -33.057807
v 27.789870 49.435876 -35.936290
v 27.789870 50.053665 -34.034097
v 28.000000 19.617788 -23.097807
v 26.269870 19.386465 -24.074097
v 26.269870 18.768676 -25.976290
v 29.520000 50.284988 -33.057807
v 29.520000 49.049412 -36.862193
v 27.789870 49.435876 -35.936290
v 28.000000 19.617788 -23.097807
v 26.269870 18.768676 -25.976290
v 28.000000 18.382212 -26.902193
v 29.520000 50.284988 -33.057807
v 31.250130 49.280735 -35.885903
v 29.520000 49.049412 -36.862193
v 28.000000 19.617788 -23.097807
v 28.000000 18.382212 -26.902193
v 29.730130 18.613535 -25.925903
v 29.520000 50.284988 -33.057807
v 31.250130 49.898524 -33.983710
v 31.250130 49.280735 -35.885903
v 28.000000 19.617788 -23.097807
v 29.730130 18.613535 -25.925903
v 29.730130 19.231324 -24.023710
v 22.803488 3.973852 -17.705404
v 21.251685 5.000000 -16.971286
v 26.251685 19.000000 -25.971286
v 27.803488 17.973852 -26.705404
v 22.803488 3.973852 -17.705404
v 26.251685 19.000000 -25.971286
v 24.551802 3.973852 -16.734118
v 22.803488 3.973852 -17.705404
v 27.803488 17.973852 -26.705404
v 29.551802 17.973852 -25.734118
v 24.551802 3.973852 -16.734118
v 27.803488 17.973852 -26.705404
v 24.748315 5.000000 -15.028714
v 24.551802 3.973852 -16.734118
v 29.551802 17.973852 -25.734118
v 29.748315 19.000000 -24.028714
v 24.748315 5.000000 -15.028714
v 29.551802 17.973852 -25.734118
v 23.196512 6.026148 -14.294596
v 24.748315 5.000000 -15.028714
v 29.748315 19.000000 -24.028714
v 28.196512 20.026148 -23.294596
v 23.196512 6.026148 -14.294596
v 29.748315 19.000000 -24.028714
v 21.448198 6.026148 -15.265882
v 23.196512 6.026148 -14.294596
v 28.196512 20.026148 -23.294596
v 26.448198 20.026148 -24.265882
v 21.448198 6.026148 -15.265882
v 28.196512 20.026148 -23.294596
v 21.251685 5.000000 -16.971286
v 21.448198 6.026148 -15.265882
v 26.448198 20.026148 -24.265882
v 26.251685 19.000000 -25.971286
v 21.251685 5.000000 -16.971286
v 26.448198 20.026148 -24.265882
v 26.251685 19.000000 -25.971286
v 29.551802 17.973852 -25.734118
v 27.803488 17.973852 -26.705404
v 21.251685 5.000000 -16.971286
v 22.803488 3.973852 -17.705404
v 24.551802 3.973852 -16.734118
v 26.251685 19.000000 -25.971286
v 29.748315 19.000000 -24.028714
v 29.551802 17.973852 -25.734118
v 21.251685 5.000000 -16.971286
v 24.551802 3.973852 -16.734118
v 24.748315 5.000000 -15.028714
v 26.251685 19.000000 -25.971286
v 28.196512 20.026148 -23.294596
v 29.748315 19.000000 -24.028714
v 21.251685 5.000000 -16.971286
v 24.748315 5.000000 -15.028714
v 23.196512 6.026148 -14.294596
v 26.251685 19.000000 -25.971286
v 26.448198 20.026148 -24.265882
v 28.196512 20.026148 -23.294596
v 21.251685 5.000000 -16.971286
v 23.196512 6.026148 -14.294596
v 21.448198 6.026148 -15.265882
v 21.293982 -3.019804 -12.568929
v 20.038839 -2.000000 -11.392232
v 21.038839 5.000000 -16.392232
v 22.293982 3.980196 -17.568929
v 21.293982 -3.019804 -12.568929
v 21.038839 5.000000 -16.392232
v 23.255143 -3.019804 -12.176697
v 21.293982 -3.019804 -12.568929
v 22.293982 3.980196 -17.568929
v 24.255143 3.980196 -17.176697
v 23.255143 -3.019804 -12.176697
v 22.293982 3.980196 -17.568929
v 23.961161 -2.000000 -10.607768
v 23.255143 -3.019804 -12.176697
v 24.255143 3.980196 -17.176697
v 24.961161 5.000000 -15.607768
v 23.961161 -2.000000 -10.607768
v 24.255143 3.980196 -17.176697
v 22.706018 -0.980196 -9.431071
v 23.961161 -2.000000 -10.607768
v 24.961161 5.000000 -15.607768
v 23.706018 6.019804 -14.431071
v 22.706018 -0.980196 -9.431071
v 24.961161 5.000000 -15.607768
v 20.744857 -0.980196 -9.823303
v 22.706018 -0.980196 -9.431071
v 23.706018 6.019804 -14.431071
v 21.744857 6.019804 -14.823303
v 20.744857 -0.980196 -9.823303
v 23.706018 6.019804 -14.431071
v 20.038839 -2.000000 -11.392232
v 20.744857 -0.980196 -9.823303
v 21.744857 6.019804 -14.823303
v 21.038839 5.000000 -16.392232
v 20.038839 -2.000000 -11.392232
v 21.744857 6.019804 -14.823303
v 21.038839 5.000000 -16.392232
v 24.255143 3.980196 -17.176697
v 22.293982 3.980196 -17.568929
v 20.038839 -2.000000 -11.392232
v 21.293982 -3.019804 -12.568929
v 23.255143 -3.019804 -12.176697
v 21.038839 5.000000 -16.392232
v 24.961161 5.000000 -15.607768
v 24.255143 3.980196 -17.176697
v 20.038839 -2.000000 -11.392232
v 23.255143 -3.019804 -12.176697
v 23.961161 -2.000000 -10.607768
v 21.038839 5.000000 -16.392232
v 23.706018 6.019804 -14.431071
v 24.961161 5.000000 -15.607768
v 20.038839 -2.000000 -11.392232
v 23.961161 -2.000000 -10.607768
v 22.706018 -0.980196 -9.431071
v 21.038839 5.000000 -16.392232
v 21.744857 6.019804 -14.823303
v 23.706018 6.019804 -14.431071
v 20.038839 -2.000000 -11.392232
v 22.706018 -0.980196 -9.431071
v 20.744857 -0.980196 -9.823303
v 22.135983 6.610506 20.150122
v 21.015444 8.000000 19.248069
v 20.015444 2.000000 11.248069
v 21.135983 0.610506 12.150122
v 22.135983 6.610506 20.150122
v 20.015444 2.000000 11.248069
v 24.120539 6.610506 19.902053
v 22.135983 6.610506 20.150122
v 21.135983 0.610506 12.150122
v 23.120539 0.610506 11.902053
v 24.120539 6.610506 19.902053
v 21.135983 0.610506 12.150122
v 24.984556 8.000000 18.751931
v 24.120539 6.610506 19.902053
v 23.120539 0.610506 11.902053
v 23.984556 2.000000 10.751931
v 24.984556 8.000000 18.751931
v 23.120539 0.610506 11.902053
v 23.864017 9.389494 17.849878
v 24.984556 8.000000 18.751931
v 23.984556 2.000000 10.751931
v 22.864017 3.389494 9.849878
v 23.864017 9.389494 17.849878
v 23.984556 2.000000 10.751931
v 21.879461 9.389494 18.097947
v 23.864017 9.389494 17.849878
v 22.864017 3.389494 9.849878
v 20.879461 3.389494 10.097947
v 21.879461 9.389494 18.097947
v 22.864017 3.389494 9.849878
v 21.015444 8.000000 19.248069
v 21.879461 9.389494 18.097947
v 20.879461 3.389494 10.097947
v 20.015444 2.000000 11.248069
v 21.015444 8.000000 19.248069
v 20.879461 3.389494 10.097947
v 20.015444 2.000000 11.248069
v 23.120539 0.610506 11.902053
v 21.135983 0.610506 12.150122
v 21.015444 8.000000 19.248069
v 22.135983 6.610506 20.150122
v 24.120539 6.610506 19.902053
v 20.015444 2.000000 11.248069
v 23.984556 2.000000 10.751931
v 23.120539 0.610506 11.902053
v 21.015444 8.000000 19.248069
v 24.120539 6.610506 19.902053
v 24.984556 8.000000 18.751931
v 20.015444 2.000000 11.248069
v 22.864017 3.389494 9.849878
v 23.984556 2.000000 10.751931
v 21.015444 8.000000 19.248069
v 24.984556 8.000000 18.751931
v 23.864017 9.389494 17.849878
v 20.015444 2.000000 11.248069
v 20.879461 3.389494 10.097947
v 22.864017 3.389494 9.849878
v 21.015444 8.000000 19.248069
v 23.864017 9.389494 17.849878
v 21.879461 9.389494 18.097947
v 27.580343 21.865627 32.592823
v 26.153846 23.000000 31.769231
v 21.153846 8.000000 19.769231
v 22.580343 6.865627 20.592823
v 27.580343 21.865627 32.592823
v 21.153846 8.000000 19.769231
v 29.426497 21.865627 31.823593
v 27.580343 21.865627 32.592823
v 22.580343 6.865627 20.592823
v 24.426497 6.865627 19.823593
v 29.426497 21.865627 31.823593
v 22.580343 6.865627 20.592823
v 29.846154 23.000000 30.230769
v 29.426497 21.865627 31.823593
v 24.426497 6.865627 19.823593
v 24.846154 8.000000 18.230769
v 29.846154 23.000000 30.230769
v 24.426497 6.865627 19.823593
v 28.419657 24.134373 29.407177
v 29.846154 23.000000 30.230769
v 24.846154 8.000000 18.230769
v 23.419657 9.134373 17.407177
v 28.419657 24.134373 29.407177
v 24.846154 8.000000 18.230769
v 26.573503 24.134373 30.176407
v 28.419657 24.134373 29.407177
v 23.419657 9.134373 17.407177
v 21.573503 9.134373 18.176407
v 26.573503 24.134373 30.176407
v 23.419657 9.134373 17.407177
v 26.153846 23.000000 31.769231
v 26.573503 24.134373 30.176407
v 21.573503 9.134373 18.176407
v 21.153846 8.000000 19.769231
v 26.153846 23.000000 31.769231
v 21.573503 9.134373 18.176407
v 21.153846 8.000000 19.769231
v 24.426497 6.865627 19.823593
v 22.580343 6.865627 20.592823
v 26.153846 23.000000 31.769231
v 27.580343 21.865627 32.592823
v 29.426497 21.865627 31.823593
v 21.153846 8.000000 19.769231
v 24.846154 8.000000 18.230769
v 24.426497 6.865627 19.823593
v 26.153846 23.000000 31.769231
v 29.426497 21.865627 31.823593
v 29.846154 23.000000 30.230769
v 21.153846 8.000000 19.769231
v 23.419657 9.134373 17.407177
v 24.846154 8.000000 18.230769
v 26.153846 23.000000 31.769231
v 29.846154 23.000000 30.230769
v 28.419657 24.134373 29.407177
v 21.153846 8.000000 19.769231
v 21.573503 9.134373 18.176407
v 23.419657 9.134373 17.407177
v 26.153846 23.000000 31.769231
v 28.419657 24.134373 29.407177
v 26.573503 24.134373 30.176407
v 34.332903 50.451122 39.941377
v 36.000000 50.352107 38.840930
v 28.000000 23.684907 29.120930
v 26.332903 23.783922 30.221377
v 34.332903 50.451122 39.941377
v 28.000000 23.684907 29.120930
v 34.332903 49.766214 41.820447
v 34.332903 50.451122 39.941377
v 26.332903 23.783922 30.221377
v 26.332903 23.099014 32.100447
v 34.332903 49.766214 41.820447
v 26.332903 23.783922 30.221377
v 36.000000 48.982293 42.599070
v 34.332903 49.766214 41.820447
v 26.332903 23.099014 32.100447
v 28.000000 22.315093 32.879070
v 36.000000 48.982293 42.599070
v 26.332903 23.099014 32.100447
v 37.667097 48.883278 41.498623
v 36.000000 48.982293 42.599070
v 28.000000 22.315093 32.879070
v 29.667097 22.216078 31.778623
v 37.667097 48.883278 41.498623
v 28.000000 22.315093 32.879070
v 37.667097 49.568186 39.619553
v 37.667097 48.883278 41.498623
v 29.667097 22.216078 31.778623
v 29.667097 22.900986 29.899553
v 37.667097 49.568186 39.619553
v 29.667097 22.216078 31.778623
v 36.000000 50.352107 38.840930
v 37.667097 49.568186 39.619553
v 29.667097 22.900986 29.899553
v 28.000000 23.684907 29.120930
v 36.000000 50.352107 38.840930
v 29.667097 22.900986 29.899553
v 28.000000 23.684907 29.120930
v 26.332903 23.099014 32.100447
v 26.332903 23.783922 30.221377
v 36.000000 50.352107 38.840930
v 34.332903 50.451122 39.941377
v 34.332903 49.766214 41.820447
v 28.000000 23.684907 29.120930
v 28.000000 22.315093 32.879070
v 26.332903 23.099014 32.100447
v 36.000000 50.352107 38.840930
v 34.332903 49.766214 41.820447
v 36.000000 48.982293 42.599070
v 28.000000 23.684907 29.120930
v 29.667097 22.216078 31.778623
v 28.000000 22.315093 32.879070
v 36.000000 50.352107 38.840930
v 36.000000 48.982293 42.599070
v 37.667097 48.883278 41.498623
v 28.000000 23.684907 29.120930
v 29.667097 22.900986 29.899553
v 29.667097 22.216078 31.778623
v 36.000000 50.352107 38.840930
v 37.667097 48.883278 41.498623
v 37.667097 49.568186 39.619553
v 20.650000 -0.300552 11.418282
v 19.300000 2.000000 11.000000
v 19.300000 -2.000000 -11.000000
v 20.650000 -4.300552 -10.581718
v 20.650000 -0.300552 11.418282
v 19.300000 -2.000000 -11.000000
v 23.350000 -0.300552 11.418282
v 20.650000 -0.300552 11.418282
v 20.650000 -4.300552 -10.581718
v 23.350000 -4.300552 -10.581718
v 23.350000 -0.300552 11.418282
v 20.650000 -4.300552 -10.581718
v 24.700000 2.000000 11.000000
v 23.350000 -0.300552 11.418282
v 23.350000 -4.300552 -10.581718
v 24.700000 -2.000000 -11.000000
v 24.700000 2.000000 11.000000
v 23.350000 -4.300552 -10.581718
v 23.350000 4.300552 10.581718
v 24.700000 2.000000 11.000000
v 24.700000 -2.000000 -11.000000
v 23.350000 0.300552 -11.418282
v 23.350000 4.300552 10.581718
v 24.700000 -2.000000 -11.000000
v 20.650000 4.300552 10.581718
v 23.350000 4.300552 10.581718
v 23.350000 0.300552 -11.418282
v 20.650000 0.300552 -11.418282
v 20.650000 4.300552 10.581718
v 23.350000 0.300552 -11.418282
v 19.300000 2.000000 11.000000
v 20.650000 4.300552 10.581718
v 20.650000 0.300552 -11.418282
v 19.300000 -2.000000 -11.000000
v 19.300000 2.000000 11.000000
v 20.650000 0.300552 -11.418282
v 19.300000 -2.000000 -11.000000
v 23.350000 -4.300552 -10.581718
v 20.650000 -4.300552 -10.581718
v 19.300000 2.000000 11.000000
v 20.650000 -0.300552 11.418282
v 23.350000 -0.300552 11.418282
v 19.300000 -2.000000 -11.000000
v 24.700000 -2.000000 -11.000000
v 23.350000 -4.300552 -10.581718
v 19.300000 2.000000 11.000000
v 23.350000 -0.300552 11.418282
v 24.700000 2.000000 11.000000
v 19.300000 -2.000000 -11.000000
v 23.350000 0.300552 -11.418282
v 24.700000 -2.000000 -11.000000
v 19.300000 2.000000 11.000000
v 24.700000 2.000000 11.000000
v 23.350000 4.300552 10.581718
v 19.300000 -2.000000 -11.000000
v 20.650000 0.300552 -11.418282
v 23.350000 0.300552 -11.418282
v 19.300000 2.000000 11.000000
v 23.350000 4.300552 10.581718
v 20.650000 4.300552 10.581718
v -34.641478 47.935149 -29.768318
v -35.442956 49.667200 -30.366343
v -31.122956 49.667200 -36.156049
v -30.321478 47.935149 -35.558024
v -34.641478 47.935149 -29.768318
v -31.122956 49.667200 -36.156049
v -33.038522 47.935149 -28.572270
v -34.641478 47.935149 -29.768318
v -30.321478 47.935149 -35.558024
v -28.718522 47.935149 -34.361976
v -33.038522 47.935149 -28.572270
v -30.321478 47.935149 -35.558024
v -32.237044 49.667200 -27.974245
v -33.038522 47.935149 -28.572270
v -28.718522 47.935149 -34.361976
v -27.917044 49.667200 -33.763951
v -32.237044 49.667200 -27.974245
v -28.718522 47.935149 -34.361976
v -33.038522 51.399251 -28.572270
v -32.237044 49.667200 -27.974245
v -27.917044 49.667200 -33.763951
v -28.718522 51.399251 -34.361976
v -33.038522 51.399251 -28.572270
v -27.917044 49.667200 -33.763951
v -34.641478 51.399251 -29.768318
v -33.038522 51.399251 -28.572270
v -28.718522 51.399251 -34.361976
v -30.321478 51.399251 -35.558024
v -34.641478 51.399251 -29.768318
v -28.718522 51.399251 -34.361976
v -35.442956 49.667200 -30.366343
v -34.641478 51.399251 -29.768318
v -30.321478 51.399251 -35.558024
v -31.122956 49.667200 -36.156049
v -35.442956 49.667200 -30.366343
v -30.321478 51.399251 -35.558024
v -31.122956 49.667200 -36.156049
v -28.718522 47.935149 -34.361976
v -30.321478 47.935149 -35.558024
v -35.442956 49.667200 -30.366343
v -34.641478 47.935149 -29.768318
v -33.038522 47.935149 -28.572270
v -31.122956 49.667200 -36.156049
v -27.917044 49.667200 -33.763951
v -28.718522 47.935149 -34.361976
v -35.442956 49.667200 -30.366343
v -33.038522 47.935149 -28.572270
v -32.237044 49.667200 -27.974245
v -31.122956 49.667200 -36.156049
v -28.718522 51.399251 -34.361976
v -27.917044 49.667200 -33.763951
v -35.442956 49.667200 -30.366343
v -32.237044 49.667200 -27.974245
v -33.038522 51.399251 -28.572270
v -31.122956 49.667200 -36.156049
v -30.321478 51.399251 -35.558024
v -28.718522 51.399251 -34.361976
v -35.442956 49.667200 -30.366343
v -33.038522 51.399251 -28.572270
v -34.641478 51.399251 -29.768318
v -35.000000 47.935149 35.464000
v -34.000000 49.667200 35.464000
v -34.000000 49.667200 40.720000
v -35.000000 47.935149 40.720000
v -35.000000 47.935149 35.464000
v -34.000000 49.667200 40.720000
v -37.000000 47.935149 35.464000
v -35.000000 47.935149 35.464000
v -35.000000 47.935149 40.720000
v -37.000000 47.935149 40.720000
v -37.000000 47.935149 35.464000
v -35.000000 47.935149 40.720000
v -38.000000 49.667200 35.464000
v -37.000000 47.935149 35.464000
v -37.000000 47.935149 40.720000
v -38.000000 49.667200 40.720000
v -38.000000 49.667200 35.464000
v -37.000000 47.935149 40.720000
v -37.000000 51.399251 35.464000
v -38.000000 49.667200 35.464000
v -38.000000 49.667200 40.720000
v -37.000000 51.399251 40.720000
v -37.000000 51.399251 35.464000
v -38.000000 49.667200 40.720000
v -35.000000 51.399251 35.464000
v -37.000000 51.399251 35.464000
v -37.000000 51.399251 40.720000
v -35.000000 51.399251 40.720000
v -35.000000 51.399251 35.464000
v -37.000000 51.399251 40.720000
v -34.000000 49.667200 35.464000
v -35.000000 51.399251 35.464000
v -35.000000 51.399251 40.720000
v -34.000000 49.667200 40.720000
v -34.000000 49.667200 35.464000
v -35.000000 51.399251 40.720000
v -34.000000 49.667200 40.720000
v -37.000000 47.935149 40.720000
v -35.000000 47.935149 40.720000
v -34.000000 49.667200 35.464000
v -35.000000 47.935149 35.464000
v -37.000000 47.935149 35.464000
v -34.000000 49.667200 40.720000
v -38.000000 49.667200 40.720000
v -37.000000 47.935149 40.720000
v -34.000000 49.667200 35.464000
v -37.000000 47.935149 35.464000
v -38.000000 49.667200 35.464000
v -34.000000 49.667200 40.720000
v -37.000000 51.399251 40.720000
v -38.000000 49.667200 40.720000
v -34.000000 49.667200 35.464000
v -38.000000 49.667200 35.464000
v -37.000000 51.399251 35.464000
v -34.000000 49.667200 40.720000
v -35.000000 51.399251 40.720000
v -37.000000 51.399251 40.720000
v -34.000000 49.667200 35.464000
v -37.000000 51.399251 35.464000
v -35.000000 51.399251 35.464000
v 33.038522 47.935149 -28.572270
v 32.237044 49.667200 -27.974245
v 27.917044 49.667200 -33.763951
v 28.718522 47.935149 -34.361976
v 33.038522 47.935149 -28.572270
v 27.917044 49.667200 -33.763951
v 34.641478 47.935149 -29.768318
v 33.038522 47.935149 -28.572270
v 28.718522 47.935149 -34.361976
v 30.321478 47.935149 -35.558024
v 34.641478 47.935149 -29.768318
v 28.718522 47.935149 -34.361976
v 35.442956 49.667200 -30.366343
v 34.641478 47.935149 -29.768318
v 30.321478 47.935149 -35.558024
v 31.122956 49.667200 -36.156049
v 35.442956 49.667200 -30.366343
v 30.321478 47.935149 -35.558024
v 34.641478 51.399251 -29.768318
v 35.442956 49.667200 -30.366343
v 31.122956 49.667200 -36.156049
v 30.321478 51.399251 -35.558024
v 34.641478 51.399251 -29.768318
v 31.122956 49.667200 -36.156049
v 33.038522 51.399251 -28.572270
v 34.641478 51.399251 -29.768318
v 30.321478 51.399251 -35.558024
v 28.718522 51.399251 -34.361976
v 33.038522 51.399251 -28.572270
v 30.321478 51.399251 -35.558024
v 32.237044 49.667200 -27.974245
v 33.038522 51.399251 -28.572270
v 28.718522 51.399251 -34.361976
v 27.917044 49.667200 -33.763951
v 32.237044 49.667200 -27.974245
v 28.718522 51.399251 -34.361976
v 27.917044 49.667200 -33.763951
v 30.321478 47.935149 -35.558024
v 28.718522 47.935149 -34.361976
v 32.237044 49.667200 -27.974245
v 33.038522 47.935149 -28.572270
v 34.641478 47.935149 -29.768318
v 27.917044 49.667200 -33.763951
v 31.122956 49.667200 -36.156049
v 30.321478 47.935149 -35.558024
v 32.237044 49.667200 -27.974245
v 34.641478 47.935149 -29.768318
v 35.442956 49.667200 -30.366343
v 27.917044 49.667200 -33.763951
v 30.321478 51.399251 -35.558024
v 31.122956 49.667200 -36.156049
v 32.237044 49.667200 -27.974245
v 35.442956 49.667200 -30.366343
v 34.641478 51.399251 -29.768318
v 27.917044 49.667200 -33.763951
v 28.718522 51.399251 -34.361976
v 30.321478 51.399251 -35.558024
v 32.237044 49.667200 -27.974245
v 34.641478 51.399251 -29.768318
v 33.038522 51.399251 -28.572270
v 37.000000 47.935149 35.464000
v 38.000000 49.667200 35.464000
v 38.000000 49.667200 40.720000
v 37.000000 47.935149 40.720000
v 37.000000 47.935149 35.464000
v 38.000000 49.667200 40.720000
v 35.000000 47.935149 35.464000
v 37.000000 47.935149 35.464000
v 37.000000 47.935149 40.720000
v 35.000000 47.935149 40.720000
v 35.000000 47.935149 35.464000
v 37.000000 47.935149 40.720000
v 34.000000 49.667200 35.464000
v 35.000000 47.935149 35.464000
v 35.000000 47.935149 40.720000
v 34.000000 49.667200 40.720000
v 34.000000 49.667200 35.464000
v 35.000000 47.935149 40.720000
v 35.000000 51.399251 35.464000
v 34.000000 49.667200 35.464000
v 34.000000 49.667200 40.720000
v 35.000000 51.399251 40.720000
v 35.000000 51.399251 35.464000
v 34.000000 49.667200 40.720000
v 37.000000 51.399251 35.464000
v 35.000000 51.399251 35.464000
v 35.000000 51.399251 40.720000
v 37.000000 51.399251 40.720000
v 37.000000 51.399251 35.464000
v 35.000000 51.399251 40.720000
v 38.000000 49.667200 35.464000
v 37.000000 51.399251 35.464000
v 37.000000 51.399251 40.720000
v 38.000000 49.667200 40.720000
v 38.000000 49.667200 35.464000
v 37.000000 51.399251 40.720000
v 38.000000 49.667200 40.720000
v 35.000000 47.935149 40.720000
v 37.000000 47.935149 40.720000
v 38.000000 49.667200 35.464000
v 37.000000 47.935149 35.464000
v 35.000000 47.935149 35.464000
v 38.000000 49.667200 40.720000
v 34.000000 49.667200 40.720000
v 35.000000 47.935149 40.720000
v 38.000000 49.667200 35.464000
v 35.000000 47.935149 35.464000
v 34.000000 49.667200 35.464000
v 38.000000 49.667200 40.720000
v 35.000000 51.399251 40.720000
v 34.000000 49.667200 40.720000
v 38.000000 49.667200 35.464000
v 34.000000 49.667200 35.464000
v 35.000000 51.399251 35.464000
v 38.000000 49.667200 40.720000
v 37.000000 51.399251 40.720000
v 35.000000 51.399251 40.720000
v 38.000000 49.667200 35.464000
v 35.000000 51.399251 35.464000
v 37.000000 51.399251 35.464000
vt 0.9980469 0.4845898
vt 0.9440918 0.5556113
vt 0.9440918 0.4845898
vt 0.9980469 0.4845898
vt 0.9980469 0.5556113
vt 0.9440918 0.5556113
vt 0.9980469 0.5556113
vt 0.9440918 0.6266328
vt 0.9440918 0.5556113
vt 0.9980469 0.5556113
vt 0.9980469 0.6266328
vt 0.9440918 0.6266328
vt 0.9980469 0.6266328
vt 0.9440918 0.6976543
vt 0.9440918 0.6266328
vt 0.9980469 0.6266328
vt 0.9980469 0.6976543
vt 0.9440918 0.6976543
vt 0.9980469 0.6976543
vt 0.9440918 0.7686758
vt 0.9440918 0.6976543
vt 0.9980469 0.6976543
vt 0.9980469 0.7686758
vt 0.9440918 0.7686758
vt 0.9980469 0.7686758
vt 0.9440918 0.8396973
vt 0.9440918 0.7686758
vt 0.9980469 0.7686758
vt 0.9980469 0.8396973
vt 0.9440918 0.8396973
vt 0.9980469 0.8396973
vt 0.9440918 0.9107188
vt 0.9440918 0.8396973
vt 0.9980469 0.8396973
vt 0.9980469 0.9107188
vt 0.9440918 0.9107188
vt 0.9440918 0.4845898
vt 0.8901367 0.5556113
vt 0.8901367 0.4845898
vt 0.9440918 0.4845898
vt 0.9440918 0.5556113
vt 0.8901367 0.5556113
vt 0.9440918 0.5556113
vt 0.8901367 0.6266328
vt 0.8901367 0.5556113
vt 0.9440918 0.5556113
vt 0.9440918 0.6266328
vt 0.8901367 0.6266328
vt 0.9440918 0.6266328
vt 0.8901367 0.6976543
vt 0.8901367 0.6266328
vt 0.9440918 0.6266328
vt 0.9440918 0.6976543
vt 0.8901367 0.6976543
vt 0.9440918 0.6976543
vt 0.8901367 0.7686758
vt 0.8901367 0.6976543
vt 0.9440918 0.6976543
vt 0.9440918 0.7686758
vt 0.8901367 0.7686758
vt 0.9440918 0.7686758
vt 0.8901367 0.8396973
vt 0.8901367 0.7686758
vt 0.9440918 0.7686758
vt 0.9440918 0.8396973
vt 0.8901367 0.8396973
vt 0.9440918 0.8396973
vt 0.8901367 0.9107188
vt 0.8901367 0.8396973
vt 0.9440918 0.8396973
vt 0.9440918 0.9107188
vt 0.8901367 0.9107188
vt 0.8901367 0.4845898
vt 0.8361816 0.5556113
vt 0.8361816 0.4845898
vt 0.8901367 0.4845898
vt 0.8901367 0.5556113
vt 0.8361816 0.5556113
vt 0.8901367 0.5556113
vt 0.8361816 0.6266328
vt 0.8361816 0.5556113
vt 0.8901367 0.5556113
vt 0.8901367 0.6266328
vt 0.8361816 0.6266328
vt 0.8901367 0.6266328
vt 0.8361816 0.6976543
vt 0.8361816 0.6266328
vt 0.8901367 0.6266328
vt 0.8901367 0.6976543
vt 0.8361816 0.6976543
vt 0.8901367 0.6976543
vt 0.8361816 0.7686758
vt 0.8361816 0.6976543
vt 0.8901367 0.6976543
vt 0.8901367 0.7686758
vt 0.8361816 0.7686758
vt 0.8901367 0.7686758
vt 0.8361816 0.8396973
vt 0.8361816 0.7686758
vt 0.8901367 0.7686758
vt 0.8901367 0.8396973
vt 0.8361816 0.8396973
vt 0.8901367 0.8396973
vt 0.8361816 0.9107188
vt 0.8361816 0.8396973
vt 0.8901367 0.8396973
vt 0.8901367 0.9107188
vt 0.8361816 0.9107188
vt 0.8361816 0.4845898
vt 0.7822266 0.5556113
vt 0.7822266 0.4845898
vt 0.8361816 0.4845898
vt 0.8361816 0.5556113
vt 0.7822266 0.5556113
vt 0.8361816 0.5556113
vt 0.7822266 0.6266328
vt 0.7822266 0.5556113
vt 0.8361816 0.5556113
vt 0.8361816 0.6266328
vt 0.7822266 0.6266328
vt 0.8361816 0.6266328
vt 0.7822266 0.6976543
vt 0.7822266 0.6266328
vt 0.8361816 0.6266328
vt 0.8361816 0.6976543
vt 0.7822266 0.6976543
vt 0.8361816 0.6976543
vt 0.7822266 0.7686758
vt 0.7822266 0.6976543
vt 0.8361816 0.6976543
vt 0.8361816 0.7686758
vt 0.7822266 0.7686758
vt 0.8361816 0.7686758
vt 0.7822266 0.8396973
vt 0.7822266 0.7686758
vt 0.8361816 0.7686758
vt 0.8361816 0.8396973
vt 0.7822266 0.8396973
vt 0.8361816 0.8396973
vt 0.7822266 0.9107188
vt 0.7822266 0.8396973
vt 0.8361816 0.8396973
vt 0.8361816 0.9107188
vt 0.7822266 0.9107188
vt 0.7822266 0.4845898
vt 0.7241211 0.5556113
vt 0.7241211 0.4845898
vt 0.7822266 0.4845898
vt 0.7822266 0.5556113
vt 0.7241211 0.5556113
vt 0.7822266 0.5556113
vt 0.7241211 0.6266328
vt 0.7241211 0.5556113
vt 0.7822266 0.5556113
vt 0.7822266 0.6266328
vt 0.7241211 0.6266328
vt 0.7822266 0.6266328
vt 0.7241211 0.6976543
vt 0.7241211 0.6266328
vt 0.7822266 0.6266328
vt 0.7822266 0.6976543
vt 0.7241211 0.6976543
vt 0.7822266 0.6976543
vt 0.7241211 0.7686758
vt 0.7241211 0.6976543
vt 0.7822266 0.6976543
vt 0.7822266 0.7686758
vt 0.7241211 0.7686758
vt 0.7822266 0.7686758
vt 0.7241211 0.8396973
vt 0.7241211 0.7686758
vt 0.7822266 0.7686758
vt 0.7822266 0.8396973
vt 0.7241211 0.8396973
vt 0.7822266 0.8396973
vt 0.7241211 0.9107188
vt 0.7241211 0.8396973
vt 0.7822266 0.8396973
vt 0.7822266 0.9107188
vt 0.7241211 0.9107188
vt 0.7241211 0.4845898
vt 0.6494141 0.5556113
vt 0.6494141 0.4845898
vt 0.7241211 0.4845898
vt 0.7241211 0.5556113
vt 0.6494141 0.5556113
vt 0.7241211 0.5556113
vt 0.6494141 0.6266328
vt 0.6494141 0.5556113
vt 0.7241211 0.5556113
vt 0.7241211 0.6266328
vt 0.6494141 0.6266328
vt 0.7241211 0.6266328
vt 0.6494141 0.6976543
vt 0.6494141 0.6266328
vt 0.7241211 0.6266328
vt 0.7241211 0.6976543
vt 0.6494141 0.6976543
vt 0.7241211 0.6976543
vt 0.6494141 0.7686758
vt 0.6494141 0.6976543
vt 0.7241211 0.6976543
vt 0.7241211 0.7686758
vt 0.6494141 0.7686758
vt 0.7241211 0.7686758
vt 0.6494141 0.8396973
vt 0.6494141 0.7686758
vt 0.7241211 0.7686758
vt 0.7241211 0.8396973
vt 0.6494141 0.8396973
vt 0.7241211 0.8396973
vt 0.6494141 0.9107188
vt 0.6494141 0.8396973
vt 0.7241211 0.8396973
vt 0.7241211 0.9107188
vt 0.6494141 0.9107188
vt 0.6494141 0.4845898
vt 0.5747070 0.5556113
vt 0.5747070 0.4845898
vt 0.6494141 0.4845898
vt 0.6494141 0.5556113
vt 0.5747070 0.5556113
vt 0.6494141 0.5556113
vt 0.5747070 0.6266328
vt 0.5747070 0.5556113
vt 0.6494141 0.5556113
vt 0.6494141 0.6266328
vt 0.5747070 0.6266328
vt 0.6494141 0.6266328
vt 0.5747070 0.6976543
vt 0.5747070 0.6266328
vt 0.6494141 0.6266328
vt 0.6494141 0.6976543
vt 0.5747070 0.6976543
vt 0.6494141 0.6976543
vt 0.5747070 0.7686758
vt 0.5747070 0.6976543
vt 0.6494141 0.6976543
vt 0.6494141 0.7686758
vt 0.5747070 0.7686758
vt 0.6494141 0.7686758
vt 0.5747070 0.8396973
vt 0.5747070 0.7686758
vt 0.6494141 0.7686758
vt 0.6494141 0.8396973
vt 0.5747070 0.8396973
vt 0.6494141 0.8396973
vt 0.5747070 0.9107188
vt 0.5747070 0.8396973
vt 0.6494141 0.8396973
vt 0.6494141 0.9107188
vt 0.5747070 0.9107188
vt 0.5747070 0.4845898
vt 0.5000000 0.5556113
vt 0.5000000 0.4845898
vt 0.5747070 0.4845898
vt 0.5747070 0.5556113
vt 0.5000000 0.5556113
vt 0.5747070 0.5556113
vt 0.5000000 0.6266328
vt 0.5000000 0.5556113
vt 0.5747070 0.5556113
vt 0.5747070 0.6266328
vt 0.5000000 0.6266328
vt 0.5747070 0.6266328
vt 0.5000000 0.6976543
vt 0.5000000 0.6266328
vt 0.5747070 0.6266328
vt 0.5747070 0.6976543
vt 0.5000000 0.6976543
vt 0.5747070 0.6976543
vt 0.5000000 0.7686758
vt 0.5000000 0.6976543
vt 0.5747070 0.6976543
vt 0.5747070 0.7686758
vt 0.5000000 0.7686758
vt 0.5747070 0.7686758
vt 0.5000000 0.8396973
vt 0.5000000 0.7686758
vt 0.5747070 0.7686758
vt 0.5747070 0.8396973
vt 0.5000000 0.8396973
vt 0.5747070 0.8396973
vt 0.5000000 0.9107188
vt 0.5000000 0.8396973
vt 0.5747070 0.8396973
vt 0.5747070 0.9107188
vt 0.5000000 0.9107188
vt 0.5000000 0.4845898
vt 0.4252930 0.5556113
vt 0.4252930 0.4845898
vt 0.5000000 0.4845898
vt 0.5000000 0.5556113
vt 0.4252930 0.5556113
vt 0.5000000 0.5556113
vt 0.4252930 0.6266328
vt 0.4252930 0.5556113
vt 0.5000000 0.5556113
vt 0.5000000 0.6266328
vt 0.4252930 0.6266328
vt 0.5000000 0.6266328
vt 0.4252930 0.6976543
vt 0.4252930 0.6266328
vt 0.5000000 0.6266328
vt 0.5000000 0.6976543
vt 0.4252930 0.6976543
vt 0.5000000 0.6976543
vt 0.4252930 0.7686758
vt 0.4252930 0.6976543
vt 0.5000000 0.6976543
vt 0.5000000 0.7686758
vt 0.4252930 0.7686758
vt 0.5000000 0.7686758
vt 0.4252930 0.8396973
vt 0.4252930 0.7686758
vt 0.5000000 0.7686758
vt 0.5000000 0.8396973
vt 0.4252930 0.8396973
vt 0.5000000 0.8396973
vt 0.4252930 0.9107188
vt 0.4252930 0.8396973
vt 0.5000000 0.8396973
vt 0.5000000 0.9107188
vt 0.4252930 0.9107188
vt 0.4252930 0.4845898
vt 0.3505859 0.5556113
vt 0.3505859 0.4845898
vt 0.4252930 0.4845898
vt 0.4252930 0.5556113
vt 0.3505859 0.5556113
vt 0.4252930 0.5556113
vt 0.3505859 0.6266328
vt 0.3505859 0.5556113
vt 0.4252930 0.5556113
vt 0.4252930 0.6266328
vt 0.3505859 0.6266328
vt 0.4252930 0.6266328
vt 0.3505859 0.6976543
vt 0.3505859 0.6266328
vt 0.4252930 0.6266328
vt 0.4252930 0.6976543
vt 0.3505859 0.6976543
vt 0.4252930 0.6976543
vt 0.3505859 0.7686758
vt 0.3505859 0.6976543
vt 0.4252930 0.6976543
vt 0.4252930 0.7686758
vt 0.3505859 0.7686758
vt 0.4252930 0.7686758
vt 0.3505859 0.8396973
vt 0.3505859 0.7686758
vt 0.4252930 0.7686758
vt 0.4252930 0.8396973
vt 0.3505859 0.8396973
vt 0.4252930 0.8396973
vt 0.3505859 0.9107188
vt 0.3505859 0.8396973
vt 0.4252930 0.8396973
vt 0.4252930 0.9107188
vt 0.3505859 0.9107188
vt 0.3505859 0.4845898
vt 0.2758789 0.5556113
vt 0.2758789 0.4845898
vt 0.3505859 0.4845898
vt 0.3505859 0.5556113
vt 0.2758789 0.5556113
vt 0.3505859 0.5556113
vt 0.2758789 0.6266328
vt 0.2758789 0.5556113
vt 0.3505859 0.5556113
vt 0.3505859 0.6266328
vt 0.2758789 0.6266328
vt 0.3505859 0.6266328
vt 0.2758789 0.6976543
vt 0.2758789 0.6266328
vt 0.3505859 0.6266328
vt 0.3505859 0.6976543
vt 0.2758789 0.6976543
vt 0.3505859 0.6976543
vt 0.2758789 0.7686758
vt 0.2758789 0.6976543
vt 0.3505859 0.6976543
vt 0.3505859 0.7686758
vt 0.2758789 0.7686758
vt 0.3505859 0.7686758
vt 0.2758789 0.8396973
vt 0.2758789 0.7686758
vt 0.3505859 0.7686758
vt 0.3505859 0.8396973
vt 0.2758789 0.8396973
vt 0.3505859 0.8396973
vt 0.2758789 0.9107188
vt 0.2758789 0.8396973
vt 0.3505859 0.8396973
vt 0.3505859 0.9107188
vt 0.2758789 0.9107188
vt 0.2758789 0.4845898
vt 0.2177734 0.5556113
vt 0.2177734 0.4845898
vt 0.2758789 0.4845898
vt 0.2758789 0.5556113
vt 0.2177734 0.5556113
vt 0.2758789 0.5556113
vt 0.2177734 0.6266328
vt 0.2177734 0.5556113
vt 0.2758789 0.5556113
vt 0.2758789 0.6266328
vt 0.2177734 0.6266328
vt 0.2758789 0.6266328
vt 0.2177734 0.6976543
vt 0.2177734 0.6266328
vt 0.2758789 0.6266328
vt 0.2758789 0.6976543
vt 0.2177734 0.6976543
vt 0.2758789 0.6976543
vt 0.2177734 0.7686758
vt 0.2177734 0.6976543
vt 0.2758789 0.6976543
vt 0.2758789 0.7686758
vt 0.2177734 0.7686758
vt 0.2758789 0.7686758
vt 0.2177734 0.8396973
vt 0.2177734 0.7686758
vt 0.2758789 0.7686758
vt 0.2758789 0.8396973
vt 0.2177734 0.8396973
vt 0.2758789 0.8396973
vt 0.2177734 0.9107188
vt 0.2177734 0.8396973
vt 0.2758789 0.8396973
vt 0.2758789 0.9107188
vt 0.2177734 0.9107188
vt 0.2177734 0.4845898
vt 0.1638184 0.5556113
vt 0.1638184 0.4845898
vt 0.2177734 0.4845898
vt 0.2177734 0.5556113
vt 0.1638184 0.5556113
vt 0.2177734 0.5556113
vt 0.1638184 0.6266328
vt 0.1638184 0.5556113
vt 0.2177734 0.5556113
vt 0.2177734 0.6266328
vt 0.1638184 0.6266328
vt 0.2177734 0.6266328
vt 0.1638184 0.6976543
vt 0.1638184 0.6266328
vt 0.2177734 0.6266328
vt 0.2177734 0.6976543
vt 0.1638184 0.6976543
vt 0.2177734 0.6976543
vt 0.1638184 0.7686758
vt 0.1638184 0.6976543
vt 0.2177734 0.6976543
vt 0.2177734 0.7686758
vt 0.1638184 0.7686758
vt 0.2177734 0.7686758
vt 0.1638184 0.8396973
vt 0.1638184 0.7686758
vt 0.2177734 0.7686758
vt 0.2177734 0.8396973
vt 0.1638184 0.8396973
vt 0.2177734 0.8396973
vt 0.1638184 0.9107188
vt 0.1638184 0.8396973
vt 0.2177734 0.8396973
vt 0.2177734 0.9107188
vt 0.1638184 0.9107188
vt 0.1638184 0.4845898
vt 0.1098633 0.5556113
vt 0.1098633 0.4845898
vt 0.1638184 0.4845898
vt 0.1638184 0.5556113
vt 0.1098633 0.5556113
vt 0.1638184 0.5556113
vt 0.1098633 0.6266328
vt 0.1098633 0.5556113
vt 0.1638184 0.5556113
vt 0.1638184 0.6266328
vt 0.1098633 0.6266328
vt 0.1638184 0.6266328
vt 0.1098633 0.6976543
vt 0.1098633 0.6266328
vt 0.1638184 0.6266328
vt 0.1638184 0.6976543
vt 0.1098633 0.6976543
vt 0.1638184 0.6976543
vt 0.1098633 0.7686758
vt 0.1098633 0.6976543
vt 0.1638184 0.6976543
vt 0.1638184 0.7686758
vt 0.1098633 0.7686758
vt 0.1638184 0.7686758
vt 0.1098633 0.8396973
vt 0.1098633 0.7686758
vt 0.1638184 0.7686758
vt 0.1638184 0.8396973
vt 0.1098633 0.8396973
vt 0.1638184 0.8396973
vt 0.1098633 0.9107188
vt 0.1098633 0.8396973
vt 0.1638184 0.8396973
vt 0.1638184 0.9107188
vt 0.1098633 0.9107188
vt 0.1098633 0.4845898
vt 0.0559082 0.5556113
vt 0.0559082 0.4845898
vt 0.1098633 0.4845898
vt 0.1098633 0.5556113
vt 0.0559082 0.5556113
vt 0.1098633 0.5556113
vt 0.0559082 0.6266328
vt 0.0559082 0.5556113
vt 0.1098633 0.5556113
vt 0.1098633 0.6266328
vt 0.0559082 0.6266328
vt 0.1098633 0.6266328
vt 0.0559082 0.6976543
vt 0.0559082 0.6266328
vt 0.1098633 0.6266328
vt 0.1098633 0.6976543
vt 0.0559082 0.6976543
vt 0.1098633 0.6976543
vt 0.0559082 0.7686758
vt 0.0559082 0.6976543
vt 0.1098633 0.6976543
vt 0.1098633 0.7686758
vt 0.0559082 0.7686758
vt 0.1098633 0.7686758
vt 0.0559082 0.8396973
vt 0.0559082 0.7686758
vt 0.1098633 0.7686758
vt 0.1098633 0.8396973
vt 0.0559082 0.8396973
vt 0.1098633 0.8396973
vt 0.0559082 0.9107188
vt 0.0559082 0.8396973
vt 0.1098633 0.8396973
vt 0.1098633 0.9107188
vt 0.0559082 0.9107188
vt 0.0559082 0.4845898
vt 0.0019531 0.5556113
vt 0.0019531 0.4845898
vt 0.0559082 0.4845898
vt 0.0559082 0.5556113
vt 0.0019531 0.5556113
vt 0.0559082 0.5556113
vt 0.0019531 0.6266328
vt 0.0019531 0.5556113
vt 0.0559082 0.5556113
vt 0.0559082 0.6266328
vt 0.0019531 0.6266328
vt 0.0559082 0.6266328
vt 0.0019531 0.6976543
vt 0.0019531 0.6266328
vt 0.0559082 0.6266328
vt 0.0559082 0.6976543
vt 0.0019531 0.6976543
vt 0.0559082 0.6976543
vt 0.0019531 0.7686758
vt 0.0019531 0.6976543
vt 0.0559082 0.6976543
vt 0.0559082 0.7686758
vt 0.0019531 0.7686758
vt 0.0559082 0.7686758
vt 0.0019531 0.8396973
vt 0.0019531 0.7686758
vt 0.0559082 0.7686758
vt 0.0559082 0.8396973
vt 0.0019531 0.8396973
vt 0.0559082 0.8396973
vt 0.0019531 0.9107188
vt 0.0019531 0.8396973
vt 0.0559082 0.8396973
vt 0.0559082 0.9107188
vt 0.0019531 0.9107188
vt 0.9980000 0.8320000
vt 0.9980000 0.9980000
vt 0.0020000 0.9980000
vt 0.0020000 0.8320000
vt 0.9980000 0.8320000
vt 0.0020000 0.9980000
vt 0.9980000 0.6660000
vt 0.9980000 0.8320000
vt 0.0020000 0.8320000
vt 0.0020000 0.6660000
vt 0.9980000 0.6660000
vt 0.0020000 0.8320000
vt 0.9980000 0.5000000
vt 0.9980000 0.6660000
vt 0.0020000 0.6660000
vt 0.0020000 0.5000000
vt 0.9980000 0.5000000
vt 0.0020000 0.6660000
vt 0.9980000 0.3340000
vt 0.9980000 0.5000000
vt 0.0020000 0.5000000
vt 0.0020000 0.3340000
vt 0.9980000 0.3340000
vt 0.0020000 0.5000000
vt 0.9980000 0.1680000
vt 0.9980000 0.3340000
vt 0.0020000 0.3340000
vt 0.0020000 0.1680000
vt 0.9980000 0.1680000
vt 0.0020000 0.3340000
vt 0.9980000 0.0020000
vt 0.9980000 0.1680000
vt 0.0020000 0.1680000
vt 0.0020000 0.0020000
vt 0.9980000 0.0020000
vt 0.0020000 0.1680000
vt 0.9500000 0.5000000
vt 0.2750000 0.1102886
vt 0.7250000 0.1102886
vt 0.9500000 0.5000000
vt 0.7250000 0.1102886
vt 0.2750000 0.1102886
vt 0.9500000 0.5000000
vt 0.0500000 0.5000000
vt 0.2750000 0.1102886
vt 0.9500000 0.5000000
vt 0.2750000 0.1102886
vt 0.0500000 0.5000000
vt 0.9500000 0.5000000
vt 0.2750000 0.8897114
vt 0.0500000 0.5000000
vt 0.9500000 0.5000000
vt 0.0500000 0.5000000
vt 0.2750000 0.8897114
vt 0.9500000 0.5000000
vt 0.7250000 0.8897114
vt 0.2750000 0.8897114
vt 0.9500000 0.5000000
vt 0.2750000 0.8897114
vt 0.7250000 0.8897114
vt 0.9980000 0.8320000
vt 0.9980000 0.9980000
vt 0.0020000 0.9980000
vt 0.0020000 0.8320000
vt 0.9980000 0.8320000
vt 0.0020000 0.9980000
vt 0.9980000 0.6660000
vt 0.9980000 0.8320000
vt 0.0020000 0.8320000
vt 0.0020000 0.6660000
vt 0.9980000 0.6660000
vt 0.0020000 0.8320000
vt 0.9980000 0.5000000
vt 0.9980000 0.6660000
vt 0.0020000 0.6660000
vt 0.0020000 0.5000000
vt 0.9980000 0.5000000
vt 0.0020000 0.6660000
vt 0.9980000 0.3340000
vt 0.9980000 0.5000000
vt 0.0020000 0.5000000
vt 0.0020000 0.3340000
vt 0.9980000 0.3340000
vt 0.0020000 0.5000000
vt 0.9980000 0.1680000
vt 0.9980000 0.3340000
vt 0.0020000 0.3340000
vt 0.0020000 0.1680000
vt 0.9980000 0.1680000
vt 0.0020000 0.3340000
vt 0.9980000 0.0020000
vt 0.9980000 0.1680000
vt 0.0020000 0.1680000
vt 0.0020000 0.0020000
vt 0.9980000 0.0020000
vt 0.0020000 0.1680000
vt 0.9500000 0.5000000
vt 0.2750000 0.1102886
vt 0.7250000 0.1102886
vt 0.9500000 0.5000000
vt 0.7250000 0.1102886
vt 0.2750000 0.1102886
vt 0.9500000 0.5000000
vt 0.0500000 0.5000000
vt 0.2750000 0.1102886
vt 0.9500000 0.5000000
vt 0.2750000 0.1102886
vt 0.0500000 0.5000000
vt 0.9500000 0.5000000
vt 0.2750000 0.8897114
vt 0.0500000 0.5000000
vt 0.9500000 0.5000000
vt 0.0500000 0.5000000
vt 0.2750000 0.8897114
vt 0.9500000 0.5000000
vt 0.7250000 0.8897114
vt 0.2750000 0.8897114
vt 0.9500000 0.5000000
vt 0.2750000 0.8897114
vt 0.7250000 0.8897114
vt 0.9980000 0.8320000
vt 0.9980000 0.9980000
vt 0.0020000 0.9980000
vt 0.0020000 0.8320000
vt 0.9980000 0.8320000
vt 0.0020000 0.9980000
vt 0.9980000 0.6660000
vt 0.9980000 0.8320000
vt 0.0020000 0.8320000
vt 0.0020000 0.6660000
vt 0.9980000 0.6660000
vt 0.0020000 0.8320000
vt 0.9980000 0.5000000
vt 0.9980000 0.6660000
vt 0.0020000 0.6660000
vt 0.0020000 0.5000000
vt 0.9980000 0.5000000
vt 0.0020000 0.6660000
vt 0.9980000 0.3340000
vt 0.9980000 0.5000000
vt 0.0020000 0.5000000
vt 0.0020000 0.3340000
vt 0.9980000 0.3340000
vt 0.0020000 0.5000000
vt 0.9980000 0.1680000
vt 0.9980000 0.3340000
vt 0.0020000 0.3340000
vt 0.0020000 0.1680000
vt 0.9980000 0.1680000
vt 0.0020000 0.3340000
vt 0.9980000 0.0020000
vt 0.9980000 0.1680000
vt 0.0020000 0.1680000
vt 0.0020000 0.0020000
vt 0.9980000 0.0020000
vt 0.0020000 0.1680000
vt 0.9500000 0.5000000
vt 0.2750000 0.1102886
vt 0.7250000 0.1102886
vt 0.9500000 0.5000000
vt 0.7250000 0.1102886
vt 0.2750000 0.1102886
vt 0.9500000 0.5000000
vt 0.0500000 0.5000000
vt 0.2750000 0.1102886
vt 0.9500000 0.5000000
vt 0.2750000 0.1102886
vt 0.0500000 0.5000000
vt 0.9500000 0.5000000
vt 0.2750000 0.8897114
vt 0.0500000 0.5000000
vt 0.9500000 0.5000000
vt 0.0500000 0.5000000
vt 0.2750000 0.8897114
vt 0.9500000 0.5000000
vt 0.7250000 0.8897114
vt 0.2750000 0.8897114
vt 0.9500000 0.5000000
vt 0.2750000 0.8897114
vt 0.7250000 0.8897114
vt 0.9980000 0.8320000
vt 0.9980000 0.9980000
vt 0.0020000 0.9980000
vt 0.0020000 0.8320000
vt 0.9980000 0.8320000
vt 0.0020000 0.9980000
vt 0.9980000 0.6660000
vt 0.9980000 0.8320000
vt 0.0020000 0.8320000
vt 0.0020000 0.6660000
vt 0.9980000 0.6660000
vt 0.0020000 0.8320000
vt 0.9980000 0.5000000
vt 0.9980000 0.6660000
vt 0.0020000 0.6660000
vt 0.0020000 0.5000000
vt 0.9980000 0.5000000
vt 0.0020000 0.6660000
vt 0.9980000 0.3340000
vt 0.9980000 0.5000000
vt 0.0020000 0.5000000
vt 0.0020000 0.3340000
vt 0.9980000 0.3340000
vt 0.0020000 0.5000000
vt 0.9980000 0.1680000
vt 0.9980000 0.3340000
vt 0.0020000 0.3340000
vt 0.0020000 0.1680000
vt 0.9980000 0.1680000
vt 0.0020000 0.3340000
vt 0.9980000 0.0020000
vt 0.9980000 0.1680000
vt 0.0020000 0.1680000
vt 0.0020000 0.0020000
vt 0.9980000 0.0020000
vt 0.0020000 0.1680000
vt 0.9500000 0.5000000
vt 0.2750000 0.1102886
vt 0.7250000 0.1102886
vt 0.9500000 0.5000000
vt 0.7250000 0.1102886
vt 0.2750000 0.1102886
vt 0.9500000 0.5000000
vt 0.0500000 0.5000000
vt 0.2750000 0.1102886
vt 0.9500000 0.5000000
vt 0.2750000 0.1102886
vt 0.0500000 0.5000000
vt 0.9500000 0.5000000
vt 0.2750000 0.8897114
vt 0.0500000 0.5000000
vt 0.9500000 0.5000000
vt 0.0500000 0.5000000
vt 0.2750000 0.8897114
vt 0.9500000 0.5000000
vt 0.7250000 0.8897114
vt 0.2750000 0.8897114
vt 0.9500000 0.5000000
vt 0.2750000 0.8897114
vt 0.7250000 0.8897114
vt 0.9980000 0.8320000
vt 0.9980000 0.9980000
vt 0.0020000 0.9980000
vt 0.0020000 0.8320000
vt 0.9980000 0.8320000
vt 0.0020000 0.9980000
vt 0.9980000 0.6660000
vt 0.9980000 0.8320000
vt 0.0020000 0.8320000
vt 0.0020000 0.6660000
vt 0.9980000 0.6660000
vt 0.0020000 0.8320000
vt 0.9980000 0.5000000
vt 0.9980000 0.6660000
vt 0.0020000 0.6660000
vt 0.0020000 0.5000000
vt 0.9980000 0.5000000
vt 0.0020000 0.6660000
vt 0.9980000 0.3340000
vt 0.9980000 0.5000000
vt 0.0020000 0.5000000
vt 0.0020000 0.3340000
vt 0.9980000 0.3340000
vt 0.0020000 0.5000000
vt 0.9980000 0.1680000
vt 0.9980000 0.3340000
vt 0.0020000 0.3340000
vt 0.0020000 0.1680000
vt 0.9980000 0.1680000
vt 0.0020000 0.3340000
vt 0.9980000 0.0020000
vt 0.9980000 0.1680000
vt 0.0020000 0.1680000
vt 0.0020000 0.0020000
vt 0.9980000 0.0020000
vt 0.0020000 0.1680000
vt 0.9500000 0.5000000
vt 0.2750000 0.1102886
vt 0.7250000 0.1102886
vt 0.9500000 0.5000000
vt 0.7250000 0.1102886
vt 0.2750000 0.1102886
vt 0.9500000 0.5000000
vt 0.0500000 0.5000000
vt 0.2750000 0.1102886
vt 0.9500000 0.5000000
vt 0.2750000 0.1102886
vt 0.0500000 0.5000000
vt 0.9500000 0.5000000
vt 0.2750000 0.8897114
vt 0.0500000 0.5000000
vt 0.9500000 0.5000000
vt 0.0500000 0.5000000
vt 0.2750000 0.8897114
vt 0.9500000 0.5000000
vt 0.7250000 0.8897114
vt 0.2750000 0.8897114
vt 0.9500000 0.5000000
vt 0.2750000 0.8897114
vt 0.7250000 0.8897114
vt 0.9980000 0.8320000
vt 0.9980000 0.9980000
vt 0.0020000 0.9980000
vt 0.0020000 0.8320000
vt 0.9980000 0.8320000
vt 0.0020000 0.9980000
vt 0.9980000 0.6660000
vt 0.9980000 0.8320000
vt 0.0020000 0.8320000
vt 0.0020000 0.6660000
vt 0.9980000 0.6660000
vt 0.0020000 0.8320000
vt 0.9980000 0.5000000
vt 0.9980000 0.6660000
vt 0.0020000 0.6660000
vt 0.0020000 0.5000000
vt 0.9980000 0.5000000
vt 0.0020000 0.6660000
vt 0.9980000 0.3340000
vt 0.9980000 0.5000000
vt 0.0020000 0.5000000
vt 0.0020000 0.3340000
vt 0.9980000 0.3340000
vt 0.0020000 0.5000000
vt 0.9980000 0.1680000
vt 0.9980000 0.3340000
vt 0.0020000 0.3340000
vt 0.0020000 0.1680000
vt 0.9980000 0.1680000
vt 0.0020000 0.3340000
vt 0.9980000 0.0020000
vt 0.9980000 0.1680000
vt 0.0020000 0.1680000
vt 0.0020000 0.0020000
vt 0.9980000 0.0020000
vt 0.0020000 0.1680000
vt 0.9500000 0.5000000
vt 0.2750000 0.1102886
vt 0.7250000 0.1102886
vt 0.9500000 0.5000000
vt 0.7250000 0.1102886
vt 0.2750000 0.1102886
vt 0.9500000 0.5000000
vt 0.0500000 0.5000000
vt 0.2750000 0.1102886
vt 0.9500000 0.5000000
vt 0.2750000 0.1102886
vt 0.0500000 0.5000000
vt 0.9500000 0.5000000
vt 0.2750000 0.8897114
vt 0.0500000 0.5000000
vt 0.9500000 0.5000000
vt 0.0500000 0.5000000
vt 0.2750000 0.8897114
vt 0.9500000 0.5000000
vt 0.7250000 0.8897114
vt 0.2750000 0.8897114
vt 0.9500000 0.5000000
vt 0.2750000 0.8897114
vt 0.7250000 0.8897114
vt 0.9980000 0.8320000
vt 0.9980000 0.9980000
vt 0.0020000 0.9980000
vt 0.0020000 0.8320000
vt 0.9980000 0.8320000
vt 0.0020000 0.9980000
vt 0.9980000 0.6660000
vt 0.9980000 0.8320000
vt 0.0020000 0.8320000
vt 0.0020000 0.6660000
vt 0.9980000 0.6660000
vt 0.0020000 0.8320000
vt 0.9980000 0.5000000
vt 0.9980000 0.6660000
vt 0.0020000 0.6660000
vt 0.0020000 0.5000000
vt 0.9980000 0.5000000
vt 0.0020000 0.6660000
vt 0.9980000 0.3340000
vt 0.9980000 0.5000000
vt 0.0020000 0.5000000
vt 0.0020000 0.3340000
vt 0.9980000 0.3340000
vt 0.0020000 0.5000000
vt 0.9980000 0.1680000
vt 0.9980000 0.3340000
vt 0.0020000 0.3340000
vt 0.0020000 0.1680000
vt 0.9980000 0.1680000
vt 0.0020000 0.3340000
vt 0.9980000 0.0020000
vt 0.9980000 0.1680000
vt 0.0020000 0.1680000
vt 0.0020000 0.0020000
vt 0.9980000 0.0020000
vt 0.0020000 0.1680000
vt 0.9500000 0.5000000
vt 0.2750000 0.1102886
vt 0.7250000 0.1102886
vt 0.9500000 0.5000000
vt 0.7250000 0.1102886
vt 0.2750000 0.1102886
vt 0.9500000 0.5000000
vt 0.0500000 0.5000000
vt 0.2750000 0.1102886
vt 0.9500000 0.5000000
vt 0.2750000 0.1102886
vt 0.0500000 0.5000000
vt 0.9500000 0.5000000
vt 0.2750000 0.8897114
vt 0.0500000 0.5000000
vt 0.9500000 0.5000000
vt 0.0500000 0.5000000
vt 0.2750000 0.8897114
vt 0.9500000 0.5000000
vt 0.7250000 0.8897114
vt 0.2750000 0.8897114
vt 0.9500000 0.5000000
vt 0.2750000 0.8897114
vt 0.7250000 0.8897114
vt 0.9980000 0.8320000
vt 0.9980000 0.9980000
vt 0.0020000 0.9980000
vt 0.0020000 0.8320000
vt 0.9980000 0.8320000
vt 0.0020000 0.9980000
vt 0.9980000 0.6660000
vt 0.9980000 0.8320000
vt 0.0020000 0.8320000
vt 0.0020000 0.6660000
vt 0.9980000 0.6660000
vt 0.0020000 0.8320000
vt 0.9980000 0.5000000
vt 0.9980000 0.6660000
vt 0.0020000 0.6660000
vt 0.0020000 0.5000000
vt 0.9980000 0.5000000
vt 0.0020000 0.6660000
vt 0.9980000 0.3340000
vt 0.9980000 0.5000000
vt 0.0020000 0.5000000
vt 0.0020000 0.3340000
vt 0.9980000 0.3340000
vt 0.0020000 0.5000000
vt 0.9980000 0.1680000
vt 0.9980000 0.3340000
vt 0.0020000 0.3340000
vt 0.0020000 0.1680000
vt 0.9980000 0.1680000
vt 0.0020000 0.3340000
vt 0.9980000 0.0020000
vt 0.9980000 0.1680000
vt 0.0020000 0.1680000
vt 0.0020000 0.0020000
vt 0.9980000 0.0020000
vt 0.0020000 0.1680000
vt 0.9500000 0.5000000
vt 0.2750000 0.1102886
vt 0.7250000 0.1102886
vt 0.9500000 0.5000000
vt 0.7250000 0.1102886
vt 0.2750000 0.1102886
vt 0.9500000 0.5000000
vt 0.0500000 0.5000000
vt 0.2750000 0.1102886
vt 0.9500000 0.5000000
vt 0.2750000 0.1102886
vt 0.0500000 0.5000000
vt 0.9500000 0.5000000
vt 0.2750000 0.8897114
vt 0.0500000 0.5000000
vt 0.9500000 0.5000000
vt 0.0500000 0.5000000
vt 0.2750000 0.8897114
vt 0.9500000 0.5000000
vt 0.7250000 0.8897114
vt 0.2750000 0.8897114
vt 0.9500000 0.5000000
vt 0.2750000 0.8897114
vt 0.7250000 0.8897114
vt 0.9980000 0.8320000
vt 0.9980000 0.9980000
vt 0.0020000 0.9980000
vt 0.0020000 0.8320000
vt 0.9980000 0.8320000
vt 0.0020000 0.9980000
vt 0.9980000 0.6660000
vt 0.9980000 0.8320000
vt 0.0020000 0.8320000
vt 0.0020000 0.6660000
vt 0.9980000 0.6660000
vt 0.0020000 0.8320000
vt 0.9980000 0.5000000
vt 0.9980000 0.6660000
vt 0.0020000 0.6660000
vt 0.0020000 0.5000000
vt 0.9980000 0.5000000
vt 0.0020000 0.6660000
vt 0.9980000 0.3340000
vt 0.9980000 0.5000000
vt 0.0020000 0.5000000
vt 0.0020000 0.3340000
vt 0.9980000 0.3340000
vt 0.0020000 0.5000000
vt 0.9980000 0.1680000
vt 0.9980000 0.3340000
vt 0.0020000 0.3340000
vt 0.0020000 0.1680000
vt 0.9980000 0.1680000
vt 0.0020000 0.3340000
vt 0.9980000 0.0020000
vt 0.9980000 0.1680000
vt 0.0020000 0.1680000
vt 0.0020000 0.0020000
vt 0.9980000 0.0020000
vt 0.0020000 0.1680000
vt 0.9500000 0.5000000
vt 0.2750000 0.1102886
vt 0.7250000 0.1102886
vt 0.9500000 0.5000000
vt 0.7250000 0.1102886
vt 0.2750000 0.1102886
vt 0.9500000 0.5000000
vt 0.0500000 0.5000000
vt 0.2750000 0.1102886
vt 0.9500000 0.5000000
vt 0.2750000 0.1102886
vt 0.0500000 0.5000000
vt 0.9500000 0.5000000
vt 0.2750000 0.8897114
vt 0.0500000 0.5000000
vt 0.9500000 0.5000000
vt 0.0500000 0.5000000
vt 0.2750000 0.8897114
vt 0.9500000 0.5000000
vt 0.7250000 0.8897114
vt 0.2750000 0.8897114
vt 0.9500000 0.5000000
vt 0.2750000 0.8897114
vt 0.7250000 0.8897114
vt 0.9980000 0.8320000
vt 0.9980000 0.9980000
vt 0.0020000 0.9980000
vt 0.0020000 0.8320000
vt 0.9980000 0.8320000
vt 0.0020000 0.9980000
vt 0.9980000 0.6660000
vt 0.9980000 0.8320000
vt 0.0020000 0.8320000
vt 0.0020000 0.6660000
vt 0.9980000 0.6660000
vt 0.0020000 0.8320000
vt 0.9980000 0.5000000
vt 0.9980000 0.6660000
vt 0.0020000 0.6660000
vt 0.0020000 0.5000000
vt 0.9980000 0.5000000
vt 0.0020000 0.6660000
vt 0.9980000 0.3340000
vt 0.9980000 0.5000000
vt 0.0020000 0.5000000
vt 0.0020000 0.3340000
vt 0.9980000 0.3340000
vt 0.0020000 0.5000000
vt 0.9980000 0.1680000
vt 0.9980000 0.3340000
vt 0.0020000 0.3340000
vt 0.0020000 0.1680000
vt 0.9980000 0.1680000
vt 0.0020000 0.3340000
vt 0.9980000 0.0020000
vt 0.9980000 0.1680000
vt 0.0020000 0.1680000
vt 0.0020000 0.0020000
vt 0.9980000 0.0020000
vt 0.0020000 0.1680000
vt 0.9500000 0.5000000
vt 0.2750000 0.1102886
vt 0.7250000 0.1102886
vt 0.9500000 0.5000000
vt 0.7250000 0.1102886
vt 0.2750000 0.1102886
vt 0.9500000 0.5000000
vt 0.0500000 0.5000000
vt 0.2750000 0.1102886
vt 0.9500000 0.5000000
vt 0.2750000 0.1102886
vt 0.0500000 0.5000000
vt 0.9500000 0.5000000
vt 0.2750000 0.8897114
vt 0.0500000 0.5000000
vt 0.9500000 0.5000000
vt 0.0500000 0.5000000
vt 0.2750000 0.8897114
vt 0.9500000 0.5000000
vt 0.7250000 0.8897114
vt 0.2750000 0.8897114
vt 0.9500000 0.5000000
vt 0.2750000 0.8897114
vt 0.7250000 0.8897114
vt 0.9980000 0.8320000
vt 0.9980000 0.9980000
vt 0.0020000 0.9980000
vt 0.0020000 0.8320000
vt 0.9980000 0.8320000
vt 0.0020000 0.9980000
vt 0.9980000 0.6660000
vt 0.9980000 0.8320000
vt 0.0020000 0.8320000
vt 0.0020000 0.6660000
vt 0.9980000 0.6660000
vt 0.0020000 0.8320000
vt 0.9980000 0.5000000
vt 0.9980000 0.6660000
vt 0.0020000 0.6660000
vt 0.0020000 0.5000000
vt 0.9980000 0.5000000
vt 0.0020000 0.6660000
vt 0.9980000 0.3340000
vt 0.9980000 0.5000000
vt 0.0020000 0.5000000
vt 0.0020000 0.3340000
vt 0.9980000 0.3340000
vt 0.0020000 0.5000000
vt 0.9980000 0.1680000
vt 0.9980000 0.3340000
vt 0.0020000 0.3340000
vt 0.0020000 0.1680000
vt 0.9980000 0.1680000
vt 0.0020000 0.3340000
vt 0.9980000 0.0020000
vt 0.9980000 0.1680000
vt 0.0020000 0.1680000
vt 0.0020000 0.0020000
vt 0.9980000 0.0020000
vt 0.0020000 0.1680000
vt 0.9500000 0.5000000
vt 0.2750000 0.1102886
vt 0.7250000 0.1102886
vt 0.9500000 0.5000000
vt 0.7250000 0.1102886
vt 0.2750000 0.1102886
vt 0.9500000 0.5000000
vt 0.0500000 0.5000000
vt 0.2750000 0.1102886
vt 0.9500000 0.5000000
vt 0.2750000 0.1102886
vt 0.0500000 0.5000000
vt 0.9500000 0.5000000
vt 0.2750000 0.8897114
vt 0.0500000 0.5000000
vt 0.9500000 0.5000000
vt 0.0500000 0.5000000
vt 0.2750000 0.8897114
vt 0.9500000 0.5000000
vt 0.7250000 0.8897114
vt 0.2750000 0.8897114
vt 0.9500000 0.5000000
vt 0.2750000 0.8897114
vt 0.7250000 0.8897114
vt 0.9980000 0.8320000
vt 0.9980000 0.9980000
vt 0.0020000 0.9980000
vt 0.0020000 0.8320000
vt 0.9980000 0.8320000
vt 0.0020000 0.9980000
vt 0.9980000 0.6660000
vt 0.9980000 0.8320000
vt 0.0020000 0.8320000
vt 0.0020000 0.6660000
vt 0.9980000 0.6660000
vt 0.0020000 0.8320000
vt 0.9980000 0.5000000
vt 0.9980000 0.6660000
vt 0.0020000 0.6660000
vt 0.0020000 0.5000000
vt 0.9980000 0.5000000
vt 0.0020000 0.6660000
vt 0.9980000 0.3340000
vt 0.9980000 0.5000000
vt 0.0020000 0.5000000
vt 0.0020000 0.3340000
vt 0.9980000 0.3340000
vt 0.0020000 0.5000000
vt 0.9980000 0.1680000
vt 0.9980000 0.3340000
vt 0.0020000 0.3340000
vt 0.0020000 0.1680000
vt 0.9980000 0.1680000
vt 0.0020000 0.3340000
vt 0.9980000 0.0020000
vt 0.9980000 0.1680000
vt 0.0020000 0.1680000
vt 0.0020000 0.0020000
vt 0.9980000 0.0020000
vt 0.0020000 0.1680000
vt 0.9500000 0.5000000
vt 0.2750000 0.1102886
vt 0.7250000 0.1102886
vt 0.9500000 0.5000000
vt 0.7250000 0.1102886
vt 0.2750000 0.1102886
vt 0.9500000 0.5000000
vt 0.0500000 0.5000000
vt 0.2750000 0.1102886
vt 0.9500000 0.5000000
vt 0.2750000 0.1102886
vt 0.0500000 0.5000000
vt 0.9500000 0.5000000
vt 0.2750000 0.8897114
vt 0.0500000 0.5000000
vt 0.9500000 0.5000000
vt 0.0500000 0.5000000
vt 0.2750000 0.8897114
vt 0.9500000 0.5000000
vt 0.7250000 0.8897114
vt 0.2750000 0.8897114
vt 0.9500000 0.5000000
vt 0.2750000 0.8897114
vt 0.7250000 0.8897114
vt 0.9980000 0.8320000
vt 0.9980000 0.9980000
vt 0.0020000 0.9980000
vt 0.0020000 0.8320000
vt 0.9980000 0.8320000
vt 0.0020000 0.9980000
vt 0.9980000 0.6660000
vt 0.9980000 0.8320000
vt 0.0020000 0.8320000
vt 0.0020000 0.6660000
vt 0.9980000 0.6660000
vt 0.0020000 0.8320000
vt 0.9980000 0.5000000
vt 0.9980000 0.6660000
vt 0.0020000 0.6660000
vt 0.0020000 0.5000000
vt 0.9980000 0.5000000
vt 0.0020000 0.6660000
vt 0.9980000 0.3340000
vt 0.9980000 0.5000000
vt 0.0020000 0.5000000
vt 0.0020000 0.3340000
vt 0.9980000 0.3340000
vt 0.0020000 0.5000000
vt 0.9980000 0.1680000
vt 0.9980000 0.3340000
vt 0.0020000 0.3340000
vt 0.0020000 0.1680000
vt 0.9980000 0.1680000
vt 0.0020000 0.3340000
vt 0.9980000 0.0020000
vt 0.9980000 0.1680000
vt 0.0020000 0.1680000
vt 0.0020000 0.0020000
vt 0.9980000 0.0020000
vt 0.0020000 0.1680000
vt 0.9500000 0.5000000
vt 0.2750000 0.1102886
vt 0.7250000 0.1102886
vt 0.9500000 0.5000000
vt 0.7250000 0.1102886
vt 0.2750000 0.1102886
vt 0.9500000 0.5000000
vt 0.0500000 0.5000000
vt 0.2750000 0.1102886
vt 0.9500000 0.5000000
vt 0.2750000 0.1102886
vt 0.0500000 0.5000000
vt 0.9500000 0.5000000
vt 0.2750000 0.8897114
vt 0.0500000 0.5000000
vt 0.9500000 0.5000000
vt 0.0500000 0.5000000
vt 0.2750000 0.8897114
vt 0.9500000 0.5000000
vt 0.7250000 0.8897114
vt 0.2750000 0.8897114
vt 0.9500000 0.5000000
vt 0.2750000 0.8897114
vt 0.7250000 0.8897114
vt 0.9980000 0.8320000
vt 0.9980000 0.9980000
vt 0.0020000 0.9980000
vt 0.0020000 0.8320000
vt 0.9980000 0.8320000
vt 0.0020000 0.9980000
vt 0.9980000 0.6660000
vt 0.9980000 0.8320000
vt 0.0020000 0.8320000
vt 0.0020000 0.6660000
vt 0.9980000 0.6660000
vt 0.0020000 0.8320000
vt 0.9980000 0.5000000
vt 0.9980000 0.6660000
vt 0.0020000 0.6660000
vt 0.0020000 0.5000000
vt 0.9980000 0.5000000
vt 0.0020000 0.6660000
vt 0.9980000 0.3340000
vt 0.9980000 0.5000000
vt 0.0020000 0.5000000
vt 0.0020000 0.3340000
vt 0.9980000 0.3340000
vt 0.0020000 0.5000000
vt 0.9980000 0.1680000
vt 0.9980000 0.3340000
vt 0.0020000 0.3340000
vt 0.0020000 0.1680000
vt 0.9980000 0.1680000
vt 0.0020000 0.3340000
vt 0.9980000 0.0020000
vt 0.9980000 0.1680000
vt 0.0020000 0.1680000
vt 0.0020000 0.0020000
vt 0.9980000 0.0020000
vt 0.0020000 0.1680000
vt 0.9500000 0.5000000
vt 0.2750000 0.1102886
vt 0.7250000 0.1102886
vt 0.9500000 0.5000000
vt 0.7250000 0.1102886
vt 0.2750000 0.1102886
vt 0.9500000 0.5000000
vt 0.0500000 0.5000000
vt 0.2750000 0.1102886
vt 0.9500000 0.5000000
vt 0.2750000 0.1102886
vt 0.0500000 0.5000000
vt 0.9500000 0.5000000
vt 0.2750000 0.8897114
vt 0.0500000 0.5000000
vt 0.9500000 0.5000000
vt 0.0500000 0.5000000
vt 0.2750000 0.8897114
vt 0.9500000 0.5000000
vt 0.7250000 0.8897114
vt 0.2750000 0.8897114
vt 0.9500000 0.5000000
vt 0.2750000 0.8897114
vt 0.7250000 0.8897114
vt 0.9980000 0.8320000
vt 0.9980000 0.9980000
vt 0.0020000 0.9980000
vt 0.0020000 0.8320000
vt 0.9980000 0.8320000
vt 0.0020000 0.9980000
vt 0.9980000 0.6660000
vt 0.9980000 0.8320000
vt 0.0020000 0.8320000
vt 0.0020000 0.6660000
vt 0.9980000 0.6660000
vt 0.0020000 0.8320000
vt 0.9980000 0.5000000
vt 0.9980000 0.6660000
vt 0.0020000 0.6660000
vt 0.0020000 0.5000000
vt 0.9980000 0.5000000
vt 0.0020000 0.6660000
vt 0.9980000 0.3340000
vt 0.9980000 0.5000000
vt 0.0020000 0.5000000
vt 0.0020000 0.3340000
vt 0.9980000 0.3340000
vt 0.0020000 0.5000000
vt 0.9980000 0.1680000
vt 0.9980000 0.3340000
vt 0.0020000 0.3340000
vt 0.0020000 0.1680000
vt 0.9980000 0.1680000
vt 0.0020000 0.3340000
vt 0.9980000 0.0020000
vt 0.9980000 0.1680000
vt 0.0020000 0.1680000
vt 0.0020000 0.0020000
vt 0.9980000 0.0020000
vt 0.0020000 0.1680000
vt 0.9500000 0.5000000
vt 0.2750000 0.1102886
vt 0.7250000 0.1102886
vt 0.9500000 0.5000000
vt 0.7250000 0.1102886
vt 0.2750000 0.1102886
vt 0.9500000 0.5000000
vt 0.0500000 0.5000000
vt 0.2750000 0.1102886
vt 0.9500000 0.5000000
vt 0.2750000 0.1102886
vt 0.0500000 0.5000000
vt 0.9500000 0.5000000
vt 0.2750000 0.8897114
vt 0.0500000 0.5000000
vt 0.9500000 0.5000000
vt 0.0500000 0.5000000
vt 0.2750000 0.8897114
vt 0.9500000 0.5000000
vt 0.7250000 0.8897114
vt 0.2750000 0.8897114
vt 0.9500000 0.5000000
vt 0.2750000 0.8897114
vt 0.7250000 0.8897114
vt 0.9980000 0.8320000
vt 0.9980000 0.9980000
vt 0.0020000 0.9980000
vt 0.0020000 0.8320000
vt 0.9980000 0.8320000
vt 0.0020000 0.9980000
vt 0.9980000 0.6660000
vt 0.9980000 0.8320000
vt 0.0020000 0.8320000
vt 0.0020000 0.6660000
vt 0.9980000 0.6660000
vt 0.0020000 0.8320000
vt 0.9980000 0.5000000
vt 0.9980000 0.6660000
vt 0.0020000 0.6660000
vt 0.0020000 0.5000000
vt 0.9980000 0.5000000
vt 0.0020000 0.6660000
vt 0.9980000 0.3340000
vt 0.9980000 0.5000000
vt 0.0020000 0.5000000
vt 0.0020000 0.3340000
vt 0.9980000 0.3340000
vt 0.0020000 0.5000000
vt 0.9980000 0.1680000
vt 0.9980000 0.3340000
vt 0.0020000 0.3340000
vt 0.0020000 0.1680000
vt 0.9980000 0.1680000
vt 0.0020000 0.3340000
vt 0.9980000 0.0020000
vt 0.9980000 0.1680000
vt 0.0020000 0.1680000
vt 0.0020000 0.0020000
vt 0.9980000 0.0020000
vt 0.0020000 0.1680000
vt 0.9500000 0.5000000
vt 0.2750000 0.1102886
vt 0.7250000 0.1102886
vt 0.9500000 0.5000000
vt 0.7250000 0.1102886
vt 0.2750000 0.1102886
vt 0.9500000 0.5000000
vt 0.0500000 0.5000000
vt 0.2750000 0.1102886
vt 0.9500000 0.5000000
vt 0.2750000 0.1102886
vt 0.0500000 0.5000000
vt 0.9500000 0.5000000
vt 0.2750000 0.8897114
vt 0.0500000 0.5000000
vt 0.9500000 0.5000000
vt 0.0500000 0.5000000
vt 0.2750000 0.8897114
vt 0.9500000 0.5000000
vt 0.7250000 0.8897114
vt 0.2750000 0.8897114
vt 0.9500000 0.5000000
vt 0.2750000 0.8897114
vt 0.7250000 0.8897114
vt 0.9980000 0.8320000
vt 0.9980000 0.9980000
vt 0.0020000 0.9980000
vt 0.0020000 0.8320000
vt 0.9980000 0.8320000
vt 0.0020000 0.9980000
vt 0.9980000 0.6660000
vt 0.9980000 0.8320000
vt 0.0020000 0.8320000
vt 0.0020000 0.6660000
vt 0.9980000 0.6660000
vt 0.0020000 0.8320000
vt 0.9980000 0.5000000
vt 0.9980000 0.6660000
vt 0.0020000 0.6660000
vt 0.0020000 0.5000000
vt 0.9980000 0.5000000
vt 0.0020000 0.6660000
vt 0.9980000 0.3340000
vt 0.9980000 0.5000000
vt 0.0020000 0.5000000
vt 0.0020000 0.3340000
vt 0.9980000 0.3340000
vt 0.0020000 0.5000000
vt 0.9980000 0.1680000
vt 0.9980000 0.3340000
vt 0.0020000 0.3340000
vt 0.0020000 0.1680000
vt 0.9980000 0.1680000
vt 0.0020000 0.3340000
vt 0.9980000 0.0020000
vt 0.9980000 0.1680000
vt 0.0020000 0.1680000
vt 0.0020000 0.0020000
vt 0.9980000 0.0020000
vt 0.0020000 0.1680000
vt 0.9500000 0.5000000
vt 0.2750000 0.1102886
vt 0.7250000 0.1102886
vt 0.9500000 0.5000000
vt 0.7250000 0.1102886
vt 0.2750000 0.1102886
vt 0.9500000 0.5000000
vt 0.0500000 0.5000000
vt 0.2750000 0.1102886
vt 0.9500000 0.5000000
vt 0.2750000 0.1102886
vt 0.0500000 0.5000000
vt 0.9500000 0.5000000
vt 0.2750000 0.8897114
vt 0.0500000 0.5000000
vt 0.9500000 0.5000000
vt 0.0500000 0.5000000
vt 0.2750000 0.8897114
vt 0.9500000 0.5000000
vt 0.7250000 0.8897114
vt 0.2750000 0.8897114
vt 0.9500000 0.5000000
vt 0.2750000 0.8897114
vt 0.7250000 0.8897114
vt 0.9980000 0.8320000
vt 0.9980000 0.9980000
vt 0.0020000 0.9980000
vt 0.0020000 0.8320000
vt 0.9980000 0.8320000
vt 0.0020000 0.9980000
vt 0.9980000 0.6660000
vt 0.9980000 0.8320000
vt 0.0020000 0.8320000
vt 0.0020000 0.6660000
vt 0.9980000 0.6660000
vt 0.0020000 0.8320000
vt 0.9980000 0.5000000
vt 0.9980000 0.6660000
vt 0.0020000 0.6660000
vt 0.0020000 0.5000000
vt 0.9980000 0.5000000
vt 0.0020000 0.6660000
vt 0.9980000 0.3340000
vt 0.9980000 0.5000000
vt 0.0020000 0.5000000
vt 0.0020000 0.3340000
vt 0.9980000 0.3340000
vt 0.0020000 0.5000000
vt 0.9980000 0.1680000
vt 0.9980000 0.3340000
vt 0.0020000 0.3340000
vt 0.0020000 0.1680000
vt 0.9980000 0.1680000
vt 0.0020000 0.3340000
vt 0.9980000 0.0020000
vt 0.9980000 0.1680000
vt 0.0020000 0.1680000
vt 0.0020000 0.0020000
vt 0.9980000 0.0020000
vt 0.0020000 0.1680000
vt 0.9500000 0.5000000
vt 0.2750000 0.1102886
vt 0.7250000 0.1102886
vt 0.9500000 0.5000000
vt 0.7250000 0.1102886
vt 0.2750000 0.1102886
vt 0.9500000 0.5000000
vt 0.0500000 0.5000000
vt 0.2750000 0.1102886
vt 0.9500000 0.5000000
vt 0.2750000 0.1102886
vt 0.0500000 0.5000000
vt 0.9500000 0.5000000
vt 0.2750000 0.8897114
vt 0.0500000 0.5000000
vt 0.9500000 0.5000000
vt 0.0500000 0.5000000
vt 0.2750000 0.8897114
vt 0.9500000 0.5000000
vt 0.7250000 0.8897114
vt 0.2750000 0.8897114
vt 0.9500000 0.5000000
vt 0.2750000 0.8897114
vt 0.7250000 0.8897114
vt 0.9980000 0.8320000
vt 0.9980000 0.9980000
vt 0.0020000 0.9980000
vt 0.0020000 0.8320000
vt 0.9980000 0.8320000
vt 0.0020000 0.9980000
vt 0.9980000 0.6660000
vt 0.9980000 0.8320000
vt 0.0020000 0.8320000
vt 0.0020000 0.6660000
vt 0.9980000 0.6660000
vt 0.0020000 0.8320000
vt 0.9980000 0.5000000
vt 0.9980000 0.6660000
vt 0.0020000 0.6660000
vt 0.0020000 0.5000000
vt 0.9980000 0.5000000
vt 0.0020000 0.6660000
vt 0.9980000 0.3340000
vt 0.9980000 0.5000000
vt 0.0020000 0.5000000
vt 0.0020000 0.3340000
vt 0.9980000 0.3340000
vt 0.0020000 0.5000000
vt 0.9980000 0.1680000
vt 0.9980000 0.3340000
vt 0.0020000 0.3340000
vt 0.0020000 0.1680000
vt 0.9980000 0.1680000
vt 0.0020000 0.3340000
vt 0.9980000 0.0020000
vt 0.9980000 0.1680000
vt 0.0020000 0.1680000
vt 0.0020000 0.0020000
vt 0.9980000 0.0020000
vt 0.0020000 0.1680000
vt 0.9500000 0.5000000
vt 0.2750000 0.1102886
vt 0.7250000 0.1102886
vt 0.9500000 0.5000000
vt 0.7250000 0.1102886
vt 0.2750000 0.1102886
vt 0.9500000 0.5000000
vt 0.0500000 0.5000000
vt 0.2750000 0.1102886
vt 0.9500000 0.5000000
vt 0.2750000 0.1102886
vt 0.0500000 0.5000000
vt 0.9500000 0.5000000
vt 0.2750000 0.8897114
vt 0.0500000 0.5000000
vt 0.9500000 0.5000000
vt 0.0500000 0.5000000
vt 0.2750000 0.8897114
vt 0.9500000 0.5000000
vt 0.7250000 0.8897114
vt 0.2750000 0.8897114
vt 0.9500000 0.5000000
vt 0.2750000 0.8897114
vt 0.7250000 0.8897114
vt 0.9980000 0.8320000
vt 0.9980000 0.9980000
vt 0.0020000 0.9980000
vt 0.0020000 0.8320000
vt 0.9980000 0.8320000
vt 0.0020000 0.9980000
vt 0.9980000 0.6660000
vt 0.9980000 0.8320000
vt 0.0020000 0.8320000
vt 0.0020000 0.6660000
vt 0.9980000 0.6660000
vt 0.0020000 0.8320000
vt 0.9980000 0.5000000
vt 0.9980000 0.6660000
vt 0.0020000 0.6660000
vt 0.0020000 0.5000000
vt 0.9980000 0.5000000
vt 0.0020000 0.6660000
vt 0.9980000 0.3340000
vt 0.9980000 0.5000000
vt 0.0020000 0.5000000
vt 0.0020000 0.3340000
vt 0.9980000 0.3340000
vt 0.0020000 0.5000000
vt 0.9980000 0.1680000
vt 0.9980000 0.3340000
vt 0.0020000 0.3340000
vt 0.0020000 0.1680000
vt 0.9980000 0.1680000
vt 0.0020000 0.3340000
vt 0.9980000 0.0020000
vt 0.9980000 0.1680000
vt 0.0020000 0.1680000
vt 0.0020000 0.0020000
vt 0.9980000 0.0020000
vt 0.0020000 0.1680000
vt 0.9500000 0.5000000
vt 0.2750000 0.1102886
vt 0.7250000 0.1102886
vt 0.9500000 0.5000000
vt 0.7250000 0.1102886
vt 0.2750000 0.1102886
vt 0.9500000 0.5000000
vt 0.0500000 0.5000000
vt 0.2750000 0.1102886
vt 0.9500000 0.5000000
vt 0.2750000 0.1102886
vt 0.0500000 0.5000000
vt 0.9500000 0.5000000
vt 0.2750000 0.8897114
vt 0.0500000 0.5000000
vt 0.9500000 0.5000000
vt 0.0500000 0.5000000
vt 0.2750000 0.8897114
vt 0.9500000 0.5000000
vt 0.7250000 0.8897114
vt 0.2750000 0.8897114
vt 0.9500000 0.5000000
vt 0.2750000 0.8897114
vt 0.7250000 0.8897114
vt 0.9980000 0.8320000
vt 0.9980000 0.9980000
vt 0.0020000 0.9980000
vt 0.0020000 0.8320000
vt 0.9980000 0.8320000
vt 0.0020000 0.9980000
vt 0.9980000 0.6660000
vt 0.9980000 0.8320000
vt 0.0020000 0.8320000
vt 0.0020000 0.6660000
vt 0.9980000 0.6660000
vt 0.0020000 0.8320000
vt 0.9980000 0.5000000
vt 0.9980000 0.6660000
vt 0.0020000 0.6660000
vt 0.0020000 0.5000000
vt 0.9980000 0.5000000
vt 0.0020000 0.6660000
vt 0.9980000 0.3340000
vt 0.9980000 0.5000000
vt 0.0020000 0.5000000
vt 0.0020000 0.3340000
vt 0.9980000 0.3340000
vt 0.0020000 0.5000000
vt 0.9980000 0.1680000
vt 0.9980000 0.3340000
vt 0.0020000 0.3340000
vt 0.0020000 0.1680000
vt 0.9980000 0.1680000
vt 0.0020000 0.3340000
vt 0.9980000 0.0020000
vt 0.9980000 0.1680000
vt 0.0020000 0.1680000
vt 0.0020000 0.0020000
vt 0.9980000 0.0020000
vt 0.0020000 0.1680000
vt 0.9500000 0.5000000
vt 0.2750000 0.1102886
vt 0.7250000 0.1102886
vt 0.9500000 0.5000000
vt 0.7250000 0.1102886
vt 0.2750000 0.1102886
vt 0.9500000 0.5000000
vt 0.0500000 0.5000000
vt 0.2750000 0.1102886
vt 0.9500000 0.5000000
vt 0.2750000 0.1102886
vt 0.0500000 0.5000000
vt 0.9500000 0.5000000
vt 0.2750000 0.8897114
vt 0.0500000 0.5000000
vt 0.9500000 0.5000000
vt 0.0500000 0.5000000
vt 0.2750000 0.8897114
vt 0.9500000 0.5000000
vt 0.7250000 0.8897114
vt 0.2750000 0.8897114
vt 0.9500000 0.5000000
vt 0.2750000 0.8897114
vt 0.7250000 0.8897114
vt 0.9980000 0.8320000
vt 0.9980000 0.9980000
vt 0.0020000 0.9980000
vt 0.0020000 0.8320000
vt 0.9980000 0.8320000
vt 0.0020000 0.9980000
vt 0.9980000 0.6660000
vt 0.9980000 0.8320000
vt 0.0020000 0.8320000
vt 0.0020000 0.6660000
vt 0.9980000 0.6660000
vt 0.0020000 0.8320000
vt 0.9980000 0.5000000
vt 0.9980000 0.6660000
vt 0.0020000 0.6660000
vt 0.0020000 0.5000000
vt 0.9980000 0.5000000
vt 0.0020000 0.6660000
vt 0.9980000 0.3340000
vt 0.9980000 0.5000000
vt 0.0020000 0.5000000
vt 0.0020000 0.3340000
vt 0.9980000 0.3340000
vt 0.0020000 0.5000000
vt 0.9980000 0.1680000
vt 0.9980000 0.3340000
vt 0.0020000 0.3340000
vt 0.0020000 0.1680000
vt 0.9980000 0.1680000
vt 0.0020000 0.3340000
vt 0.9980000 0.0020000
vt 0.9980000 0.1680000
vt 0.0020000 0.1680000
vt 0.0020000 0.0020000
vt 0.9980000 0.0020000
vt 0.0020000 0.1680000
vt 0.9500000 0.5000000
vt 0.2750000 0.1102886
vt 0.7250000 0.1102886
vt 0.9500000 0.5000000
vt 0.7250000 0.1102886
vt 0.2750000 0.1102886
vt 0.9500000 0.5000000
vt 0.0500000 0.5000000
vt 0.2750000 0.1102886
vt 0.9500000 0.5000000
vt 0.2750000 0.1102886
vt 0.0500000 0.5000000
vt 0.9500000 0.5000000
vt 0.2750000 0.8897114
vt 0.0500000 0.5000000
vt 0.9500000 0.5000000
vt 0.0500000 0.5000000
vt 0.2750000 0.8897114
vt 0.9500000 0.5000000
vt 0.7250000 0.8897114
vt 0.2750000 0.8897114
vt 0.9500000 0.5000000
vt 0.2750000 0.8897114
vt 0.7250000 0.8897114
vt 0.9980000 0.8320000
vt 0.9980000 0.9980000
vt 0.0020000 0.9980000
vt 0.0020000 0.8320000
vt 0.9980000 0.8320000
vt 0.0020000 0.9980000
vt 0.9980000 0.6660000
vt 0.9980000 0.8320000
vt 0.0020000 0.8320000
vt 0.0020000 0.6660000
vt 0.9980000 0.6660000
vt 0.0020000 0.8320000
vt 0.9980000 0.5000000
vt 0.9980000 0.6660000
vt 0.0020000 0.6660000
vt 0.0020000 0.5000000
vt 0.9980000 0.5000000
vt 0.0020000 0.6660000
vt 0.9980000 0.3340000
vt 0.9980000 0.5000000
vt 0.0020000 0.5000000
vt 0.0020000 0.3340000
vt 0.9980000 0.3340000
vt 0.0020000 0.5000000
vt 0.9980000 0.1680000
vt 0.9980000 0.3340000
vt 0.0020000 0.3340000
vt 0.0020000 0.1680000
vt 0.9980000 0.1680000
vt 0.0020000 0.3340000
vt 0.9980000 0.0020000
vt 0.9980000 0.1680000
vt 0.0020000 0.1680000
vt 0.0020000 0.0020000
vt 0.9980000 0.0020000
vt 0.0020000 0.1680000
vt 0.9500000 0.5000000
vt 0.2750000 0.1102886
vt 0.7250000 0.1102886
vt 0.9500000 0.5000000
vt 0.7250000 0.1102886
vt 0.2750000 0.1102886
vt 0.9500000 0.5000000
vt 0.0500000 0.5000000
vt 0.2750000 0.1102886
vt 0.9500000 0.5000000
vt 0.2750000 0.1102886
vt 0.0500000 0.5000000
vt 0.9500000 0.5000000
vt 0.2750000 0.8897114
vt 0.0500000 0.5000000
vt 0.9500000 0.5000000
vt 0.0500000 0.5000000
vt 0.2750000 0.8897114
vt 0.9500000 0.5000000
vt 0.7250000 0.8897114
vt 0.2750000 0.8897114
vt 0.9500000 0.5000000
vt 0.2750000 0.8897114
vt 0.7250000 0.8897114
vt 0.9980000 0.8320000
vt 0.9980000 0.9980000
vt 0.0020000 0.9980000
vt 0.0020000 0.8320000
vt 0.9980000 0.8320000
vt 0.0020000 0.9980000
vt 0.9980000 0.6660000
vt 0.9980000 0.8320000
vt 0.0020000 0.8320000
vt 0.0020000 0.6660000
vt 0.9980000 0.6660000
vt 0.0020000 0.8320000
vt 0.9980000 0.5000000
vt 0.9980000 0.6660000
vt 0.0020000 0.6660000
vt 0.0020000 0.5000000
vt 0.9980000 0.5000000
vt 0.0020000 0.6660000
vt 0.9980000 0.3340000
vt 0.9980000 0.5000000
vt 0.0020000 0.5000000
vt 0.0020000 0.3340000
vt 0.9980000 0.3340000
vt 0.0020000 0.5000000
vt 0.9980000 0.1680000
vt 0.9980000 0.3340000
vt 0.0020000 0.3340000
vt 0.0020000 0.1680000
vt 0.9980000 0.1680000
vt 0.0020000 0.3340000
vt 0.9980000 0.0020000
vt 0.9980000 0.1680000
vt 0.0020000 0.1680000
vt 0.0020000 0.0020000
vt 0.9980000 0.0020000
vt 0.0020000 0.1680000
vt 0.9500000 0.5000000
vt 0.2750000 0.1102886
vt 0.7250000 0.1102886
vt 0.9500000 0.5000000
vt 0.7250000 0.1102886
vt 0.2750000 0.1102886
vt 0.9500000 0.5000000
vt 0.0500000 0.5000000
vt 0.2750000 0.1102886
vt 0.9500000 0.5000000
vt 0.2750000 0.1102886
vt 0.0500000 0.5000000
vt 0.9500000 0.5000000
vt 0.2750000 0.8897114
vt 0.0500000 0.5000000
vt 0.9500000 0.5000000
vt 0.0500000 0.5000000
vt 0.2750000 0.8897114
vt 0.9500000 0.5000000
vt 0.7250000 0.8897114
vt 0.2750000 0.8897114
vt 0.9500000 0.5000000
vt 0.2750000 0.8897114
vt 0.7250000 0.8897114
vt 0.9980000 0.8320000
vt 0.9980000 0.9980000
vt 0.0020000 0.9980000
vt 0.0020000 0.8320000
vt 0.9980000 0.8320000
vt 0.0020000 0.9980000
vt 0.9980000 0.6660000
vt 0.9980000 0.8320000
vt 0.0020000 0.8320000
vt 0.0020000 0.6660000
vt 0.9980000 0.6660000
vt 0.0020000 0.8320000
vt 0.9980000 0.5000000
vt 0.9980000 0.6660000
vt 0.0020000 0.6660000
vt 0.0020000 0.5000000
vt 0.9980000 0.5000000
vt 0.0020000 0.6660000
vt 0.9980000 0.3340000
vt 0.9980000 0.5000000
vt 0.0020000 0.5000000
vt 0.0020000 0.3340000
vt 0.9980000 0.3340000
vt 0.0020000 0.5000000
vt 0.9980000 0.1680000
vt 0.9980000 0.3340000
vt 0.0020000 0.3340000
vt 0.0020000 0.1680000
vt 0.9980000 0.1680000
vt 0.0020000 0.3340000
vt 0.9980000 0.0020000
vt 0.9980000 0.1680000
vt 0.0020000 0.1680000
vt 0.0020000 0.0020000
vt 0.9980000 0.0020000
vt 0.0020000 0.1680000
vt 0.9500000 0.5000000
vt 0.2750000 0.1102886
vt 0.7250000 0.1102886
vt 0.9500000 0.5000000
vt 0.7250000 0.1102886
vt 0.2750000 0.1102886
vt 0.9500000 0.5000000
vt 0.0500000 0.5000000
vt 0.2750000 0.1102886
vt 0.9500000 0.5000000
vt 0.2750000 0.1102886
vt 0.0500000 0.5000000
vt 0.9500000 0.5000000
vt 0.2750000 0.8897114
vt 0.0500000 0.5000000
vt 0.9500000 0.5000000
vt 0.0500000 0.5000000
vt 0.2750000 0.8897114
vt 0.9500000 0.5000000
vt 0.7250000 0.8897114
vt 0.2750000 0.8897114
vt 0.9500000 0.5000000
vt 0.2750000 0.8897114
vt 0.7250000 0.8897114
vt 0.9980000 0.8320000
vt 0.9980000 0.9980000
vt 0.0020000 0.9980000
vt 0.0020000 0.8320000
vt 0.9980000 0.8320000
vt 0.0020000 0.9980000
vt 0.9980000 0.6660000
vt 0.9980000 0.8320000
vt 0.0020000 0.8320000
vt 0.0020000 0.6660000
vt 0.9980000 0.6660000
vt 0.0020000 0.8320000
vt 0.9980000 0.5000000
vt 0.9980000 0.6660000
vt 0.0020000 0.6660000
vt 0.0020000 0.5000000
vt 0.9980000 0.5000000
vt 0.0020000 0.6660000
vt 0.9980000 0.3340000
vt 0.9980000 0.5000000
vt 0.0020000 0.5000000
vt 0.0020000 0.3340000
vt 0.9980000 0.3340000
vt 0.0020000 0.5000000
vt 0.9980000 0.1680000
vt 0.9980000 0.3340000
vt 0.0020000 0.3340000
vt 0.0020000 0.1680000
vt 0.9980000 0.1680000
vt 0.0020000 0.3340000
vt 0.9980000 0.0020000
vt 0.9980000 0.1680000
vt 0.0020000 0.1680000
vt 0.0020000 0.0020000
vt 0.9980000 0.0020000
vt 0.0020000 0.1680000
vt 0.9500000 0.5000000
vt 0.2750000 0.1102886
vt 0.7250000 0.1102886
vt 0.9500000 0.5000000
vt 0.7250000 0.1102886
vt 0.2750000 0.1102886
vt 0.9500000 0.5000000
vt 0.0500000 0.5000000
vt 0.2750000 0.1102886
vt 0.9500000 0.5000000
vt 0.2750000 0.1102886
vt 0.0500000 0.5000000
vt 0.9500000 0.5000000
vt 0.2750000 0.8897114
vt 0.0500000 0.5000000
vt 0.9500000 0.5000000
vt 0.0500000 0.5000000
vt 0.2750000 0.8897114
vt 0.9500000 0.5000000
vt 0.7250000 0.8897114
vt 0.2750000 0.8897114
vt 0.9500000 0.5000000
vt 0.2750000 0.8897114
vt 0.7250000 0.8897114
vt 0.9980000 0.8320000
vt 0.9980000 0.9980000
vt 0.0020000 0.9980000
vt 0.0020000 0.8320000
vt 0.9980000 0.8320000
vt 0.0020000 0.9980000
vt 0.9980000 0.6660000
vt 0.9980000 0.8320000
vt 0.0020000 0.8320000
vt 0.0020000 0.6660000
vt 0.9980000 0.6660000
vt 0.0020000 0.8320000
vt 0.9980000 0.5000000
vt 0.9980000 0.6660000
vt 0.0020000 0.6660000
vt 0.0020000 0.5000000
vt 0.9980000 0.5000000
vt 0.0020000 0.6660000
vt 0.9980000 0.3340000
vt 0.9980000 0.5000000
vt 0.0020000 0.5000000
vt 0.0020000 0.3340000
vt 0.9980000 0.3340000
vt 0.0020000 0.5000000
vt 0.9980000 0.1680000
vt 0.9980000 0.3340000
vt 0.0020000 0.3340000
vt 0.0020000 0.1680000
vt 0.9980000 0.1680000
vt 0.0020000 0.3340000
vt 0.9980000 0.0020000
vt 0.9980000 0.1680000
vt 0.0020000 0.1680000
vt 0.0020000 0.0020000
vt 0.9980000 0.0020000
vt 0.0020000 0.1680000
vt 0.9500000 0.5000000
vt 0.2750000 0.1102886
vt 0.7250000 0.1102886
vt 0.9500000 0.5000000
vt 0.7250000 0.1102886
vt 0.2750000 0.1102886
vt 0.9500000 0.5000000
vt 0.0500000 0.5000000
vt 0.2750000 0.1102886
vt 0.9500000 0.5000000
vt 0.2750000 0.1102886
vt 0.0500000 0.5000000
vt 0.9500000 0.5000000
vt 0.2750000 0.8897114
vt 0.0500000 0.5000000
vt 0.9500000 0.5000000
vt 0.0500000 0.5000000
vt 0.2750000 0.8897114
vt 0.9500000 0.5000000
vt 0.7250000 0.8897114
vt 0.2750000 0.8897114
vt 0.9500000 0.5000000
vt 0.2750000 0.8897114
vt 0.7250000 0.8897114
vt 0.9980000 0.8320000
vt 0.9980000 0.9980000
vt 0.0020000 0.9980000
vt 0.0020000 0.8320000
vt 0.9980000 0.8320000
vt 0.0020000 0.9980000
vt 0.9980000 0.6660000
vt 0.9980000 0.8320000
vt 0.0020000 0.8320000
vt 0.0020000 0.6660000
vt 0.9980000 0.6660000
vt 0.0020000 0.8320000
vt 0.9980000 0.5000000
vt 0.9980000 0.6660000
vt 0.0020000 0.6660000
vt 0.0020000 0.5000000
vt 0.9980000 0.5000000
vt 0.0020000 0.6660000
vt 0.9980000 0.3340000
vt 0.9980000 0.5000000
vt 0.0020000 0.5000000
vt 0.0020000 0.3340000
vt 0.9980000 0.3340000
vt 0.0020000 0.5000000
vt 0.9980000 0.1680000
vt 0.9980000 0.3340000
vt 0.0020000 0.3340000
vt 0.0020000 0.1680000
vt 0.9980000 0.1680000
vt 0.0020000 0.3340000
vt 0.9980000 0.0020000
vt 0.9980000 0.1680000
vt 0.0020000 0.1680000
vt 0.0020000 0.0020000
vt 0.9980000 0.0020000
vt 0.0020000 0.1680000
vt 0.9500000 0.5000000
vt 0.2750000 0.1102886
vt 0.7250000 0.1102886
vt 0.9500000 0.5000000
vt 0.7250000 0.1102886
vt 0.2750000 0.1102886
vt 0.9500000 0.5000000
vt 0.0500000 0.5000000
vt 0.2750000 0.1102886
vt 0.9500000 0.5000000
vt 0.2750000 0.1102886
vt 0.0500000 0.5000000
vt 0.9500000 0.5000000
vt 0.2750000 0.8897114
vt 0.0500000 0.5000000
vt 0.9500000 0.5000000
vt 0.0500000 0.5000000
vt 0.2750000 0.8897114
vt 0.9500000 0.5000000
vt 0.7250000 0.8897114
vt 0.2750000 0.8897114
vt 0.9500000 0.5000000
vt 0.2750000 0.8897114
vt 0.7250000 0.8897114
vt 0.9980000 0.8320000
vt 0.9980000 0.9980000
vt 0.0020000 0.9980000
vt 0.0020000 0.8320000
vt 0.9980000 0.8320000
vt 0.0020000 0.9980000
vt 0.9980000 0.6660000
vt 0.9980000 0.8320000
vt 0.0020000 0.8320000
vt 0.0020000 0.6660000
vt 0.9980000 0.6660000
vt 0.0020000 0.8320000
vt 0.9980000 0.5000000
vt 0.9980000 0.6660000
vt 0.0020000 0.6660000
vt 0.0020000 0.5000000
vt 0.9980000 0.5000000
vt 0.0020000 0.6660000
vt 0.9980000 0.3340000
vt 0.9980000 0.5000000
vt 0.0020000 0.5000000
vt 0.0020000 0.3340000
vt 0.9980000 0.3340000
vt 0.0020000 0.5000000
vt 0.9980000 0.1680000
vt 0.9980000 0.3340000
vt 0.0020000 0.3340000
vt 0.0020000 0.1680000
vt 0.9980000 0.1680000
vt 0.0020000 0.3340000
vt 0.9980000 0.0020000
vt 0.9980000 0.1680000
vt 0.0020000 0.1680000
vt 0.0020000 0.0020000
vt 0.9980000 0.0020000
vt 0.0020000 0.1680000
vt 0.9500000 0.5000000
vt 0.2750000 0.1102886
vt 0.7250000 0.1102886
vt 0.9500000 0.5000000
vt 0.7250000 0.1102886
vt 0.2750000 0.1102886
vt 0.9500000 0.5000000
vt 0.0500000 0.5000000
vt 0.2750000 0.1102886
vt 0.9500000 0.5000000
vt 0.2750000 0.1102886
vt 0.0500000 0.5000000
vt 0.9500000 0.5000000
vt 0.2750000 0.8897114
vt 0.0500000 0.5000000
vt 0.9500000 0.5000000
vt 0.0500000 0.5000000
vt 0.2750000 0.8897114
vt 0.9500000 0.5000000
vt 0.7250000 0.8897114
vt 0.2750000 0.8897114
vt 0.9500000 0.5000000
vt 0.2750000 0.8897114
vt 0.7250000 0.8897114
vt 0.9980000 0.8320000
vt 0.9980000 0.9980000
vt 0.0020000 0.9980000
vt 0.0020000 0.8320000
vt 0.9980000 0.8320000
vt 0.0020000 0.9980000
vt 0.9980000 0.6660000
vt 0.9980000 0.8320000
vt 0.0020000 0.8320000
vt 0.0020000 0.6660000
vt 0.9980000 0.6660000
vt 0.0020000 0.8320000
vt 0.9980000 0.5000000
vt 0.9980000 0.6660000
vt 0.0020000 0.6660000
vt 0.0020000 0.5000000
vt 0.9980000 0.5000000
vt 0.0020000 0.6660000
vt 0.9980000 0.3340000
vt 0.9980000 0.5000000
vt 0.0020000 0.5000000
vt 0.0020000 0.3340000
vt 0.9980000 0.3340000
vt 0.0020000 0.5000000
vt 0.9980000 0.1680000
vt 0.9980000 0.3340000
vt 0.0020000 0.3340000
vt 0.0020000 0.1680000
vt 0.9980000 0.1680000
vt 0.0020000 0.3340000
vt 0.9980000 0.0020000
vt 0.9980000 0.1680000
vt 0.0020000 0.1680000
vt 0.0020000 0.0020000
vt 0.9980000 0.0020000
vt 0.0020000 0.1680000
vt 0.9500000 0.5000000
vt 0.2750000 0.1102886
vt 0.7250000 0.1102886
vt 0.9500000 0.5000000
vt 0.7250000 0.1102886
vt 0.2750000 0.1102886
vt 0.9500000 0.5000000
vt 0.0500000 0.5000000
vt 0.2750000 0.1102886
vt 0.9500000 0.5000000
vt 0.2750000 0.1102886
vt 0.0500000 0.5000000
vt 0.9500000 0.5000000
vt 0.2750000 0.8897114
vt 0.0500000 0.5000000
vt 0.9500000 0.5000000
vt 0.0500000 0.5000000
vt 0.2750000 0.8897114
vt 0.9500000 0.5000000
vt 0.7250000 0.8897114
vt 0.2750000 0.8897114
vt 0.9500000 0.5000000
vt 0.2750000 0.8897114
vt 0.7250000 0.8897114
vt 0.9980000 0.8320000
vt 0.9980000 0.9980000
vt 0.0020000 0.9980000
vt 0.0020000 0.8320000
vt 0.9980000 0.8320000
vt 0.0020000 0.9980000
vt 0.9980000 0.6660000
vt 0.9980000 0.8320000
vt 0.0020000 0.8320000
vt 0.0020000 0.6660000
vt 0.9980000 0.6660000
vt 0.0020000 0.8320000
vt 0.9980000 0.5000000
vt 0.9980000 0.6660000
vt 0.0020000 0.6660000
vt 0.0020000 0.5000000
vt 0.9980000 0.5000000
vt 0.0020000 0.6660000
vt 0.9980000 0.3340000
vt 0.9980000 0.5000000
vt 0.0020000 0.5000000
vt 0.0020000 0.3340000
vt 0.9980000 0.3340000
vt 0.0020000 0.5000000
vt 0.9980000 0.1680000
vt 0.9980000 0.3340000
vt 0.0020000 0.3340000
vt 0.0020000 0.1680000
vt 0.9980000 0.1680000
vt 0.0020000 0.3340000
vt 0.9980000 0.0020000
vt 0.9980000 0.1680000
vt 0.0020000 0.1680000
vt 0.0020000 0.0020000
vt 0.9980000 0.0020000
vt 0.0020000 0.1680000
vt 0.9500000 0.5000000
vt 0.2750000 0.1102886
vt 0.7250000 0.1102886
vt 0.9500000 0.5000000
vt 0.7250000 0.1102886
vt 0.2750000 0.1102886
vt 0.9500000 0.5000000
vt 0.0500000 0.5000000
vt 0.2750000 0.1102886
vt 0.9500000 0.5000000
vt 0.2750000 0.1102886
vt 0.0500000 0.5000000
vt 0.9500000 0.5000000
vt 0.2750000 0.8897114
vt 0.0500000 0.5000000
vt 0.9500000 0.5000000
vt 0.0500000 0.5000000
vt 0.2750000 0.8897114
vt 0.9500000 0.5000000
vt 0.7250000 0.8897114
vt 0.2750000 0.8897114
vt 0.9500000 0.5000000
vt 0.2750000 0.8897114
vt 0.7250000 0.8897114
vt 0.9980000 0.8320000
vt 0.9980000 0.9980000
vt 0.0020000 0.9980000
vt 0.0020000 0.8320000
vt 0.9980000 0.8320000
vt 0.0020000 0.9980000
vt 0.9980000 0.6660000
vt 0.9980000 0.8320000
vt 0.0020000 0.8320000
vt 0.0020000 0.6660000
vt 0.9980000 0.6660000
vt 0.0020000 0.8320000
vt 0.9980000 0.5000000
vt 0.9980000 0.6660000
vt 0.0020000 0.6660000
vt 0.0020000 0.5000000
vt 0.9980000 0.5000000
vt 0.0020000 0.6660000
vt 0.9980000 0.3340000
vt 0.9980000 0.5000000
vt 0.0020000 0.5000000
vt 0.0020000 0.3340000
vt 0.9980000 0.3340000
vt 0.0020000 0.5000000
vt 0.9980000 0.1680000
vt 0.9980000 0.3340000
vt 0.0020000 0.3340000
vt 0.0020000 0.1680000
vt 0.9980000 0.1680000
vt 0.0020000 0.3340000
vt 0.9980000 0.0020000
vt 0.9980000 0.1680000
vt 0.0020000 0.1680000
vt 0.0020000 0.0020000
vt 0.9980000 0.0020000
vt 0.0020000 0.1680000
vt 0.9500000 0.5000000
vt 0.2750000 0.1102886
vt 0.7250000 0.1102886
vt 0.9500000 0.5000000
vt 0.7250000 0.1102886
vt 0.2750000 0.1102886
vt 0.9500000 0.5000000
vt 0.0500000 0.5000000
vt 0.2750000 0.1102886
vt 0.9500000 0.5000000
vt 0.2750000 0.1102886
vt 0.0500000 0.5000000
vt 0.9500000 0.5000000
vt 0.2750000 0.8897114
vt 0.0500000 0.5000000
vt 0.9500000 0.5000000
vt 0.0500000 0.5000000
vt 0.2750000 0.8897114
vt 0.9500000 0.5000000
vt 0.7250000 0.8897114
vt 0.2750000 0.8897114
vt 0.9500000 0.5000000
vt 0.2750000 0.8897114
vt 0.7250000 0.8897114
vt 0.9980000 0.8320000
vt 0.9980000 0.9980000
vt 0.0020000 0.9980000
vt 0.0020000 0.8320000
vt 0.9980000 0.8320000
vt 0.0020000 0.9980000
vt 0.9980000 0.6660000
vt 0.9980000 0.8320000
vt 0.0020000 0.8320000
vt 0.0020000 0.6660000
vt 0.9980000 0.6660000
vt 0.0020000 0.8320000
vt 0.9980000 0.5000000
vt 0.9980000 0.6660000
vt 0.0020000 0.6660000
vt 0.0020000 0.5000000
vt 0.9980000 0.5000000
vt 0.0020000 0.6660000
vt 0.9980000 0.3340000
vt 0.9980000 0.5000000
vt 0.0020000 0.5000000
vt 0.0020000 0.3340000
vt 0.9980000 0.3340000
vt 0.0020000 0.5000000
vt 0.9980000 0.1680000
vt 0.9980000 0.3340000
vt 0.0020000 0.3340000
vt 0.0020000 0.1680000
vt 0.9980000 0.1680000
vt 0.0020000 0.3340000
vt 0.9980000 0.0020000
vt 0.9980000 0.1680000
vt 0.0020000 0.1680000
vt 0.0020000 0.0020000
vt 0.9980000 0.0020000
vt 0.0020000 0.1680000
vt 0.9500000 0.5000000
vt 0.2750000 0.1102886
vt 0.7250000 0.1102886
vt 0.9500000 0.5000000
vt 0.7250000 0.1102886
vt 0.2750000 0.1102886
vt 0.9500000 0.5000000
vt 0.0500000 0.5000000
vt 0.2750000 0.1102886
vt 0.9500000 0.5000000
vt 0.2750000 0.1102886
vt 0.0500000 0.5000000
vt 0.9500000 0.5000000
vt 0.2750000 0.8897114
vt 0.0500000 0.5000000
vt 0.9500000 0.5000000
vt 0.0500000 0.5000000
vt 0.2750000 0.8897114
vt 0.9500000 0.5000000
vt 0.7250000 0.8897114
vt 0.2750000 0.8897114
vt 0.9500000 0.5000000
vt 0.2750000 0.8897114
vt 0.7250000 0.8897114
vt 0.9980000 0.8320000
vt 0.9980000 0.9980000
vt 0.0020000 0.9980000
vt 0.0020000 0.8320000
vt 0.9980000 0.8320000
vt 0.0020000 0.9980000
vt 0.9980000 0.6660000
vt 0.9980000 0.8320000
vt 0.0020000 0.8320000
vt 0.0020000 0.6660000
vt 0.9980000 0.6660000
vt 0.0020000 0.8320000
vt 0.9980000 0.5000000
vt 0.9980000 0.6660000
vt 0.0020000 0.6660000
vt 0.0020000 0.5000000
vt 0.9980000 0.5000000
vt 0.0020000 0.6660000
vt 0.9980000 0.3340000
vt 0.9980000 0.5000000
vt 0.0020000 0.5000000
vt 0.0020000 0.3340000
vt 0.9980000 0.3340000
vt 0.0020000 0.5000000
vt 0.9980000 0.1680000
vt 0.9980000 0.3340000
vt 0.0020000 0.3340000
vt 0.0020000 0.1680000
vt 0.9980000 0.1680000
vt 0.0020000 0.3340000
vt 0.9980000 0.0020000
vt 0.9980000 0.1680000
vt 0.0020000 0.1680000
vt 0.0020000 0.0020000
vt 0.9980000 0.0020000
vt 0.0020000 0.1680000
vt 0.9500000 0.5000000
vt 0.2750000 0.1102886
vt 0.7250000 0.1102886
vt 0.9500000 0.5000000
vt 0.7250000 0.1102886
vt 0.2750000 0.1102886
vt 0.9500000 0.5000000
vt 0.0500000 0.5000000
vt 0.2750000 0.1102886
vt 0.9500000 0.5000000
vt 0.2750000 0.1102886
vt 0.0500000 0.5000000
vt 0.9500000 0.5000000
vt 0.2750000 0.8897114
vt 0.0500000 0.5000000
vt 0.9500000 0.5000000
vt 0.0500000 0.5000000
vt 0.2750000 0.8897114
vt 0.9500000 0.5000000
vt 0.7250000 0.8897114
vt 0.2750000 0.8897114
vt 0.9500000 0.5000000
vt 0.2750000 0.8897114
vt 0.7250000 0.8897114
vt 0.9980000 0.8320000
vt 0.9980000 0.9980000
vt 0.0020000 0.9980000
vt 0.0020000 0.8320000
vt 0.9980000 0.8320000
vt 0.0020000 0.9980000
vt 0.9980000 0.6660000
vt 0.9980000 0.8320000
vt 0.0020000 0.8320000
vt 0.0020000 0.6660000
vt 0.9980000 0.6660000
vt 0.0020000 0.8320000
vt 0.9980000 0.5000000
vt 0.9980000 0.6660000
vt 0.0020000 0.6660000
vt 0.0020000 0.5000000
vt 0.9980000 0.5000000
vt 0.0020000 0.6660000
vt 0.9980000 0.3340000
vt 0.9980000 0.5000000
vt 0.0020000 0.5000000
vt 0.0020000 0.3340000
vt 0.9980000 0.3340000
vt 0.0020000 0.5000000
vt 0.9980000 0.1680000
vt 0.9980000 0.3340000
vt 0.0020000 0.3340000
vt 0.0020000 0.1680000
vt 0.9980000 0.1680000
vt 0.0020000 0.3340000
vt 0.9980000 0.0020000
vt 0.9980000 0.1680000
vt 0.0020000 0.1680000
vt 0.0020000 0.0020000
vt 0.9980000 0.0020000
vt 0.0020000 0.1680000
vt 0.9500000 0.5000000
vt 0.2750000 0.1102886
vt 0.7250000 0.1102886
vt 0.9500000 0.5000000
vt 0.7250000 0.1102886
vt 0.2750000 0.1102886
vt 0.9500000 0.5000000
vt 0.0500000 0.5000000
vt 0.2750000 0.1102886
vt 0.9500000 0.5000000
vt 0.2750000 0.1102886
vt 0.0500000 0.5000000
vt 0.9500000 0.5000000
vt 0.2750000 0.8897114
vt 0.0500000 0.5000000
vt 0.9500000 0.5000000
vt 0.0500000 0.5000000
vt 0.2750000 0.8897114
vt 0.9500000 0.5000000
vt 0.7250000 0.8897114
vt 0.2750000 0.8897114
vt 0.9500000 0.5000000
vt 0.2750000 0.8897114
vt 0.7250000 0.8897114
vt 0.9980000 0.8320000
vt 0.9980000 0.9980000
vt 0.0020000 0.9980000
vt 0.0020000 0.8320000
vt 0.9980000 0.8320000
vt 0.0020000 0.9980000
vt 0.9980000 0.6660000
vt 0.9980000 0.8320000
vt 0.0020000 0.8320000
vt 0.0020000 0.6660000
vt 0.9980000 0.6660000
vt 0.0020000 0.8320000
vt 0.9980000 0.5000000
vt 0.9980000 0.6660000
vt 0.0020000 0.6660000
vt 0.0020000 0.5000000
vt 0.9980000 0.5000000
vt 0.0020000 0.6660000
vt 0.9980000 0.3340000
vt 0.9980000 0.5000000
vt 0.0020000 0.5000000
vt 0.0020000 0.3340000
vt 0.9980000 0.3340000
vt 0.0020000 0.5000000
vt 0.9980000 0.1680000
vt 0.9980000 0.3340000
vt 0.0020000 0.3340000
vt 0.0020000 0.1680000
vt 0.9980000 0.1680000
vt 0.0020000 0.3340000
vt 0.9980000 0.0020000
vt 0.9980000 0.1680000
vt 0.0020000 0.1680000
vt 0.0020000 0.0020000
vt 0.9980000 0.0020000
vt 0.0020000 0.1680000
vt 0.9500000 0.5000000
vt 0.2750000 0.1102886
vt 0.7250000 0.1102886
vt 0.9500000 0.5000000
vt 0.7250000 0.1102886
vt 0.2750000 0.1102886
vt 0.9500000 0.5000000
vt 0.0500000 0.5000000
vt 0.2750000 0.1102886
vt 0.9500000 0.5000000
vt 0.2750000 0.1102886
vt 0.0500000 0.5000000
vt 0.9500000 0.5000000
vt 0.2750000 0.8897114
vt 0.0500000 0.5000000
vt 0.9500000 0.5000000
vt 0.0500000 0.5000000
vt 0.2750000 0.8897114
vt 0.9500000 0.5000000
vt 0.7250000 0.8897114
vt 0.2750000 0.8897114
vt 0.9500000 0.5000000
vt 0.2750000 0.8897114
vt 0.7250000 0.8897114
vt 0.9980000 0.8320000
vt 0.9980000 0.9980000
vt 0.0020000 0.9980000
vt 0.0020000 0.8320000
vt 0.9980000 0.8320000
vt 0.0020000 0.9980000
vt 0.9980000 0.6660000
vt 0.9980000 0.8320000
vt 0.0020000 0.8320000
vt 0.0020000 0.6660000
vt 0.9980000 0.6660000
vt 0.0020000 0.8320000
vt 0.9980000 0.5000000
vt 0.9980000 0.6660000
vt 0.0020000 0.6660000
vt 0.0020000 0.5000000
vt 0.9980000 0.5000000
vt 0.0020000 0.6660000
vt 0.9980000 0.3340000
vt 0.9980000 0.5000000
vt 0.0020000 0.5000000
vt 0.0020000 0.3340000
vt 0.9980000 0.3340000
vt 0.0020000 0.5000000
vt 0.9980000 0.1680000
vt 0.9980000 0.3340000
vt 0.0020000 0.3340000
vt 0.0020000 0.1680000
vt 0.9980000 0.1680000
vt 0.0020000 0.3340000
vt 0.9980000 0.0020000
vt 0.9980000 0.1680000
vt 0.0020000 0.1680000
vt 0.0020000 0.0020000
vt 0.9980000 0.0020000
vt 0.0020000 0.1680000
vt 0.9500000 0.5000000
vt 0.2750000 0.1102886
vt 0.7250000 0.1102886
vt 0.9500000 0.5000000
vt 0.7250000 0.1102886
vt 0.2750000 0.1102886
vt 0.9500000 0.5000000
vt 0.0500000 0.5000000
vt 0.2750000 0.1102886
vt 0.9500000 0.5000000
vt 0.2750000 0.1102886
vt 0.0500000 0.5000000
vt 0.9500000 0.5000000
vt 0.2750000 0.8897114
vt 0.0500000 0.5000000
vt 0.9500000 0.5000000
vt 0.0500000 0.5000000
vt 0.2750000 0.8897114
vt 0.9500000 0.5000000
vt 0.7250000 0.8897114
vt 0.2750000 0.8897114
vt 0.9500000 0.5000000
vt 0.2750000 0.8897114
vt 0.7250000 0.8897114
vt 0.9980000 0.8320000
vt 0.9980000 0.9980000
vt 0.0020000 0.9980000
vt 0.0020000 0.8320000
vt 0.9980000 0.8320000
vt 0.0020000 0.9980000
vt 0.9980000 0.6660000
vt 0.9980000 0.8320000
vt 0.0020000 0.8320000
vt 0.0020000 0.6660000
vt 0.9980000 0.6660000
vt 0.0020000 0.8320000
vt 0.9980000 0.5000000
vt 0.9980000 0.6660000
vt 0.0020000 0.6660000
vt 0.0020000 0.5000000
vt 0.9980000 0.5000000
vt 0.0020000 0.6660000
vt 0.9980000 0.3340000
vt 0.9980000 0.5000000
vt 0.0020000 0.5000000
vt 0.0020000 0.3340000
vt 0.9980000 0.3340000
vt 0.0020000 0.5000000
vt 0.9980000 0.1680000
vt 0.9980000 0.3340000
vt 0.0020000 0.3340000
vt 0.0020000 0.1680000
vt 0.9980000 0.1680000
vt 0.0020000 0.3340000
vt 0.9980000 0.0020000
vt 0.9980000 0.1680000
vt 0.0020000 0.1680000
vt 0.0020000 0.0020000
vt 0.9980000 0.0020000
vt 0.0020000 0.1680000
vt 0.9500000 0.5000000
vt 0.2750000 0.1102886
vt 0.7250000 0.1102886
vt 0.9500000 0.5000000
vt 0.7250000 0.1102886
vt 0.2750000 0.1102886
vt 0.9500000 0.5000000
vt 0.0500000 0.5000000
vt 0.2750000 0.1102886
vt 0.9500000 0.5000000
vt 0.2750000 0.1102886
vt 0.0500000 0.5000000
vt 0.9500000 0.5000000
vt 0.2750000 0.8897114
vt 0.0500000 0.5000000
vt 0.9500000 0.5000000
vt 0.0500000 0.5000000
vt 0.2750000 0.8897114
vt 0.9500000 0.5000000
vt 0.7250000 0.8897114
vt 0.2750000 0.8897114
vt 0.9500000 0.5000000
vt 0.2750000 0.8897114
vt 0.7250000 0.8897114
vt 0.9980000 0.8320000
vt 0.9980000 0.9980000
vt 0.0020000 0.9980000
vt 0.0020000 0.8320000
vt 0.9980000 0.8320000
vt 0.0020000 0.9980000
vt 0.9980000 0.6660000
vt 0.9980000 0.8320000
vt 0.0020000 0.8320000
vt 0.0020000 0.6660000
vt 0.9980000 0.6660000
vt 0.0020000 0.8320000
vt 0.9980000 0.5000000
vt 0.9980000 0.6660000
vt 0.0020000 0.6660000
vt 0.0020000 0.5000000
vt 0.9980000 0.5000000
vt 0.0020000 0.6660000
vt 0.9980000 0.3340000
vt 0.9980000 0.5000000
vt 0.0020000 0.5000000
vt 0.0020000 0.3340000
vt 0.9980000 0.3340000
vt 0.0020000 0.5000000
vt 0.9980000 0.1680000
vt 0.9980000 0.3340000
vt 0.0020000 0.3340000
vt 0.0020000 0.1680000
vt 0.9980000 0.1680000
vt 0.0020000 0.3340000
vt 0.9980000 0.0020000
vt 0.9980000 0.1680000
vt 0.0020000 0.1680000
vt 0.0020000 0.0020000
vt 0.9980000 0.0020000
vt 0.0020000 0.1680000
vt 0.9500000 0.5000000
vt 0.2750000 0.1102886
vt 0.7250000 0.1102886
vt 0.9500000 0.5000000
vt 0.7250000 0.1102886
vt 0.2750000 0.1102886
vt 0.9500000 0.5000000
vt 0.0500000 0.5000000
vt 0.2750000 0.1102886
vt 0.9500000 0.5000000
vt 0.2750000 0.1102886
vt 0.0500000 0.5000000
vt 0.9500000 0.5000000
vt 0.2750000 0.8897114
vt 0.0500000 0.5000000
vt 0.9500000 0.5000000
vt 0.0500000 0.5000000
vt 0.2750000 0.8897114
vt 0.9500000 0.5000000
vt 0.7250000 0.8897114
vt 0.2750000 0.8897114
vt 0.9500000 0.5000000
vt 0.2750000 0.8897114
vt 0.7250000 0.8897114
vt 0.9980000 0.8320000
vt 0.9980000 0.9980000
vt 0.0020000 0.9980000
vt 0.0020000 0.8320000
vt 0.9980000 0.8320000
vt 0.0020000 0.9980000
vt 0.9980000 0.6660000
vt 0.9980000 0.8320000
vt 0.0020000 0.8320000
vt 0.0020000 0.6660000
vt 0.9980000 0.6660000
vt 0.0020000 0.8320000
vt 0.9980000 0.5000000
vt 0.9980000 0.6660000
vt 0.0020000 0.6660000
vt 0.0020000 0.5000000
vt 0.9980000 0.5000000
vt 0.0020000 0.6660000
vt 0.9980000 0.3340000
vt 0.9980000 0.5000000
vt 0.0020000 0.5000000
vt 0.0020000 0.3340000
vt 0.9980000 0.3340000
vt 0.0020000 0.5000000
vt 0.9980000 0.1680000
vt 0.9980000 0.3340000
vt 0.0020000 0.3340000
vt 0.0020000 0.1680000
vt 0.9980000 0.1680000
vt 0.0020000 0.3340000
vt 0.9980000 0.0020000
vt 0.9980000 0.1680000
vt 0.0020000 0.1680000
vt 0.0020000 0.0020000
vt 0.9980000 0.0020000
vt 0.0020000 0.1680000
vt 0.9500000 0.5000000
vt 0.2750000 0.1102886
vt 0.7250000 0.1102886
vt 0.9500000 0.5000000
vt 0.7250000 0.1102886
vt 0.2750000 0.1102886
vt 0.9500000 0.5000000
vt 0.0500000 0.5000000
vt 0.2750000 0.1102886
vt 0.9500000 0.5000000
vt 0.2750000 0.1102886
vt 0.0500000 0.5000000
vt 0.9500000 0.5000000
vt 0.2750000 0.8897114
vt 0.0500000 0.5000000
vt 0.9500000 0.5000000
vt 0.0500000 0.5000000
vt 0.2750000 0.8897114
vt 0.9500000 0.5000000
vt 0.7250000 0.8897114
vt 0.2750000 0.8897114
vt 0.9500000 0.5000000
vt 0.2750000 0.8897114
vt 0.7250000 0.8897114
vt 0.9980000 0.8320000
vt 0.9980000 0.9980000
vt 0.0020000 0.9980000
vt 0.0020000 0.8320000
vt 0.9980000 0.8320000
vt 0.0020000 0.9980000
vt 0.9980000 0.6660000
vt 0.9980000 0.8320000
vt 0.0020000 0.8320000
vt 0.0020000 0.6660000
vt 0.9980000 0.6660000
vt 0.0020000 0.8320000
vt 0.9980000 0.5000000
vt 0.9980000 0.6660000
vt 0.0020000 0.6660000
vt 0.0020000 0.5000000
vt 0.9980000 0.5000000
vt 0.0020000 0.6660000
vt 0.9980000 0.3340000
vt 0.9980000 0.5000000
vt 0.0020000 0.5000000
vt 0.0020000 0.3340000
vt 0.9980000 0.3340000
vt 0.0020000 0.5000000
vt 0.9980000 0.1680000
vt 0.9980000 0.3340000
vt 0.0020000 0.3340000
vt 0.0020000 0.1680000
vt 0.9980000 0.1680000
vt 0.0020000 0.3340000
vt 0.9980000 0.0020000
vt 0.9980000 0.1680000
vt 0.0020000 0.1680000
vt 0.0020000 0.0020000
vt 0.9980000 0.0020000
vt 0.0020000 0.1680000
vt 0.9500000 0.5000000
vt 0.2750000 0.1102886
vt 0.7250000 0.1102886
vt 0.9500000 0.5000000
vt 0.7250000 0.1102886
vt 0.2750000 0.1102886
vt 0.9500000 0.5000000
vt 0.0500000 0.5000000
vt 0.2750000 0.1102886
vt 0.9500000 0.5000000
vt 0.2750000 0.1102886
vt 0.0500000 0.5000000
vt 0.9500000 0.5000000
vt 0.2750000 0.8897114
vt 0.0500000 0.5000000
vt 0.9500000 0.5000000
vt 0.0500000 0.5000000
vt 0.2750000 0.8897114
vt 0.9500000 0.5000000
vt 0.7250000 0.8897114
vt 0.2750000 0.8897114
vt 0.9500000 0.5000000
vt 0.2750000 0.8897114
vt 0.7250000 0.8897114
vt 0.9980000 0.8320000
vt 0.9980000 0.9980000
vt 0.0020000 0.9980000
vt 0.0020000 0.8320000
vt 0.9980000 0.8320000
vt 0.0020000 0.9980000
vt 0.9980000 0.6660000
vt 0.9980000 0.8320000
vt 0.0020000 0.8320000
vt 0.0020000 0.6660000
vt 0.9980000 0.6660000
vt 0.0020000 0.8320000
vt 0.9980000 0.5000000
vt 0.9980000 0.6660000
vt 0.0020000 0.6660000
vt 0.0020000 0.5000000
vt 0.9980000 0.5000000
vt 0.0020000 0.6660000
vt 0.9980000 0.3340000
vt 0.9980000 0.5000000
vt 0.0020000 0.5000000
vt 0.0020000 0.3340000
vt 0.9980000 0.3340000
vt 0.0020000 0.5000000
vt 0.9980000 0.1680000
vt 0.9980000 0.3340000
vt 0.0020000 0.3340000
vt 0.0020000 0.1680000
vt 0.9980000 0.1680000
vt 0.0020000 0.3340000
vt 0.9980000 0.0020000
vt 0.9980000 0.1680000
vt 0.0020000 0.1680000
vt 0.0020000 0.0020000
vt 0.9980000 0.0020000
vt 0.0020000 0.1680000
vt 0.9500000 0.5000000
vt 0.2750000 0.1102886
vt 0.7250000 0.1102886
vt 0.9500000 0.5000000
vt 0.7250000 0.1102886
vt 0.2750000 0.1102886
vt 0.9500000 0.5000000
vt 0.0500000 0.5000000
vt 0.2750000 0.1102886
vt 0.9500000 0.5000000
vt 0.2750000 0.1102886
vt 0.0500000 0.5000000
vt 0.9500000 0.5000000
vt 0.2750000 0.8897114
vt 0.0500000 0.5000000
vt 0.9500000 0.5000000
vt 0.0500000 0.5000000
vt 0.2750000 0.8897114
vt 0.9500000 0.5000000
vt 0.7250000 0.8897114
vt 0.2750000 0.8897114
vt 0.9500000 0.5000000
vt 0.2750000 0.8897114
vt 0.7250000 0.8897114
vt 0.9980000 0.8320000
vt 0.9980000 0.9980000
vt 0.0020000 0.9980000
vt 0.0020000 0.8320000
vt 0.9980000 0.8320000
vt 0.0020000 0.9980000
vt 0.9980000 0.6660000
vt 0.9980000 0.8320000
vt 0.0020000 0.8320000
vt 0.0020000 0.6660000
vt 0.9980000 0.6660000
vt 0.0020000 0.8320000
vt 0.9980000 0.5000000
vt 0.9980000 0.6660000
vt 0.0020000 0.6660000
vt 0.0020000 0.5000000
vt 0.9980000 0.5000000
vt 0.0020000 0.6660000
vt 0.9980000 0.3340000
vt 0.9980000 0.5000000
vt 0.0020000 0.5000000
vt 0.0020000 0.3340000
vt 0.9980000 0.3340000
vt 0.0020000 0.5000000
vt 0.9980000 0.1680000
vt 0.9980000 0.3340000
vt 0.0020000 0.3340000
vt 0.0020000 0.1680000
vt 0.9980000 0.1680000
vt 0.0020000 0.3340000
vt 0.9980000 0.0020000
vt 0.9980000 0.1680000
vt 0.0020000 0.1680000
vt 0.0020000 0.0020000
vt 0.9980000 0.0020000
vt 0.0020000 0.1680000
vt 0.9500000 0.5000000
vt 0.2750000 0.1102886
vt 0.7250000 0.1102886
vt 0.9500000 0.5000000
vt 0.7250000 0.1102886
vt 0.2750000 0.1102886
vt 0.9500000 0.5000000
vt 0.0500000 0.5000000
vt 0.2750000 0.1102886
vt 0.9500000 0.5000000
vt 0.2750000 0.1102886
vt 0.0500000 0.5000000
vt 0.9500000 0.5000000
vt 0.2750000 0.8897114
vt 0.0500000 0.5000000
vt 0.9500000 0.5000000
vt 0.0500000 0.5000000
vt 0.2750000 0.8897114
vt 0.9500000 0.5000000
vt 0.7250000 0.8897114
vt 0.2750000 0.8897114
vt 0.9500000 0.5000000
vt 0.2750000 0.8897114
vt 0.7250000 0.8897114
vt 0.9980000 0.8320000
vt 0.9980000 0.9980000
vt 0.0020000 0.9980000
vt 0.0020000 0.8320000
vt 0.9980000 0.8320000
vt 0.0020000 0.9980000
vt 0.9980000 0.6660000
vt 0.9980000 0.8320000
vt 0.0020000 0.8320000
vt 0.0020000 0.6660000
vt 0.9980000 0.6660000
vt 0.0020000 0.8320000
vt 0.9980000 0.5000000
vt 0.9980000 0.6660000
vt 0.0020000 0.6660000
vt 0.0020000 0.5000000
vt 0.9980000 0.5000000
vt 0.0020000 0.6660000
vt 0.9980000 0.3340000
vt 0.9980000 0.5000000
vt 0.0020000 0.5000000
vt 0.0020000 0.3340000
vt 0.9980000 0.3340000
vt 0.0020000 0.5000000
vt 0.9980000 0.1680000
vt 0.9980000 0.3340000
vt 0.0020000 0.3340000
vt 0.0020000 0.1680000
vt 0.9980000 0.1680000
vt 0.0020000 0.3340000
vt 0.9980000 0.0020000
vt 0.9980000 0.1680000
vt 0.0020000 0.1680000
vt 0.0020000 0.0020000
vt 0.9980000 0.0020000
vt 0.0020000 0.1680000
vt 0.9500000 0.5000000
vt 0.2750000 0.1102886
vt 0.7250000 0.1102886
vt 0.9500000 0.5000000
vt 0.7250000 0.1102886
vt 0.2750000 0.1102886
vt 0.9500000 0.5000000
vt 0.0500000 0.5000000
vt 0.2750000 0.1102886
vt 0.9500000 0.5000000
vt 0.2750000 0.1102886
vt 0.0500000 0.5000000
vt 0.9500000 0.5000000
vt 0.2750000 0.8897114
vt 0.0500000 0.5000000
vt 0.9500000 0.5000000
vt 0.0500000 0.5000000
vt 0.2750000 0.8897114
vt 0.9500000 0.5000000
vt 0.7250000 0.8897114
vt 0.2750000 0.8897114
vt 0.9500000 0.5000000
vt 0.2750000 0.8897114
vt 0.7250000 0.8897114
vt 0.9980000 0.8320000
vt 0.9980000 0.9980000
vt 0.0020000 0.9980000
vt 0.0020000 0.8320000
vt 0.9980000 0.8320000
vt 0.0020000 0.9980000
vt 0.9980000 0.6660000
vt 0.9980000 0.8320000
vt 0.0020000 0.8320000
vt 0.0020000 0.6660000
vt 0.9980000 0.6660000
vt 0.0020000 0.8320000
vt 0.9980000 0.5000000
vt 0.9980000 0.6660000
vt 0.0020000 0.6660000
vt 0.0020000 0.5000000
vt 0.9980000 0.5000000
vt 0.0020000 0.6660000
vt 0.9980000 0.3340000
vt 0.9980000 0.5000000
vt 0.0020000 0.5000000
vt 0.0020000 0.3340000
vt 0.9980000 0.3340000
vt 0.0020000 0.5000000
vt 0.9980000 0.1680000
vt 0.9980000 0.3340000
vt 0.0020000 0.3340000
vt 0.0020000 0.1680000
vt 0.9980000 0.1680000
vt 0.0020000 0.3340000
vt 0.9980000 0.0020000
vt 0.9980000 0.1680000
vt 0.0020000 0.1680000
vt 0.0020000 0.0020000
vt 0.9980000 0.0020000
vt 0.0020000 0.1680000
vt 0.9500000 0.5000000
vt 0.2750000 0.1102886
vt 0.7250000 0.1102886
vt 0.9500000 0.5000000
vt 0.7250000 0.1102886
vt 0.2750000 0.1102886
vt 0.9500000 0.5000000
vt 0.0500000 0.5000000
vt 0.2750000 0.1102886
vt 0.9500000 0.5000000
vt 0.2750000 0.1102886
vt 0.0500000 0.5000000
vt 0.9500000 0.5000000
vt 0.2750000 0.8897114
vt 0.0500000 0.5000000
vt 0.9500000 0.5000000
vt 0.0500000 0.5000000
vt 0.2750000 0.8897114
vt 0.9500000 0.5000000
vt 0.7250000 0.8897114
vt 0.2750000 0.8897114
vt 0.9500000 0.5000000
vt 0.2750000 0.8897114
vt 0.7250000 0.8897114
vt 0.9980000 0.8320000
vt 0.9980000 0.9980000
vt 0.0020000 0.9980000
vt 0.0020000 0.8320000
vt 0.9980000 0.8320000
vt 0.0020000 0.9980000
vt 0.9980000 0.6660000
vt 0.9980000 0.8320000
vt 0.0020000 0.8320000
vt 0.0020000 0.6660000
vt 0.9980000 0.6660000
vt 0.0020000 0.8320000
vt 0.9980000 0.5000000
vt 0.9980000 0.6660000
vt 0.0020000 0.6660000
vt 0.0020000 0.5000000
vt 0.9980000 0.5000000
vt 0.0020000 0.6660000
vt 0.9980000 0.3340000
vt 0.9980000 0.5000000
vt 0.0020000 0.5000000
vt 0.0020000 0.3340000
vt 0.9980000 0.3340000
vt 0.0020000 0.5000000
vt 0.9980000 0.1680000
vt 0.9980000 0.3340000
vt 0.0020000 0.3340000
vt 0.0020000 0.1680000
vt 0.9980000 0.1680000
vt 0.0020000 0.3340000
vt 0.9980000 0.0020000
vt 0.9980000 0.1680000
vt 0.0020000 0.1680000
vt 0.0020000 0.0020000
vt 0.9980000 0.0020000
vt 0.0020000 0.1680000
vt 0.9500000 0.5000000
vt 0.2750000 0.1102886
vt 0.7250000 0.1102886
vt 0.9500000 0.5000000
vt 0.7250000 0.1102886
vt 0.2750000 0.1102886
vt 0.9500000 0.5000000
vt 0.0500000 0.5000000
vt 0.2750000 0.1102886
vt 0.9500000 0.5000000
vt 0.2750000 0.1102886
vt 0.0500000 0.5000000
vt 0.9500000 0.5000000
vt 0.2750000 0.8897114
vt 0.0500000 0.5000000
vt 0.9500000 0.5000000
vt 0.0500000 0.5000000
vt 0.2750000 0.8897114
vt 0.9500000 0.5000000
vt 0.7250000 0.8897114
vt 0.2750000 0.8897114
vt 0.9500000 0.5000000
vt 0.2750000 0.8897114
vt 0.7250000 0.8897114
vt 0.9980000 0.8320000
vt 0.9980000 0.9980000
vt 0.0020000 0.9980000
vt 0.0020000 0.8320000
vt 0.9980000 0.8320000
vt 0.0020000 0.9980000
vt 0.9980000 0.6660000
vt 0.9980000 0.8320000
vt 0.0020000 0.8320000
vt 0.0020000 0.6660000
vt 0.9980000 0.6660000
vt 0.0020000 0.8320000
vt 0.9980000 0.5000000
vt 0.9980000 0.6660000
vt 0.0020000 0.6660000
vt 0.0020000 0.5000000
vt 0.9980000 0.5000000
vt 0.0020000 0.6660000
vt 0.9980000 0.3340000
vt 0.9980000 0.5000000
vt 0.0020000 0.5000000
vt 0.0020000 0.3340000
vt 0.9980000 0.3340000
vt 0.0020000 0.5000000
vt 0.9980000 0.1680000
vt 0.9980000 0.3340000
vt 0.0020000 0.3340000
vt 0.0020000 0.1680000
vt 0.9980000 0.1680000
vt 0.0020000 0.3340000
vt 0.9980000 0.0020000
vt 0.9980000 0.1680000
vt 0.0020000 0.1680000
vt 0.0020000 0.0020000
vt 0.9980000 0.0020000
vt 0.0020000 0.1680000
vt 0.9500000 0.5000000
vt 0.2750000 0.1102886
vt 0.7250000 0.1102886
vt 0.9500000 0.5000000
vt 0.7250000 0.1102886
vt 0.2750000 0.1102886
vt 0.9500000 0.5000000
vt 0.0500000 0.5000000
vt 0.2750000 0.1102886
vt 0.9500000 0.5000000
vt 0.2750000 0.1102886
vt 0.0500000 0.5000000
vt 0.9500000 0.5000000
vt 0.2750000 0.8897114
vt 0.0500000 0.5000000
vt 0.9500000 0.5000000
vt 0.0500000 0.5000000
vt 0.2750000 0.8897114
vt 0.9500000 0.5000000
vt 0.7250000 0.8897114
vt 0.2750000 0.8897114
vt 0.9500000 0.5000000
vt 0.2750000 0.8897114
vt 0.7250000 0.8897114
vt 0.9980000 0.8320000
vt 0.9980000 0.9980000
vt 0.0020000 0.9980000
vt 0.0020000 0.8320000
vt 0.9980000 0.8320000
vt 0.0020000 0.9980000
vt 0.9980000 0.6660000
vt 0.9980000 0.8320000
vt 0.0020000 0.8320000
vt 0.0020000 0.6660000
vt 0.9980000 0.6660000
vt 0.0020000 0.8320000
vt 0.9980000 0.5000000
vt 0.9980000 0.6660000
vt 0.0020000 0.6660000
vt 0.0020000 0.5000000
vt 0.9980000 0.5000000
vt 0.0020000 0.6660000
vt 0.9980000 0.3340000
vt 0.9980000 0.5000000
vt 0.0020000 0.5000000
vt 0.0020000 0.3340000
vt 0.9980000 0.3340000
vt 0.0020000 0.5000000
vt 0.9980000 0.1680000
vt 0.9980000 0.3340000
vt 0.0020000 0.3340000
vt 0.0020000 0.1680000
vt 0.9980000 0.1680000
vt 0.0020000 0.3340000
vt 0.9980000 0.0020000
vt 0.9980000 0.1680000
vt 0.0020000 0.1680000
vt 0.0020000 0.0020000
vt 0.9980000 0.0020000
vt 0.0020000 0.1680000
vt 0.9500000 0.5000000
vt 0.2750000 0.1102886
vt 0.7250000 0.1102886
vt 0.9500000 0.5000000
vt 0.7250000 0.1102886
vt 0.2750000 0.1102886
vt 0.9500000 0.5000000
vt 0.0500000 0.5000000
vt 0.2750000 0.1102886
vt 0.9500000 0.5000000
vt 0.2750000 0.1102886
vt 0.0500000 0.5000000
vt 0.9500000 0.5000000
vt 0.2750000 0.8897114
vt 0.0500000 0.5000000
vt 0.9500000 0.5000000
vt 0.0500000 0.5000000
vt 0.2750000 0.8897114
vt 0.9500000 0.5000000
vt 0.7250000 0.8897114
vt 0.2750000 0.8897114
vt 0.9500000 0.5000000
vt 0.2750000 0.8897114
vt 0.7250000 0.8897114
vt 0.9980000 0.8320000
vt 0.9980000 0.9980000
vt 0.0020000 0.9980000
vt 0.0020000 0.8320000
vt 0.9980000 0.8320000
vt 0.0020000 0.9980000
vt 0.9980000 0.6660000
vt 0.9980000 0.8320000
vt 0.0020000 0.8320000
vt 0.0020000 0.6660000
vt 0.9980000 0.6660000
vt 0.0020000 0.8320000
vt 0.9980000 0.5000000
vt 0.9980000 0.6660000
vt 0.0020000 0.6660000
vt 0.0020000 0.5000000
vt 0.9980000 0.5000000
vt 0.0020000 0.6660000
vt 0.9980000 0.3340000
vt 0.9980000 0.5000000
vt 0.0020000 0.5000000
vt 0.0020000 0.3340000
vt 0.9980000 0.3340000
vt 0.0020000 0.5000000
vt 0.9980000 0.1680000
vt 0.9980000 0.3340000
vt 0.0020000 0.3340000
vt 0.0020000 0.1680000
vt 0.9980000 0.1680000
vt 0.0020000 0.3340000
vt 0.9980000 0.0020000
vt 0.9980000 0.1680000
vt 0.0020000 0.1680000
vt 0.0020000 0.0020000
vt 0.9980000 0.0020000
vt 0.0020000 0.1680000
vt 0.9500000 0.5000000
vt 0.2750000 0.1102886
vt 0.7250000 0.1102886
vt 0.9500000 0.5000000
vt 0.7250000 0.1102886
vt 0.2750000 0.1102886
vt 0.9500000 0.5000000
vt 0.0500000 0.5000000
vt 0.2750000 0.1102886
vt 0.9500000 0.5000000
vt 0.2750000 0.1102886
vt 0.0500000 0.5000000
vt 0.9500000 0.5000000
vt 0.2750000 0.8897114
vt 0.0500000 0.5000000
vt 0.9500000 0.5000000
vt 0.0500000 0.5000000
vt 0.2750000 0.8897114
vt 0.9500000 0.5000000
vt 0.7250000 0.8897114
vt 0.2750000 0.8897114
vt 0.9500000 0.5000000
vt 0.2750000 0.8897114
vt 0.7250000 0.8897114
vt 0.9980000 0.8320000
vt 0.9980000 0.9980000
vt 0.0020000 0.9980000
vt 0.0020000 0.8320000
vt 0.9980000 0.8320000
vt 0.0020000 0.9980000
vt 0.9980000 0.6660000
vt 0.9980000 0.8320000
vt 0.0020000 0.8320000
vt 0.0020000 0.6660000
vt 0.9980000 0.6660000
vt 0.0020000 0.8320000
vt 0.9980000 0.5000000
vt 0.9980000 0.6660000
vt 0.0020000 0.6660000
vt 0.0020000 0.5000000
vt 0.9980000 0.5000000
vt 0.0020000 0.6660000
vt 0.9980000 0.3340000
vt 0.9980000 0.5000000
vt 0.0020000 0.5000000
vt 0.0020000 0.3340000
vt 0.9980000 0.3340000
vt 0.0020000 0.5000000
vt 0.9980000 0.1680000
vt 0.9980000 0.3340000
vt 0.0020000 0.3340000
vt 0.0020000 0.1680000
vt 0.9980000 0.1680000
vt 0.0020000 0.3340000
vt 0.9980000 0.0020000
vt 0.9980000 0.1680000
vt 0.0020000 0.1680000
vt 0.0020000 0.0020000
vt 0.9980000 0.0020000
vt 0.0020000 0.1680000
vt 0.9500000 0.5000000
vt 0.2750000 0.1102886
vt 0.7250000 0.1102886
vt 0.9500000 0.5000000
vt 0.7250000 0.1102886
vt 0.2750000 0.1102886
vt 0.9500000 0.5000000
vt 0.0500000 0.5000000
vt 0.2750000 0.1102886
vt 0.9500000 0.5000000
vt 0.2750000 0.1102886
vt 0.0500000 0.5000000
vt 0.9500000 0.5000000
vt 0.2750000 0.8897114
vt 0.0500000 0.5000000
vt 0.9500000 0.5000000
vt 0.0500000 0.5000000
vt 0.2750000 0.8897114
vt 0.9500000 0.5000000
vt 0.7250000 0.8897114
vt 0.2750000 0.8897114
vt 0.9500000 0.5000000
vt 0.2750000 0.8897114
vt 0.7250000 0.8897114
vt 0.9980000 0.8320000
vt 0.9980000 0.9980000
vt 0.0020000 0.9980000
vt 0.0020000 0.8320000
vt 0.9980000 0.8320000
vt 0.0020000 0.9980000
vt 0.9980000 0.6660000
vt 0.9980000 0.8320000
vt 0.0020000 0.8320000
vt 0.0020000 0.6660000
vt 0.9980000 0.6660000
vt 0.0020000 0.8320000
vt 0.9980000 0.5000000
vt 0.9980000 0.6660000
vt 0.0020000 0.6660000
vt 0.0020000 0.5000000
vt 0.9980000 0.5000000
vt 0.0020000 0.6660000
vt 0.9980000 0.3340000
vt 0.9980000 0.5000000
vt 0.0020000 0.5000000
vt 0.0020000 0.3340000
vt 0.9980000 0.3340000
vt 0.0020000 0.5000000
vt 0.9980000 0.1680000
vt 0.9980000 0.3340000
vt 0.0020000 0.3340000
vt 0.0020000 0.1680000
vt 0.9980000 0.1680000
vt 0.0020000 0.3340000
vt 0.9980000 0.0020000
vt 0.9980000 0.1680000
vt 0.0020000 0.1680000
vt 0.0020000 0.0020000
vt 0.9980000 0.0020000
vt 0.0020000 0.1680000
vt 0.9500000 0.5000000
vt 0.2750000 0.1102886
vt 0.7250000 0.1102886
vt 0.9500000 0.5000000
vt 0.7250000 0.1102886
vt 0.2750000 0.1102886
vt 0.9500000 0.5000000
vt 0.0500000 0.5000000
vt 0.2750000 0.1102886
vt 0.9500000 0.5000000
vt 0.2750000 0.1102886
vt 0.0500000 0.5000000
vt 0.9500000 0.5000000
vt 0.2750000 0.8897114
vt 0.0500000 0.5000000
vt 0.9500000 0.5000000
vt 0.0500000 0.5000000
vt 0.2750000 0.8897114
vt 0.9500000 0.5000000
vt 0.7250000 0.8897114
vt 0.2750000 0.8897114
vt 0.9500000 0.5000000
vt 0.2750000 0.8897114
vt 0.7250000 0.8897114
vt 0.9980000 0.8320000
vt 0.9980000 0.9980000
vt 0.0020000 0.9980000
vt 0.0020000 0.8320000
vt 0.9980000 0.8320000
vt 0.0020000 0.9980000
vt 0.9980000 0.6660000
vt 0.9980000 0.8320000
vt 0.0020000 0.8320000
vt 0.0020000 0.6660000
vt 0.9980000 0.6660000
vt 0.0020000 0.8320000
vt 0.9980000 0.5000000
vt 0.9980000 0.6660000
vt 0.0020000 0.6660000
vt 0.0020000 0.5000000
vt 0.9980000 0.5000000
vt 0.0020000 0.6660000
vt 0.9980000 0.3340000
vt 0.9980000 0.5000000
vt 0.0020000 0.5000000
vt 0.0020000 0.3340000
vt 0.9980000 0.3340000
vt 0.0020000 0.5000000
vt 0.9980000 0.1680000
vt 0.9980000 0.3340000
vt 0.0020000 0.3340000
vt 0.0020000 0.1680000
vt 0.9980000 0.1680000
vt 0.0020000 0.3340000
vt 0.9980000 0.0020000
vt 0.9980000 0.1680000
vt 0.0020000 0.1680000
vt 0.0020000 0.0020000
vt 0.9980000 0.0020000
vt 0.0020000 0.1680000
vt 0.9500000 0.5000000
vt 0.2750000 0.1102886
vt 0.7250000 0.1102886
vt 0.9500000 0.5000000
vt 0.7250000 0.1102886
vt 0.2750000 0.1102886
vt 0.9500000 0.5000000
vt 0.0500000 0.5000000
vt 0.2750000 0.1102886
vt 0.9500000 0.5000000
vt 0.2750000 0.1102886
vt 0.0500000 0.5000000
vt 0.9500000 0.5000000
vt 0.2750000 0.8897114
vt 0.0500000 0.5000000
vt 0.9500000 0.5000000
vt 0.0500000 0.5000000
vt 0.2750000 0.8897114
vt 0.9500000 0.5000000
vt 0.7250000 0.8897114
vt 0.2750000 0.8897114
vt 0.9500000 0.5000000
vt 0.2750000 0.8897114
vt 0.7250000 0.8897114
vt 0.9980000 0.8320000
vt 0.9980000 0.9980000
vt 0.0020000 0.9980000
vt 0.0020000 0.8320000
vt 0.9980000 0.8320000
vt 0.0020000 0.9980000
vt 0.9980000 0.6660000
vt 0.9980000 0.8320000
vt 0.0020000 0.8320000
vt 0.0020000 0.6660000
vt 0.9980000 0.6660000
vt 0.0020000 0.8320000
vt 0.9980000 0.5000000
vt 0.9980000 0.6660000
vt 0.0020000 0.6660000
vt 0.0020000 0.5000000
vt 0.9980000 0.5000000
vt 0.0020000 0.6660000
vt 0.9980000 0.3340000
vt 0.9980000 0.5000000
vt 0.0020000 0.5000000
vt 0.0020000 0.3340000
vt 0.9980000 0.3340000
vt 0.0020000 0.5000000
vt 0.9980000 0.1680000
vt 0.9980000 0.3340000
vt 0.0020000 0.3340000
vt 0.0020000 0.1680000
vt 0.9980000 0.1680000
vt 0.0020000 0.3340000
vt 0.9980000 0.0020000
vt 0.9980000 0.1680000
vt 0.0020000 0.1680000
vt 0.0020000 0.0020000
vt 0.9980000 0.0020000
vt 0.0020000 0.1680000
vt 0.9500000 0.5000000
vt 0.2750000 0.1102886
vt 0.7250000 0.1102886
vt 0.9500000 0.5000000
vt 0.7250000 0.1102886
vt 0.2750000 0.1102886
vt 0.9500000 0.5000000
vt 0.0500000 0.5000000
vt 0.2750000 0.1102886
vt 0.9500000 0.5000000
vt 0.2750000 0.1102886
vt 0.0500000 0.5000000
vt 0.9500000 0.5000000
vt 0.2750000 0.8897114
vt 0.0500000 0.5000000
vt 0.9500000 0.5000000
vt 0.0500000 0.5000000
vt 0.2750000 0.8897114
vt 0.9500000 0.5000000
vt 0.7250000 0.8897114
vt 0.2750000 0.8897114
vt 0.9500000 0.5000000
vt 0.2750000 0.8897114
vt 0.7250000 0.8897114
vt 0.9980000 0.8320000
vt 0.9980000 0.9980000
vt 0.0020000 0.9980000
vt 0.0020000 0.8320000
vt 0.9980000 0.8320000
vt 0.0020000 0.9980000
vt 0.9980000 0.6660000
vt 0.9980000 0.8320000
vt 0.0020000 0.8320000
vt 0.0020000 0.6660000
vt 0.9980000 0.6660000
vt 0.0020000 0.8320000
vt 0.9980000 0.5000000
vt 0.9980000 0.6660000
vt 0.0020000 0.6660000
vt 0.0020000 0.5000000
vt 0.9980000 0.5000000
vt 0.0020000 0.6660000
vt 0.9980000 0.3340000
vt 0.9980000 0.5000000
vt 0.0020000 0.5000000
vt 0.0020000 0.3340000
vt 0.9980000 0.3340000
vt 0.0020000 0.5000000
vt 0.9980000 0.1680000
vt 0.9980000 0.3340000
vt 0.0020000 0.3340000
vt 0.0020000 0.1680000
vt 0.9980000 0.1680000
vt 0.0020000 0.3340000
vt 0.9980000 0.0020000
vt 0.9980000 0.1680000
vt 0.0020000 0.1680000
vt 0.0020000 0.0020000
vt 0.9980000 0.0020000
vt 0.0020000 0.1680000
vt 0.9500000 0.5000000
vt 0.2750000 0.1102886
vt 0.7250000 0.1102886
vt 0.9500000 0.5000000
vt 0.7250000 0.1102886
vt 0.2750000 0.1102886
vt 0.9500000 0.5000000
vt 0.0500000 0.5000000
vt 0.2750000 0.1102886
vt 0.9500000 0.5000000
vt 0.2750000 0.1102886
vt 0.0500000 0.5000000
vt 0.9500000 0.5000000
vt 0.2750000 0.8897114
vt 0.0500000 0.5000000
vt 0.9500000 0.5000000
vt 0.0500000 0.5000000
vt 0.2750000 0.8897114
vt 0.9500000 0.5000000
vt 0.7250000 0.8897114
vt 0.2750000 0.8897114
vt 0.9500000 0.5000000
vt 0.2750000 0.8897114
vt 0.7250000 0.8897114
vt 0.9980000 0.8320000
vt 0.9980000 0.9980000
vt 0.0020000 0.9980000
vt 0.0020000 0.8320000
vt 0.9980000 0.8320000
vt 0.0020000 0.9980000
vt 0.9980000 0.6660000
vt 0.9980000 0.8320000
vt 0.0020000 0.8320000
vt 0.0020000 0.6660000
vt 0.9980000 0.6660000
vt 0.0020000 0.8320000
vt 0.9980000 0.5000000
vt 0.9980000 0.6660000
vt 0.0020000 0.6660000
vt 0.0020000 0.5000000
vt 0.9980000 0.5000000
vt 0.0020000 0.6660000
vt 0.9980000 0.3340000
vt 0.9980000 0.5000000
vt 0.0020000 0.5000000
vt 0.0020000 0.3340000
vt 0.9980000 0.3340000
vt 0.0020000 0.5000000
vt 0.9980000 0.1680000
vt 0.9980000 0.3340000
vt 0.0020000 0.3340000
vt 0.0020000 0.1680000
vt 0.9980000 0.1680000
vt 0.0020000 0.3340000
vt 0.9980000 0.0020000
vt 0.9980000 0.1680000
vt 0.0020000 0.1680000
vt 0.0020000 0.0020000
vt 0.9980000 0.0020000
vt 0.0020000 0.1680000
vt 0.9500000 0.5000000
vt 0.2750000 0.1102886
vt 0.7250000 0.1102886
vt 0.9500000 0.5000000
vt 0.7250000 0.1102886
vt 0.2750000 0.1102886
vt 0.9500000 0.5000000
vt 0.0500000 0.5000000
vt 0.2750000 0.1102886
vt 0.9500000 0.5000000
vt 0.2750000 0.1102886
vt 0.0500000 0.5000000
vt 0.9500000 0.5000000
vt 0.2750000 0.8897114
vt 0.0500000 0.5000000
vt 0.9500000 0.5000000
vt 0.0500000 0.5000000
vt 0.2750000 0.8897114
vt 0.9500000 0.5000000
vt 0.7250000 0.8897114
vt 0.2750000 0.8897114
vt 0.9500000 0.5000000
vt 0.2750000 0.8897114
vt 0.7250000 0.8897114
vt 0.9980000 0.8320000
vt 0.9980000 0.9980000
vt 0.0020000 0.9980000
vt 0.0020000 0.8320000
vt 0.9980000 0.8320000
vt 0.0020000 0.9980000
vt 0.9980000 0.6660000
vt 0.9980000 0.8320000
vt 0.0020000 0.8320000
vt 0.0020000 0.6660000
vt 0.9980000 0.6660000
vt 0.0020000 0.8320000
vt 0.9980000 0.5000000
vt 0.9980000 0.6660000
vt 0.0020000 0.6660000
vt 0.0020000 0.5000000
vt 0.9980000 0.5000000
vt 0.0020000 0.6660000
vt 0.9980000 0.3340000
vt 0.9980000 0.5000000
vt 0.0020000 0.5000000
vt 0.0020000 0.3340000
vt 0.9980000 0.3340000
vt 0.0020000 0.5000000
vt 0.9980000 0.1680000
vt 0.9980000 0.3340000
vt 0.0020000 0.3340000
vt 0.0020000 0.1680000
vt 0.9980000 0.1680000
vt 0.0020000 0.3340000
vt 0.9980000 0.0020000
vt 0.9980000 0.1680000
vt 0.0020000 0.1680000
vt 0.0020000 0.0020000
vt 0.9980000 0.0020000
vt 0.0020000 0.1680000
vt 0.9500000 0.5000000
vt 0.2750000 0.1102886
vt 0.7250000 0.1102886
vt 0.9500000 0.5000000
vt 0.7250000 0.1102886
vt 0.2750000 0.1102886
vt 0.9500000 0.5000000
vt 0.0500000 0.5000000
vt 0.2750000 0.1102886
vt 0.9500000 0.5000000
vt 0.2750000 0.1102886
vt 0.0500000 0.5000000
vt 0.9500000 0.5000000
vt 0.2750000 0.8897114
vt 0.0500000 0.5000000
vt 0.9500000 0.5000000
vt 0.0500000 0.5000000
vt 0.2750000 0.8897114
vt 0.9500000 0.5000000
vt 0.7250000 0.8897114
vt 0.2750000 0.8897114
vt 0.9500000 0.5000000
vt 0.2750000 0.8897114
vt 0.7250000 0.8897114
vt 0.9980000 0.8320000
vt 0.9980000 0.9980000
vt 0.0020000 0.9980000
vt 0.0020000 0.8320000
vt 0.9980000 0.8320000
vt 0.0020000 0.9980000
vt 0.9980000 0.6660000
vt 0.9980000 0.8320000
vt 0.0020000 0.8320000
vt 0.0020000 0.6660000
vt 0.9980000 0.6660000
vt 0.0020000 0.8320000
vt 0.9980000 0.5000000
vt 0.9980000 0.6660000
vt 0.0020000 0.6660000
vt 0.0020000 0.5000000
vt 0.9980000 0.5000000
vt 0.0020000 0.6660000
vt 0.9980000 0.3340000
vt 0.9980000 0.5000000
vt 0.0020000 0.5000000
vt 0.0020000 0.3340000
vt 0.9980000 0.3340000
vt 0.0020000 0.5000000
vt 0.9980000 0.1680000
vt 0.9980000 0.3340000
vt 0.0020000 0.3340000
vt 0.0020000 0.1680000
vt 0.9980000 0.1680000
vt 0.0020000 0.3340000
vt 0.9980000 0.0020000
vt 0.9980000 0.1680000
vt 0.0020000 0.1680000
vt 0.0020000 0.0020000
vt 0.9980000 0.0020000
vt 0.0020000 0.1680000
vt 0.9500000 0.5000000
vt 0.2750000 0.1102886
vt 0.7250000 0.1102886
vt 0.9500000 0.5000000
vt 0.7250000 0.1102886
vt 0.2750000 0.1102886
vt 0.9500000 0.5000000
vt 0.0500000 0.5000000
vt 0.2750000 0.1102886
vt 0.9500000 0.5000000
vt 0.2750000 0.1102886
vt 0.0500000 0.5000000
vt 0.9500000 0.5000000
vt 0.2750000 0.8897114
vt 0.0500000 0.5000000
vt 0.9500000 0.5000000
vt 0.0500000 0.5000000
vt 0.2750000 0.8897114
vt 0.9500000 0.5000000
vt 0.7250000 0.8897114
vt 0.2750000 0.8897114
vt 0.9500000 0.5000000
vt 0.2750000 0.8897114
vt 0.7250000 0.8897114
vt 0.9980000 0.8320000
vt 0.9980000 0.9980000
vt 0.0020000 0.9980000
vt 0.0020000 0.8320000
vt 0.9980000 0.8320000
vt 0.0020000 0.9980000
vt 0.9980000 0.6660000
vt 0.9980000 0.8320000
vt 0.0020000 0.8320000
vt 0.0020000 0.6660000
vt 0.9980000 0.6660000
vt 0.0020000 0.8320000
vt 0.9980000 0.5000000
vt 0.9980000 0.6660000
vt 0.0020000 0.6660000
vt 0.0020000 0.5000000
vt 0.9980000 0.5000000
vt 0.0020000 0.6660000
vt 0.9980000 0.3340000
vt 0.9980000 0.5000000
vt 0.0020000 0.5000000
vt 0.0020000 0.3340000
vt 0.9980000 0.3340000
vt 0.0020000 0.5000000
vt 0.9980000 0.1680000
vt 0.9980000 0.3340000
vt 0.0020000 0.3340000
vt 0.0020000 0.1680000
vt 0.9980000 0.1680000
vt 0.0020000 0.3340000
vt 0.9980000 0.0020000
vt 0.9980000 0.1680000
vt 0.0020000 0.1680000
vt 0.0020000 0.0020000
vt 0.9980000 0.0020000
vt 0.0020000 0.1680000
vt 0.9500000 0.5000000
vt 0.2750000 0.1102886
vt 0.7250000 0.1102886
vt 0.9500000 0.5000000
vt 0.7250000 0.1102886
vt 0.2750000 0.1102886
vt 0.9500000 0.5000000
vt 0.0500000 0.5000000
vt 0.2750000 0.1102886
vt 0.9500000 0.5000000
vt 0.2750000 0.1102886
vt 0.0500000 0.5000000
vt 0.9500000 0.5000000
vt 0.2750000 0.8897114
vt 0.0500000 0.5000000
vt 0.9500000 0.5000000
vt 0.0500000 0.5000000
vt 0.2750000 0.8897114
vt 0.9500000 0.5000000
vt 0.7250000 0.8897114
vt 0.2750000 0.8897114
vt 0.9500000 0.5000000
vt 0.2750000 0.8897114
vt 0.7250000 0.8897114
vt 0.9980000 0.8320000
vt 0.9980000 0.9980000
vt 0.0020000 0.9980000
vt 0.0020000 0.8320000
vt 0.9980000 0.8320000
vt 0.0020000 0.9980000
vt 0.9980000 0.6660000
vt 0.9980000 0.8320000
vt 0.0020000 0.8320000
vt 0.0020000 0.6660000
vt 0.9980000 0.6660000
vt 0.0020000 0.8320000
vt 0.9980000 0.5000000
vt 0.9980000 0.6660000
vt 0.0020000 0.6660000
vt 0.0020000 0.5000000
vt 0.9980000 0.5000000
vt 0.0020000 0.6660000
vt 0.9980000 0.3340000
vt 0.9980000 0.5000000
vt 0.0020000 0.5000000
vt 0.0020000 0.3340000
vt 0.9980000 0.3340000
vt 0.0020000 0.5000000
vt 0.9980000 0.1680000
vt 0.9980000 0.3340000
vt 0.0020000 0.3340000
vt 0.0020000 0.1680000
vt 0.9980000 0.1680000
vt 0.0020000 0.3340000
vt 0.9980000 0.0020000
vt 0.9980000 0.1680000
vt 0.0020000 0.1680000
vt 0.0020000 0.0020000
vt 0.9980000 0.0020000
vt 0.0020000 0.1680000
vt 0.9500000 0.5000000
vt 0.2750000 0.1102886
vt 0.7250000 0.1102886
vt 0.9500000 0.5000000
vt 0.7250000 0.1102886
vt 0.2750000 0.1102886
vt 0.9500000 0.5000000
vt 0.0500000 0.5000000
vt 0.2750000 0.1102886
vt 0.9500000 0.5000000
vt 0.2750000 0.1102886
vt 0.0500000 0.5000000
vt 0.9500000 0.5000000
vt 0.2750000 0.8897114
vt 0.0500000 0.5000000
vt 0.9500000 0.5000000
vt 0.0500000 0.5000000
vt 0.2750000 0.8897114
vt 0.9500000 0.5000000
vt 0.7250000 0.8897114
vt 0.2750000 0.8897114
vt 0.9500000 0.5000000
vt 0.2750000 0.8897114
vt 0.7250000 0.8897114
vt 0.9980000 0.8320000
vt 0.9980000 0.9980000
vt 0.0020000 0.9980000
vt 0.0020000 0.8320000
vt 0.9980000 0.8320000
vt 0.0020000 0.9980000
vt 0.9980000 0.6660000
vt 0.9980000 0.8320000
vt 0.0020000 0.8320000
vt 0.0020000 0.6660000
vt 0.9980000 0.6660000
vt 0.0020000 0.8320000
vt 0.9980000 0.5000000
vt 0.9980000 0.6660000
vt 0.0020000 0.6660000
vt 0.0020000 0.5000000
vt 0.9980000 0.5000000
vt 0.0020000 0.6660000
vt 0.9980000 0.3340000
vt 0.9980000 0.5000000
vt 0.0020000 0.5000000
vt 0.0020000 0.3340000
vt 0.9980000 0.3340000
vt 0.0020000 0.5000000
vt 0.9980000 0.1680000
vt 0.9980000 0.3340000
vt 0.0020000 0.3340000
vt 0.0020000 0.1680000
vt 0.9980000 0.1680000
vt 0.0020000 0.3340000
vt 0.9980000 0.0020000
vt 0.9980000 0.1680000
vt 0.0020000 0.1680000
vt 0.0020000 0.0020000
vt 0.9980000 0.0020000
vt 0.0020000 0.1680000
vt 0.9500000 0.5000000
vt 0.2750000 0.1102886
vt 0.7250000 0.1102886
vt 0.9500000 0.5000000
vt 0.7250000 0.1102886
vt 0.2750000 0.1102886
vt 0.9500000 0.5000000
vt 0.0500000 0.5000000
vt 0.2750000 0.1102886
vt 0.9500000 0.5000000
vt 0.2750000 0.1102886
vt 0.0500000 0.5000000
vt 0.9500000 0.5000000
vt 0.2750000 0.8897114
vt 0.0500000 0.5000000
vt 0.9500000 0.5000000
vt 0.0500000 0.5000000
vt 0.2750000 0.8897114
vt 0.9500000 0.5000000
vt 0.7250000 0.8897114
vt 0.2750000 0.8897114
vt 0.9500000 0.5000000
vt 0.2750000 0.8897114
vt 0.7250000 0.8897114
vt 0.9980000 0.8320000
vt 0.9980000 0.9980000
vt 0.0020000 0.9980000
vt 0.0020000 0.8320000
vt 0.9980000 0.8320000
vt 0.0020000 0.9980000
vt 0.9980000 0.6660000
vt 0.9980000 0.8320000
vt 0.0020000 0.8320000
vt 0.0020000 0.6660000
vt 0.9980000 0.6660000
vt 0.0020000 0.8320000
vt 0.9980000 0.5000000
vt 0.9980000 0.6660000
vt 0.0020000 0.6660000
vt 0.0020000 0.5000000
vt 0.9980000 0.5000000
vt 0.0020000 0.6660000
vt 0.9980000 0.3340000
vt 0.9980000 0.5000000
vt 0.0020000 0.5000000
vt 0.0020000 0.3340000
vt 0.9980000 0.3340000
vt 0.0020000 0.5000000
vt 0.9980000 0.1680000
vt 0.9980000 0.3340000
vt 0.0020000 0.3340000
vt 0.0020000 0.1680000
vt 0.9980000 0.1680000
vt 0.0020000 0.3340000
vt 0.9980000 0.0020000
vt 0.9980000 0.1680000
vt 0.0020000 0.1680000
vt 0.0020000 0.0020000
vt 0.9980000 0.0020000
vt 0.0020000 0.1680000
vt 0.9500000 0.5000000
vt 0.2750000 0.1102886
vt 0.7250000 0.1102886
vt 0.9500000 0.5000000
vt 0.7250000 0.1102886
vt 0.2750000 0.1102886
vt 0.9500000 0.5000000
vt 0.0500000 0.5000000
vt 0.2750000 0.1102886
vt 0.9500000 0.5000000
vt 0.2750000 0.1102886
vt 0.0500000 0.5000000
vt 0.9500000 0.5000000
vt 0.2750000 0.8897114
vt 0.0500000 0.5000000
vt 0.9500000 0.5000000
vt 0.0500000 0.5000000
vt 0.2750000 0.8897114
vt 0.9500000 0.5000000
vt 0.7250000 0.8897114
vt 0.2750000 0.8897114
vt 0.9500000 0.5000000
vt 0.2750000 0.8897114
vt 0.7250000 0.8897114
vt 0.9980000 0.8320000
vt 0.9980000 0.9980000
vt 0.0020000 0.9980000
vt 0.0020000 0.8320000
vt 0.9980000 0.8320000
vt 0.0020000 0.9980000
vt 0.9980000 0.6660000
vt 0.9980000 0.8320000
vt 0.0020000 0.8320000
vt 0.0020000 0.6660000
vt 0.9980000 0.6660000
vt 0.0020000 0.8320000
vt 0.9980000 0.5000000
vt 0.9980000 0.6660000
vt 0.0020000 0.6660000
vt 0.0020000 0.5000000
vt 0.9980000 0.5000000
vt 0.0020000 0.6660000
vt 0.9980000 0.3340000
vt 0.9980000 0.5000000
vt 0.0020000 0.5000000
vt 0.0020000 0.3340000
vt 0.9980000 0.3340000
vt 0.0020000 0.5000000
vt 0.9980000 0.1680000
vt 0.9980000 0.3340000
vt 0.0020000 0.3340000
vt 0.0020000 0.1680000
vt 0.9980000 0.1680000
vt 0.0020000 0.3340000
vt 0.9980000 0.0020000
vt 0.9980000 0.1680000
vt 0.0020000 0.1680000
vt 0.0020000 0.0020000
vt 0.9980000 0.0020000
vt 0.0020000 0.1680000
vt 0.9500000 0.5000000
vt 0.2750000 0.1102886
vt 0.7250000 0.1102886
vt 0.9500000 0.5000000
vt 0.7250000 0.1102886
vt 0.2750000 0.1102886
vt 0.9500000 0.5000000
vt 0.0500000 0.5000000
vt 0.2750000 0.1102886
vt 0.9500000 0.5000000
vt 0.2750000 0.1102886
vt 0.0500000 0.5000000
vt 0.9500000 0.5000000
vt 0.2750000 0.8897114
vt 0.0500000 0.5000000
vt 0.9500000 0.5000000
vt 0.0500000 0.5000000
vt 0.2750000 0.8897114
vt 0.9500000 0.5000000
vt 0.7250000 0.8897114
vt 0.2750000 0.8897114
vt 0.9500000 0.5000000
vt 0.2750000 0.8897114
vt 0.7250000 0.8897114
vt 0.9980000 0.8320000
vt 0.9980000 0.9980000
vt 0.0020000 0.9980000
vt 0.0020000 0.8320000
vt 0.9980000 0.8320000
vt 0.0020000 0.9980000
vt 0.9980000 0.6660000
vt 0.9980000 0.8320000
vt 0.0020000 0.8320000
vt 0.0020000 0.6660000
vt 0.9980000 0.6660000
vt 0.0020000 0.8320000
vt 0.9980000 0.5000000
vt 0.9980000 0.6660000
vt 0.0020000 0.6660000
vt 0.0020000 0.5000000
vt 0.9980000 0.5000000
vt 0.0020000 0.6660000
vt 0.9980000 0.3340000
vt 0.9980000 0.5000000
vt 0.0020000 0.5000000
vt 0.0020000 0.3340000
vt 0.9980000 0.3340000
vt 0.0020000 0.5000000
vt 0.9980000 0.1680000
vt 0.9980000 0.3340000
vt 0.0020000 0.3340000
vt 0.0020000 0.1680000
vt 0.9980000 0.1680000
vt 0.0020000 0.3340000
vt 0.9980000 0.0020000
vt 0.9980000 0.1680000
vt 0.0020000 0.1680000
vt 0.0020000 0.0020000
vt 0.9980000 0.0020000
vt 0.0020000 0.1680000
vt 0.9500000 0.5000000
vt 0.2750000 0.1102886
vt 0.7250000 0.1102886
vt 0.9500000 0.5000000
vt 0.7250000 0.1102886
vt 0.2750000 0.1102886
vt 0.9500000 0.5000000
vt 0.0500000 0.5000000
vt 0.2750000 0.1102886
vt 0.9500000 0.5000000
vt 0.2750000 0.1102886
vt 0.0500000 0.5000000
vt 0.9500000 0.5000000
vt 0.2750000 0.8897114
vt 0.0500000 0.5000000
vt 0.9500000 0.5000000
vt 0.0500000 0.5000000
vt 0.2750000 0.8897114
vt 0.9500000 0.5000000
vt 0.7250000 0.8897114
vt 0.2750000 0.8897114
vt 0.9500000 0.5000000
vt 0.2750000 0.8897114
vt 0.7250000 0.8897114
vt 0.9980000 0.8320000
vt 0.9980000 0.9980000
vt 0.0020000 0.9980000
vt 0.0020000 0.8320000
vt 0.9980000 0.8320000
vt 0.0020000 0.9980000
vt 0.9980000 0.6660000
vt 0.9980000 0.8320000
vt 0.0020000 0.8320000
vt 0.0020000 0.6660000
vt 0.9980000 0.6660000
vt 0.0020000 0.8320000
vt 0.9980000 0.5000000
vt 0.9980000 0.6660000
vt 0.0020000 0.6660000
vt 0.0020000 0.5000000
vt 0.9980000 0.5000000
vt 0.0020000 0.6660000
vt 0.9980000 0.3340000
vt 0.9980000 0.5000000
vt 0.0020000 0.5000000
vt 0.0020000 0.3340000
vt 0.9980000 0.3340000
vt 0.0020000 0.5000000
vt 0.9980000 0.1680000
vt 0.9980000 0.3340000
vt 0.0020000 0.3340000
vt 0.0020000 0.1680000
vt 0.9980000 0.1680000
vt 0.0020000 0.3340000
vt 0.9980000 0.0020000
vt 0.9980000 0.1680000
vt 0.0020000 0.1680000
vt 0.0020000 0.0020000
vt 0.9980000 0.0020000
vt 0.0020000 0.1680000
vt 0.9500000 0.5000000
vt 0.2750000 0.1102886
vt 0.7250000 0.1102886
vt 0.9500000 0.5000000
vt 0.7250000 0.1102886
vt 0.2750000 0.1102886
vt 0.9500000 0.5000000
vt 0.0500000 0.5000000
vt 0.2750000 0.1102886
vt 0.9500000 0.5000000
vt 0.2750000 0.1102886
vt 0.0500000 0.5000000
vt 0.9500000 0.5000000
vt 0.2750000 0.8897114
vt 0.0500000 0.5000000
vt 0.9500000 0.5000000
vt 0.0500000 0.5000000
vt 0.2750000 0.8897114
vt 0.9500000 0.5000000
vt 0.7250000 0.8897114
vt 0.2750000 0.8897114
vt 0.9500000 0.5000000
vt 0.2750000 0.8897114
vt 0.7250000 0.8897114
vt 0.9980000 0.8320000
vt 0.9980000 0.9980000
vt 0.0020000 0.9980000
vt 0.0020000 0.8320000
vt 0.9980000 0.8320000
vt 0.0020000 0.9980000
vt 0.9980000 0.6660000
vt 0.9980000 0.8320000
vt 0.0020000 0.8320000
vt 0.0020000 0.6660000
vt 0.9980000 0.6660000
vt 0.0020000 0.8320000
vt 0.9980000 0.5000000
vt 0.9980000 0.6660000
vt 0.0020000 0.6660000
vt 0.0020000 0.5000000
vt 0.9980000 0.5000000
vt 0.0020000 0.6660000
vt 0.9980000 0.3340000
vt 0.9980000 0.5000000
vt 0.0020000 0.5000000
vt 0.0020000 0.3340000
vt 0.9980000 0.3340000
vt 0.0020000 0.5000000
vt 0.9980000 0.1680000
vt 0.9980000 0.3340000
vt 0.0020000 0.3340000
vt 0.0020000 0.1680000
vt 0.9980000 0.1680000
vt 0.0020000 0.3340000
vt 0.9980000 0.0020000
vt 0.9980000 0.1680000
vt 0.0020000 0.1680000
vt 0.0020000 0.0020000
vt 0.9980000 0.0020000
vt 0.0020000 0.1680000
vt 0.9500000 0.5000000
vt 0.2750000 0.1102886
vt 0.7250000 0.1102886
vt 0.9500000 0.5000000
vt 0.7250000 0.1102886
vt 0.2750000 0.1102886
vt 0.9500000 0.5000000
vt 0.0500000 0.5000000
vt 0.2750000 0.1102886
vt 0.9500000 0.5000000
vt 0.2750000 0.1102886
vt 0.0500000 0.5000000
vt 0.9500000 0.5000000
vt 0.2750000 0.8897114
vt 0.0500000 0.5000000
vt 0.9500000 0.5000000
vt 0.0500000 0.5000000
vt 0.2750000 0.8897114
vt 0.9500000 0.5000000
vt 0.7250000 0.8897114
vt 0.2750000 0.8897114
vt 0.9500000 0.5000000
vt 0.2750000 0.8897114
vt 0.7250000 0.8897114
vt 0.9980000 0.8320000
vt 0.9980000 0.9980000
vt 0.0020000 0.9980000
vt 0.0020000 0.8320000
vt 0.9980000 0.8320000
vt 0.0020000 0.9980000
vt 0.9980000 0.6660000
vt 0.9980000 0.8320000
vt 0.0020000 0.8320000
vt 0.0020000 0.6660000
vt 0.9980000 0.6660000
vt 0.0020000 0.8320000
vt 0.9980000 0.5000000
vt 0.9980000 0.6660000
vt 0.0020000 0.6660000
vt 0.0020000 0.5000000
vt 0.9980000 0.5000000
vt 0.0020000 0.6660000
vt 0.9980000 0.3340000
vt 0.9980000 0.5000000
vt 0.0020000 0.5000000
vt 0.0020000 0.3340000
vt 0.9980000 0.3340000
vt 0.0020000 0.5000000
vt 0.9980000 0.1680000
vt 0.9980000 0.3340000
vt 0.0020000 0.3340000
vt 0.0020000 0.1680000
vt 0.9980000 0.1680000
vt 0.0020000 0.3340000
vt 0.9980000 0.0020000
vt 0.9980000 0.1680000
vt 0.0020000 0.1680000
vt 0.0020000 0.0020000
vt 0.9980000 0.0020000
vt 0.0020000 0.1680000
vt 0.9500000 0.5000000
vt 0.2750000 0.1102886
vt 0.7250000 0.1102886
vt 0.9500000 0.5000000
vt 0.7250000 0.1102886
vt 0.2750000 0.1102886
vt 0.9500000 0.5000000
vt 0.0500000 0.5000000
vt 0.2750000 0.1102886
vt 0.9500000 0.5000000
vt 0.2750000 0.1102886
vt 0.0500000 0.5000000
vt 0.9500000 0.5000000
vt 0.2750000 0.8897114
vt 0.0500000 0.5000000
vt 0.9500000 0.5000000
vt 0.0500000 0.5000000
vt 0.2750000 0.8897114
vt 0.9500000 0.5000000
vt 0.7250000 0.8897114
vt 0.2750000 0.8897114
vt 0.9500000 0.5000000
vt 0.2750000 0.8897114
vt 0.7250000 0.8897114
vt 0.9980000 0.8320000
vt 0.9980000 0.9980000
vt 0.0020000 0.9980000
vt 0.0020000 0.8320000
vt 0.9980000 0.8320000
vt 0.0020000 0.9980000
vt 0.9980000 0.6660000
vt 0.9980000 0.8320000
vt 0.0020000 0.8320000
vt 0.0020000 0.6660000
vt 0.9980000 0.6660000
vt 0.0020000 0.8320000
vt 0.9980000 0.5000000
vt 0.9980000 0.6660000
vt 0.0020000 0.6660000
vt 0.0020000 0.5000000
vt 0.9980000 0.5000000
vt 0.0020000 0.6660000
vt 0.9980000 0.3340000
vt 0.9980000 0.5000000
vt 0.0020000 0.5000000
vt 0.0020000 0.3340000
vt 0.9980000 0.3340000
vt 0.0020000 0.5000000
vt 0.9980000 0.1680000
vt 0.9980000 0.3340000
vt 0.0020000 0.3340000
vt 0.0020000 0.1680000
vt 0.9980000 0.1680000
vt 0.0020000 0.3340000
vt 0.9980000 0.0020000
vt 0.9980000 0.1680000
vt 0.0020000 0.1680000
vt 0.0020000 0.0020000
vt 0.9980000 0.0020000
vt 0.0020000 0.1680000
vt 0.9500000 0.5000000
vt 0.2750000 0.1102886
vt 0.7250000 0.1102886
vt 0.9500000 0.5000000
vt 0.7250000 0.1102886
vt 0.2750000 0.1102886
vt 0.9500000 0.5000000
vt 0.0500000 0.5000000
vt 0.2750000 0.1102886
vt 0.9500000 0.5000000
vt 0.2750000 0.1102886
vt 0.0500000 0.5000000
vt 0.9500000 0.5000000
vt 0.2750000 0.8897114
vt 0.0500000 0.5000000
vt 0.9500000 0.5000000
vt 0.0500000 0.5000000
vt 0.2750000 0.8897114
vt 0.9500000 0.5000000
vt 0.7250000 0.8897114
vt 0.2750000 0.8897114
vt 0.9500000 0.5000000
vt 0.2750000 0.8897114
vt 0.7250000 0.8897114
vt 0.9980000 0.8320000
vt 0.9980000 0.9980000
vt 0.0020000 0.9980000
vt 0.0020000 0.8320000
vt 0.9980000 0.8320000
vt 0.0020000 0.9980000
vt 0.9980000 0.6660000
vt 0.9980000 0.8320000
vt 0.0020000 0.8320000
vt 0.0020000 0.6660000
vt 0.9980000 0.6660000
vt 0.0020000 0.8320000
vt 0.9980000 0.5000000
vt 0.9980000 0.6660000
vt 0.0020000 0.6660000
vt 0.0020000 0.5000000
vt 0.9980000 0.5000000
vt 0.0020000 0.6660000
vt 0.9980000 0.3340000
vt 0.9980000 0.5000000
vt 0.0020000 0.5000000
vt 0.0020000 0.3340000
vt 0.9980000 0.3340000
vt 0.0020000 0.5000000
vt 0.9980000 0.1680000
vt 0.9980000 0.3340000
vt 0.0020000 0.3340000
vt 0.0020000 0.1680000
vt 0.9980000 0.1680000
vt 0.0020000 0.3340000
vt 0.9980000 0.0020000
vt 0.9980000 0.1680000
vt 0.0020000 0.1680000
vt 0.0020000 0.0020000
vt 0.9980000 0.0020000
vt 0.0020000 0.1680000
vt 0.9500000 0.5000000
vt 0.2750000 0.1102886
vt 0.7250000 0.1102886
vt 0.9500000 0.5000000
vt 0.7250000 0.1102886
vt 0.2750000 0.1102886
vt 0.9500000 0.5000000
vt 0.0500000 0.5000000
vt 0.2750000 0.1102886
vt 0.9500000 0.5000000
vt 0.2750000 0.1102886
vt 0.0500000 0.5000000
vt 0.9500000 0.5000000
vt 0.2750000 0.8897114
vt 0.0500000 0.5000000
vt 0.9500000 0.5000000
vt 0.0500000 0.5000000
vt 0.2750000 0.8897114
vt 0.9500000 0.5000000
vt 0.7250000 0.8897114
vt 0.2750000 0.8897114
vt 0.9500000 0.5000000
vt 0.2750000 0.8897114
vt 0.7250000 0.8897114
vt 0.9980000 0.8320000
vt 0.9980000 0.9980000
vt 0.0020000 0.9980000
vt 0.0020000 0.8320000
vt 0.9980000 0.8320000
vt 0.0020000 0.9980000
vt 0.9980000 0.6660000
vt 0.9980000 0.8320000
vt 0.0020000 0.8320000
vt 0.0020000 0.6660000
vt 0.9980000 0.6660000
vt 0.0020000 0.8320000
vt 0.9980000 0.5000000
vt 0.9980000 0.6660000
vt 0.0020000 0.6660000
vt 0.0020000 0.5000000
vt 0.9980000 0.5000000
vt 0.0020000 0.6660000
vt 0.9980000 0.3340000
vt 0.9980000 0.5000000
vt 0.0020000 0.5000000
vt 0.0020000 0.3340000
vt 0.9980000 0.3340000
vt 0.0020000 0.5000000
vt 0.9980000 0.1680000
vt 0.9980000 0.3340000
vt 0.0020000 0.3340000
vt 0.0020000 0.1680000
vt 0.9980000 0.1680000
vt 0.0020000 0.3340000
vt 0.9980000 0.0020000
vt 0.9980000 0.1680000
vt 0.0020000 0.1680000
vt 0.0020000 0.0020000
vt 0.9980000 0.0020000
vt 0.0020000 0.1680000
vt 0.9500000 0.5000000
vt 0.2750000 0.1102886
vt 0.7250000 0.1102886
vt 0.9500000 0.5000000
vt 0.7250000 0.1102886
vt 0.2750000 0.1102886
vt 0.9500000 0.5000000
vt 0.0500000 0.5000000
vt 0.2750000 0.1102886
vt 0.9500000 0.5000000
vt 0.2750000 0.1102886
vt 0.0500000 0.5000000
vt 0.9500000 0.5000000
vt 0.2750000 0.8897114
vt 0.0500000 0.5000000
vt 0.9500000 0.5000000
vt 0.0500000 0.5000000
vt 0.2750000 0.8897114
vt 0.9500000 0.5000000
vt 0.7250000 0.8897114
vt 0.2750000 0.8897114
vt 0.9500000 0.5000000
vt 0.2750000 0.8897114
vt 0.7250000 0.8897114
vt 0.9980000 0.8320000
vt 0.9980000 0.9980000
vt 0.0020000 0.9980000
vt 0.0020000 0.8320000
vt 0.9980000 0.8320000
vt 0.0020000 0.9980000
vt 0.9980000 0.6660000
vt 0.9980000 0.8320000
vt 0.0020000 0.8320000
vt 0.0020000 0.6660000
vt 0.9980000 0.6660000
vt 0.0020000 0.8320000
vt 0.9980000 0.5000000
vt 0.9980000 0.6660000
vt 0.0020000 0.6660000
vt 0.0020000 0.5000000
vt 0.9980000 0.5000000
vt 0.0020000 0.6660000
vt 0.9980000 0.3340000
vt 0.9980000 0.5000000
vt 0.0020000 0.5000000
vt 0.0020000 0.3340000
vt 0.9980000 0.3340000
vt 0.0020000 0.5000000
vt 0.9980000 0.1680000
vt 0.9980000 0.3340000
vt 0.0020000 0.3340000
vt 0.0020000 0.1680000
vt 0.9980000 0.1680000
vt 0.0020000 0.3340000
vt 0.9980000 0.0020000
vt 0.9980000 0.1680000
vt 0.0020000 0.1680000
vt 0.0020000 0.0020000
vt 0.9980000 0.0020000
vt 0.0020000 0.1680000
vt 0.9500000 0.5000000
vt 0.2750000 0.1102886
vt 0.7250000 0.1102886
vt 0.9500000 0.5000000
vt 0.7250000 0.1102886
vt 0.2750000 0.1102886
vt 0.9500000 0.5000000
vt 0.0500000 0.5000000
vt 0.2750000 0.1102886
vt 0.9500000 0.5000000
vt 0.2750000 0.1102886
vt 0.0500000 0.5000000
vt 0.9500000 0.5000000
vt 0.2750000 0.8897114
vt 0.0500000 0.5000000
vt 0.9500000 0.5000000
vt 0.0500000 0.5000000
vt 0.2750000 0.8897114
vt 0.9500000 0.5000000
vt 0.7250000 0.8897114
vt 0.2750000 0.8897114
vt 0.9500000 0.5000000
vt 0.2750000 0.8897114
vt 0.7250000 0.8897114
vt 0.9980000 0.8320000
vt 0.9980000 0.9980000
vt 0.0020000 0.9980000
vt 0.0020000 0.8320000
vt 0.9980000 0.8320000
vt 0.0020000 0.9980000
vt 0.9980000 0.6660000
vt 0.9980000 0.8320000
vt 0.0020000 0.8320000
vt 0.0020000 0.6660000
vt 0.9980000 0.6660000
vt 0.0020000 0.8320000
vt 0.9980000 0.5000000
vt 0.9980000 0.6660000
vt 0.0020000 0.6660000
vt 0.0020000 0.5000000
vt 0.9980000 0.5000000
vt 0.0020000 0.6660000
vt 0.9980000 0.3340000
vt 0.9980000 0.5000000
vt 0.0020000 0.5000000
vt 0.0020000 0.3340000
vt 0.9980000 0.3340000
vt 0.0020000 0.5000000
vt 0.9980000 0.1680000
vt 0.9980000 0.3340000
vt 0.0020000 0.3340000
vt 0.0020000 0.1680000
vt 0.9980000 0.1680000
vt 0.0020000 0.3340000
vt 0.9980000 0.0020000
vt 0.9980000 0.1680000
vt 0.0020000 0.1680000
vt 0.0020000 0.0020000
vt 0.9980000 0.0020000
vt 0.0020000 0.1680000
vt 0.9500000 0.5000000
vt 0.2750000 0.1102886
vt 0.7250000 0.1102886
vt 0.9500000 0.5000000
vt 0.7250000 0.1102886
vt 0.2750000 0.1102886
vt 0.9500000 0.5000000
vt 0.0500000 0.5000000
vt 0.2750000 0.1102886
vt 0.9500000 0.5000000
vt 0.2750000 0.1102886
vt 0.0500000 0.5000000
vt 0.9500000 0.5000000
vt 0.2750000 0.8897114
vt 0.0500000 0.5000000
vt 0.9500000 0.5000000
vt 0.0500000 0.5000000
vt 0.2750000 0.8897114
vt 0.9500000 0.5000000
vt 0.7250000 0.8897114
vt 0.2750000 0.8897114
vt 0.9500000 0.5000000
vt 0.2750000 0.8897114
vt 0.7250000 0.8897114
vt 0.9980000 0.8320000
vt 0.9980000 0.9980000
vt 0.0020000 0.9980000
vt 0.0020000 0.8320000
vt 0.9980000 0.8320000
vt 0.0020000 0.9980000
vt 0.9980000 0.6660000
vt 0.9980000 0.8320000
vt 0.0020000 0.8320000
vt 0.0020000 0.6660000
vt 0.9980000 0.6660000
vt 0.0020000 0.8320000
vt 0.9980000 0.5000000
vt 0.9980000 0.6660000
vt 0.0020000 0.6660000
vt 0.0020000 0.5000000
vt 0.9980000 0.5000000
vt 0.0020000 0.6660000
vt 0.9980000 0.3340000
vt 0.9980000 0.5000000
vt 0.0020000 0.5000000
vt 0.0020000 0.3340000
vt 0.9980000 0.3340000
vt 0.0020000 0.5000000
vt 0.9980000 0.1680000
vt 0.9980000 0.3340000
vt 0.0020000 0.3340000
vt 0.0020000 0.1680000
vt 0.9980000 0.1680000
vt 0.0020000 0.3340000
vt 0.9980000 0.0020000
vt 0.9980000 0.1680000
vt 0.0020000 0.1680000
vt 0.0020000 0.0020000
vt 0.9980000 0.0020000
vt 0.0020000 0.1680000
vt 0.9500000 0.5000000
vt 0.2750000 0.1102886
vt 0.7250000 0.1102886
vt 0.9500000 0.5000000
vt 0.7250000 0.1102886
vt 0.2750000 0.1102886
vt 0.9500000 0.5000000
vt 0.0500000 0.5000000
vt 0.2750000 0.1102886
vt 0.9500000 0.5000000
vt 0.2750000 0.1102886
vt 0.0500000 0.5000000
vt 0.9500000 0.5000000
vt 0.2750000 0.8897114
vt 0.0500000 0.5000000
vt 0.9500000 0.5000000
vt 0.0500000 0.5000000
vt 0.2750000 0.8897114
vt 0.9500000 0.5000000
vt 0.7250000 0.8897114
vt 0.2750000 0.8897114
vt 0.9500000 0.5000000
vt 0.2750000 0.8897114
vt 0.7250000 0.8897114
vt 0.9980000 0.8320000
vt 0.9980000 0.9980000
vt 0.0020000 0.9980000
vt 0.0020000 0.8320000
vt 0.9980000 0.8320000
vt 0.0020000 0.9980000
vt 0.9980000 0.6660000
vt 0.9980000 0.8320000
vt 0.0020000 0.8320000
vt 0.0020000 0.6660000
vt 0.9980000 0.6660000
vt 0.0020000 0.8320000
vt 0.9980000 0.5000000
vt 0.9980000 0.6660000
vt 0.0020000 0.6660000
vt 0.0020000 0.5000000
vt 0.9980000 0.5000000
vt 0.0020000 0.6660000
vt 0.9980000 0.3340000
vt 0.9980000 0.5000000
vt 0.0020000 0.5000000
vt 0.0020000 0.3340000
vt 0.9980000 0.3340000
vt 0.0020000 0.5000000
vt 0.9980000 0.1680000
vt 0.9980000 0.3340000
vt 0.0020000 0.3340000
vt 0.0020000 0.1680000
vt 0.9980000 0.1680000
vt 0.0020000 0.3340000
vt 0.9980000 0.0020000
vt 0.9980000 0.1680000
vt 0.0020000 0.1680000
vt 0.0020000 0.0020000
vt 0.9980000 0.0020000
vt 0.0020000 0.1680000
vt 0.9500000 0.5000000
vt 0.2750000 0.1102886
vt 0.7250000 0.1102886
vt 0.9500000 0.5000000
vt 0.7250000 0.1102886
vt 0.2750000 0.1102886
vt 0.9500000 0.5000000
vt 0.0500000 0.5000000
vt 0.2750000 0.1102886
vt 0.9500000 0.5000000
vt 0.2750000 0.1102886
vt 0.0500000 0.5000000
vt 0.9500000 0.5000000
vt 0.2750000 0.8897114
vt 0.0500000 0.5000000
vt 0.9500000 0.5000000
vt 0.0500000 0.5000000
vt 0.2750000 0.8897114
vt 0.9500000 0.5000000
vt 0.7250000 0.8897114
vt 0.2750000 0.8897114
vt 0.9500000 0.5000000
vt 0.2750000 0.8897114
vt 0.7250000 0.8897114
vt 0.9980000 0.8320000
vt 0.9980000 0.9980000
vt 0.0020000 0.9980000
vt 0.0020000 0.8320000
vt 0.9980000 0.8320000
vt 0.0020000 0.9980000
vt 0.9980000 0.6660000
vt 0.9980000 0.8320000
vt 0.0020000 0.8320000
vt 0.0020000 0.6660000
vt 0.9980000 0.6660000
vt 0.0020000 0.8320000
vt 0.9980000 0.5000000
vt 0.9980000 0.6660000
vt 0.0020000 0.6660000
vt 0.0020000 0.5000000
vt 0.9980000 0.5000000
vt 0.0020000 0.6660000
vt 0.9980000 0.3340000
vt 0.9980000 0.5000000
vt 0.0020000 0.5000000
vt 0.0020000 0.3340000
vt 0.9980000 0.3340000
vt 0.0020000 0.5000000
vt 0.9980000 0.1680000
vt 0.9980000 0.3340000
vt 0.0020000 0.3340000
vt 0.0020000 0.1680000
vt 0.9980000 0.1680000
vt 0.0020000 0.3340000
vt 0.9980000 0.0020000
vt 0.9980000 0.1680000
vt 0.0020000 0.1680000
vt 0.0020000 0.0020000
vt 0.9980000 0.0020000
vt 0.0020000 0.1680000
vt 0.9500000 0.5000000
vt 0.2750000 0.1102886
vt 0.7250000 0.1102886
vt 0.9500000 0.5000000
vt 0.7250000 0.1102886
vt 0.2750000 0.1102886
vt 0.9500000 0.5000000
vt 0.0500000 0.5000000
vt 0.2750000 0.1102886
vt 0.9500000 0.5000000
vt 0.2750000 0.1102886
vt 0.0500000 0.5000000
vt 0.9500000 0.5000000
vt 0.2750000 0.8897114
vt 0.0500000 0.5000000
vt 0.9500000 0.5000000
vt 0.0500000 0.5000000
vt 0.2750000 0.8897114
vt 0.9500000 0.5000000
vt 0.7250000 0.8897114
vt 0.2750000 0.8897114
vt 0.9500000 0.5000000
vt 0.2750000 0.8897114
vt 0.7250000 0.8897114
vt 0.9980000 0.8320000
vt 0.9980000 0.9980000
vt 0.0020000 0.9980000
vt 0.0020000 0.8320000
vt 0.9980000 0.8320000
vt 0.0020000 0.9980000
vt 0.9980000 0.6660000
vt 0.9980000 0.8320000
vt 0.0020000 0.8320000
vt 0.0020000 0.6660000
vt 0.9980000 0.6660000
vt 0.0020000 0.8320000
vt 0.9980000 0.5000000
vt 0.9980000 0.6660000
vt 0.0020000 0.6660000
vt 0.0020000 0.5000000
vt 0.9980000 0.5000000
vt 0.0020000 0.6660000
vt 0.9980000 0.3340000
vt 0.9980000 0.5000000
vt 0.0020000 0.5000000
vt 0.0020000 0.3340000
vt 0.9980000 0.3340000
vt 0.0020000 0.5000000
vt 0.9980000 0.1680000
vt 0.9980000 0.3340000
vt 0.0020000 0.3340000
vt 0.0020000 0.1680000
vt 0.9980000 0.1680000
vt 0.0020000 0.3340000
vt 0.9980000 0.0020000
vt 0.9980000 0.1680000
vt 0.0020000 0.1680000
vt 0.0020000 0.0020000
vt 0.9980000 0.0020000
vt 0.0020000 0.1680000
vt 0.9500000 0.5000000
vt 0.2750000 0.1102886
vt 0.7250000 0.1102886
vt 0.9500000 0.5000000
vt 0.7250000 0.1102886
vt 0.2750000 0.1102886
vt 0.9500000 0.5000000
vt 0.0500000 0.5000000
vt 0.2750000 0.1102886
vt 0.9500000 0.5000000
vt 0.2750000 0.1102886
vt 0.0500000 0.5000000
vt 0.9500000 0.5000000
vt 0.2750000 0.8897114
vt 0.0500000 0.5000000
vt 0.9500000 0.5000000
vt 0.0500000 0.5000000
vt 0.2750000 0.8897114
vt 0.9500000 0.5000000
vt 0.7250000 0.8897114
vt 0.2750000 0.8897114
vt 0.9500000 0.5000000
vt 0.2750000 0.8897114
vt 0.7250000 0.8897114
vt 0.9980000 0.8320000
vt 0.9980000 0.9980000
vt 0.0020000 0.9980000
vt 0.0020000 0.8320000
vt 0.9980000 0.8320000
vt 0.0020000 0.9980000
vt 0.9980000 0.6660000
vt 0.9980000 0.8320000
vt 0.0020000 0.8320000
vt 0.0020000 0.6660000
vt 0.9980000 0.6660000
vt 0.0020000 0.8320000
vt 0.9980000 0.5000000
vt 0.9980000 0.6660000
vt 0.0020000 0.6660000
vt 0.0020000 0.5000000
vt 0.9980000 0.5000000
vt 0.0020000 0.6660000
vt 0.9980000 0.3340000
vt 0.9980000 0.5000000
vt 0.0020000 0.5000000
vt 0.0020000 0.3340000
vt 0.9980000 0.3340000
vt 0.0020000 0.5000000
vt 0.9980000 0.1680000
vt 0.9980000 0.3340000
vt 0.0020000 0.3340000
vt 0.0020000 0.1680000
vt 0.9980000 0.1680000
vt 0.0020000 0.3340000
vt 0.9980000 0.0020000
vt 0.9980000 0.1680000
vt 0.0020000 0.1680000
vt 0.0020000 0.0020000
vt 0.9980000 0.0020000
vt 0.0020000 0.1680000
vt 0.9500000 0.5000000
vt 0.2750000 0.1102886
vt 0.7250000 0.1102886
vt 0.9500000 0.5000000
vt 0.7250000 0.1102886
vt 0.2750000 0.1102886
vt 0.9500000 0.5000000
vt 0.0500000 0.5000000
vt 0.2750000 0.1102886
vt 0.9500000 0.5000000
vt 0.2750000 0.1102886
vt 0.0500000 0.5000000
vt 0.9500000 0.5000000
vt 0.2750000 0.8897114
vt 0.0500000 0.5000000
vt 0.9500000 0.5000000
vt 0.0500000 0.5000000
vt 0.2750000 0.8897114
vt 0.9500000 0.5000000
vt 0.7250000 0.8897114
vt 0.2750000 0.8897114
vt 0.9500000 0.5000000
vt 0.2750000 0.8897114
vt 0.7250000 0.8897114
vt 0.9980000 0.8320000
vt 0.9980000 0.9980000
vt 0.0020000 0.9980000
vt 0.0020000 0.8320000
vt 0.9980000 0.8320000
vt 0.0020000 0.9980000
vt 0.9980000 0.6660000
vt 0.9980000 0.8320000
vt 0.0020000 0.8320000
vt 0.0020000 0.6660000
vt 0.9980000 0.6660000
vt 0.0020000 0.8320000
vt 0.9980000 0.5000000
vt 0.9980000 0.6660000
vt 0.0020000 0.6660000
vt 0.0020000 0.5000000
vt 0.9980000 0.5000000
vt 0.0020000 0.6660000
vt 0.9980000 0.3340000
vt 0.9980000 0.5000000
vt 0.0020000 0.5000000
vt 0.0020000 0.3340000
vt 0.9980000 0.3340000
vt 0.0020000 0.5000000
vt 0.9980000 0.1680000
vt 0.9980000 0.3340000
vt 0.0020000 0.3340000
vt 0.0020000 0.1680000
vt 0.9980000 0.1680000
vt 0.0020000 0.3340000
vt 0.9980000 0.0020000
vt 0.9980000 0.1680000
vt 0.0020000 0.1680000
vt 0.0020000 0.0020000
vt 0.9980000 0.0020000
vt 0.0020000 0.1680000
vt 0.9500000 0.5000000
vt 0.2750000 0.1102886
vt 0.7250000 0.1102886
vt 0.9500000 0.5000000
vt 0.7250000 0.1102886
vt 0.2750000 0.1102886
vt 0.9500000 0.5000000
vt 0.0500000 0.5000000
vt 0.2750000 0.1102886
vt 0.9500000 0.5000000
vt 0.2750000 0.1102886
vt 0.0500000 0.5000000
vt 0.9500000 0.5000000
vt 0.2750000 0.8897114
vt 0.0500000 0.5000000
vt 0.9500000 0.5000000
vt 0.0500000 0.5000000
vt 0.2750000 0.8897114
vt 0.9500000 0.5000000
vt 0.7250000 0.8897114
vt 0.2750000 0.8897114
vt 0.9500000 0.5000000
vt 0.2750000 0.8897114
vt 0.7250000 0.8897114
vt 0.9980000 0.8320000
vt 0.9980000 0.9980000
vt 0.0020000 0.9980000
vt 0.0020000 0.8320000
vt 0.9980000 0.8320000
vt 0.0020000 0.9980000
vt 0.9980000 0.6660000
vt 0.9980000 0.8320000
vt 0.0020000 0.8320000
vt 0.0020000 0.6660000
vt 0.9980000 0.6660000
vt 0.0020000 0.8320000
vt 0.9980000 0.5000000
vt 0.9980000 0.6660000
vt 0.0020000 0.6660000
vt 0.0020000 0.5000000
vt 0.9980000 0.5000000
vt 0.0020000 0.6660000
vt 0.9980000 0.3340000
vt 0.9980000 0.5000000
vt 0.0020000 0.5000000
vt 0.0020000 0.3340000
vt 0.9980000 0.3340000
vt 0.0020000 0.5000000
vt 0.9980000 0.1680000
vt 0.9980000 0.3340000
vt 0.0020000 0.3340000
vt 0.0020000 0.1680000
vt 0.9980000 0.1680000
vt 0.0020000 0.3340000
vt 0.9980000 0.0020000
vt 0.9980000 0.1680000
vt 0.0020000 0.1680000
vt 0.0020000 0.0020000
vt 0.9980000 0.0020000
vt 0.0020000 0.1680000
vt 0.9500000 0.5000000
vt 0.2750000 0.1102886
vt 0.7250000 0.1102886
vt 0.9500000 0.5000000
vt 0.7250000 0.1102886
vt 0.2750000 0.1102886
vt 0.9500000 0.5000000
vt 0.0500000 0.5000000
vt 0.2750000 0.1102886
vt 0.9500000 0.5000000
vt 0.2750000 0.1102886
vt 0.0500000 0.5000000
vt 0.9500000 0.5000000
vt 0.2750000 0.8897114
vt 0.0500000 0.5000000
vt 0.9500000 0.5000000
vt 0.0500000 0.5000000
vt 0.2750000 0.8897114
vt 0.9500000 0.5000000
vt 0.7250000 0.8897114
vt 0.2750000 0.8897114
vt 0.9500000 0.5000000
vt 0.2750000 0.8897114
vt 0.7250000 0.8897114
vt 0.9980000 0.8320000
vt 0.9980000 0.9980000
vt 0.0020000 0.9980000
vt 0.0020000 0.8320000
vt 0.9980000 0.8320000
vt 0.0020000 0.9980000
vt 0.9980000 0.6660000
vt 0.9980000 0.8320000
vt 0.0020000 0.8320000
vt 0.0020000 0.6660000
vt 0.9980000 0.6660000
vt 0.0020000 0.8320000
vt 0.9980000 0.5000000
vt 0.9980000 0.6660000
vt 0.0020000 0.6660000
vt 0.0020000 0.5000000
vt 0.9980000 0.5000000
vt 0.0020000 0.6660000
vt 0.9980000 0.3340000
vt 0.9980000 0.5000000
vt 0.0020000 0.5000000
vt 0.0020000 0.3340000
vt 0.9980000 0.3340000
vt 0.0020000 0.5000000
vt 0.9980000 0.1680000
vt 0.9980000 0.3340000
vt 0.0020000 0.3340000
vt 0.0020000 0.1680000
vt 0.9980000 0.1680000
vt 0.0020000 0.3340000
vt 0.9980000 0.0020000
vt 0.9980000 0.1680000
vt 0.0020000 0.1680000
vt 0.0020000 0.0020000
vt 0.9980000 0.0020000
vt 0.0020000 0.1680000
vt 0.9500000 0.5000000
vt 0.2750000 0.1102886
vt 0.7250000 0.1102886
vt 0.9500000 0.5000000
vt 0.7250000 0.1102886
vt 0.2750000 0.1102886
vt 0.9500000 0.5000000
vt 0.0500000 0.5000000
vt 0.2750000 0.1102886
vt 0.9500000 0.5000000
vt 0.2750000 0.1102886
vt 0.0500000 0.5000000
vt 0.9500000 0.5000000
vt 0.2750000 0.8897114
vt 0.0500000 0.5000000
vt 0.9500000 0.5000000
vt 0.0500000 0.5000000
vt 0.2750000 0.8897114
vt 0.9500000 0.5000000
vt 0.7250000 0.8897114
vt 0.2750000 0.8897114
vt 0.9500000 0.5000000
vt 0.2750000 0.8897114
vt 0.7250000 0.8897114
vt 0.9980000 0.8320000
vt 0.9980000 0.9980000
vt 0.0020000 0.9980000
vt 0.0020000 0.8320000
vt 0.9980000 0.8320000
vt 0.0020000 0.9980000
vt 0.9980000 0.6660000
vt 0.9980000 0.8320000
vt 0.0020000 0.8320000
vt 0.0020000 0.6660000
vt 0.9980000 0.6660000
vt 0.0020000 0.8320000
vt 0.9980000 0.5000000
vt 0.9980000 0.6660000
vt 0.0020000 0.6660000
vt 0.0020000 0.5000000
vt 0.9980000 0.5000000
vt 0.0020000 0.6660000
vt 0.9980000 0.3340000
vt 0.9980000 0.5000000
vt 0.0020000 0.5000000
vt 0.0020000 0.3340000
vt 0.9980000 0.3340000
vt 0.0020000 0.5000000
vt 0.9980000 0.1680000
vt 0.9980000 0.3340000
vt 0.0020000 0.3340000
vt 0.0020000 0.1680000
vt 0.9980000 0.1680000
vt 0.0020000 0.3340000
vt 0.9980000 0.0020000
vt 0.9980000 0.1680000
vt 0.0020000 0.1680000
vt 0.0020000 0.0020000
vt 0.9980000 0.0020000
vt 0.0020000 0.1680000
vt 0.9500000 0.5000000
vt 0.2750000 0.1102886
vt 0.7250000 0.1102886
vt 0.9500000 0.5000000
vt 0.7250000 0.1102886
vt 0.2750000 0.1102886
vt 0.9500000 0.5000000
vt 0.0500000 0.5000000
vt 0.2750000 0.1102886
vt 0.9500000 0.5000000
vt 0.2750000 0.1102886
vt 0.0500000 0.5000000
vt 0.9500000 0.5000000
vt 0.2750000 0.8897114
vt 0.0500000 0.5000000
vt 0.9500000 0.5000000
vt 0.0500000 0.5000000
vt 0.2750000 0.8897114
vt 0.9500000 0.5000000
vt 0.7250000 0.8897114
vt 0.2750000 0.8897114
vt 0.9500000 0.5000000
vt 0.2750000 0.8897114
vt 0.7250000 0.8897114
vn -0.3945393 0.7383250 -0.5470054
vn -0.3945393 0.7383250 -0.5470054
vn -0.3945393 0.7383250 -0.5470054
vn -0.2443089 0.5006776 -0.8304427
vn -0.2443089 0.5006776 -0.8304427
vn -0.2443089 0.5006776 -0.8304427
vn -0.3305833 0.8289184 -0.4512305
vn -0.3305833 0.8289184 -0.4512305
vn -0.3305833 0.8289184 -0.4512305
vn -0.1721647 0.6451064 -0.7444441
vn -0.1721647 0.6451064 -0.7444441
vn -0.1721647 0.6451064 -0.7444441
vn -0.3077885 0.9233782 -0.2294317
vn -0.3077885 0.9233782 -0.2294317
vn -0.3077885 0.9233782 -0.2294317
vn -0.2032438 0.8712586 -0.4467666
vn -0.2032438 0.8712586 -0.4467666
vn -0.2032438 0.8712586 -0.4467666
vn -0.3402477 0.9383168 0.0615877
vn -0.3402477 0.9383168 0.0615877
vn -0.3402477 0.9383168 0.0615877
vn -0.3555079 0.9298139 0.0951853
vn -0.3555079 0.9298139 0.0951853
vn -0.3555079 0.9298139 0.0951853
vn -0.4031835 0.8720549 0.2774225
vn -0.4031835 0.8720549 0.2774225
vn -0.4031835 0.8720549 0.2774225
vn -0.4809062 0.7658266 0.4268945
vn -0.4809062 0.7658266 0.4268945
vn -0.4809062 0.7658266 0.4268945
vn -0.4628947 0.8083265 0.3637812
vn -0.4628947 0.8083265 0.3637812
vn -0.4628947 0.8083265 0.3637812
vn -0.5554588 0.6585337 0.5077390
vn -0.5554588 0.6585337 0.5077390
vn -0.5554588 0.6585337 0.5077390
vn -0.4149662 0.8314592 -0.3694303
vn -0.4149662 0.8314592 -0.3694303
vn -0.4149662 0.8314592 -0.3694303
vn -0.3677417 0.7514282 -0.5478337
vn -0.3677417 0.7514282 -0.5478337
vn -0.3677417 0.7514282 -0.5478337
vn -0.3472010 0.8909019 -0.2928228
vn -0.3472010 0.8909019 -0.2928228
vn -0.3472010 0.8909019 -0.2928228
vn -0.2925936 0.8446995 -0.4481873
vn -0.2925936 0.8446995 -0.4481873
vn -0.2925936 0.8446995 -0.4481873
vn -0.2985360 0.9445685 -0.1366259
vn -0.2985360 0.9445685 -0.1366259
vn -0.2985360 0.9445685 -0.1366259
vn -0.2637288 0.9390837 -0.2203837
vn -0.2637288 0.9390837 -0.2203837
vn -0.2637288 0.9390837 -0.2203837
vn -0.2926926 0.9546432 0.0546568
vn -0.2926926 0.9546432 0.0546568
vn -0.2926926 0.9546432 0.0546568
vn -0.3021765 0.9504114 0.0735355
vn -0.3021765 0.9504114 0.0735355
vn -0.3021765 0.9504114 0.0735355
vn -0.3272304 0.9220598 0.2067025
vn -0.3272304 0.9220598 0.2067025
vn -0.3272304 0.9220598 0.2067025
vn -0.3783360 0.8799197 0.2874076
vn -0.3783360 0.8799197 0.2874076
vn -0.3783360 0.8799197 0.2874076
vn -0.3757228 0.8840128 0.2781255
vn -0.3757228 0.8840128 0.2781255
vn -0.3757228 0.8840128 0.2781255
vn -0.4486216 0.8132993 0.3705171
vn -0.4486216 0.8132993 0.3705171
vn -0.4486216 0.8132993 0.3705171
vn -0.4167750 0.8716431 -0.2579477
vn -0.4167750 0.8716431 -0.2579477
vn -0.4167750 0.8716431 -0.2579477
vn -0.4076364 0.8349536 -0.3697094
vn -0.4076364 0.8349536 -0.3697094
vn -0.4076364 0.8349536 -0.3697094
vn -0.3422743 0.9179479 -0.2005490
vn -0.3422743 0.9179479 -0.2005490
vn -0.3422743 0.9179479 -0.2005490
vn -0.3217803 0.9006839 -0.2919350
vn -0.3217803 0.9006839 -0.2919350
vn -0.3217803 0.9006839 -0.2919350
vn -0.2739416 0.9577018 -0.0881093
vn -0.2739416 0.9577018 -0.0881093
vn -0.2739416 0.9577018 -0.0881093
vn -0.2579130 0.9570838 -0.1321795
vn -0.2579130 0.9570838 -0.1321795
vn -0.2579130 0.9570838 -0.1321795
vn -0.2423426 0.9690345 0.0473524
vn -0.2423426 0.9690345 0.0473524
vn -0.2423426 0.9690345 0.0473524
vn -0.2499265 0.9662889 0.0618269
vn -0.2499265 0.9662889 0.0618269
vn -0.2499265 0.9662889 0.0618269
vn -0.2559643 0.9535009 0.1591174
vn -0.2559643 0.9535009 0.1591174
vn -0.2559643 0.9535009 0.1591174
vn -0.2948686 0.9313164 0.2137807
vn -0.2948686 0.9313164 0.2137807
vn -0.2948686 0.9313164 0.2137807
vn -0.2953163 0.9306951 0.2158586
vn -0.2953163 0.9306951 0.2158586
vn -0.2953163 0.9306951 0.2158586
vn -0.3566214 0.8903039 0.2831610
vn -0.3566214 0.8903039 0.2831610
vn -0.3566214 0.8903039 0.2831610
vn -0.3716654 0.9080910 -0.1929653
vn -0.3716654 0.9080910 -0.1929653
vn -0.3716654 0.9080910 -0.1929653
vn -0.3676359 0.8930304 -0.2595005
vn -0.3676359 0.8930304 -0.2595005
vn -0.3676359 0.8930304 -0.2595005
vn -0.3015314 0.9419838 -0.1474627
vn -0.3015314 0.9419838 -0.1474627
vn -0.3015314 0.9419838 -0.1474627
vn -0.2891164 0.9362289 -0.1997176
vn -0.2891164 0.9362289 -0.1997176
vn -0.2891164 0.9362289 -0.1997176
vn -0.2328793 0.9705682 -0.0613557
vn -0.2328793 0.9705682 -0.0613557
vn -0.2328793 0.9705682 -0.0613557
vn -0.2230364 0.9711026 -0.0849381
vn -0.2230364 0.9711026 -0.0849381
vn -0.2230364 0.9711026 -0.0849381
vn -0.1947275 0.9799902 0.0412348
vn -0.1947275 0.9799902 0.0412348
vn -0.1947275 0.9799902 0.0412348
vn -0.2009182 0.9782627 0.0513220
vn -0.2009182 0.9782627 0.0513220
vn -0.2009182 0.9782627 0.0513220
vn -0.1977860 0.9719020 0.1276212
vn -0.1977860 0.9719020 0.1276212
vn -0.1977860 0.9719020 0.1276212
vn -0.2268542 0.9602377 0.1627292
vn -0.2268542 0.9602377 0.1627292
vn -0.2268542 0.9602377 0.1627292
vn -0.2284298 0.9579475 0.1736559
vn -0.2284298 0.9579475 0.1736559
vn -0.2284298 0.9579475 0.1736559
vn -0.2756968 0.9360103 0.2188056
vn -0.2756968 0.9360103 0.2188056
vn -0.2756968 0.9360103 0.2188056
vn -0.1357995 0.9730848 -0.1861839
vn -0.1357995 0.9730848 -0.1861839
vn -0.1357995 0.9730848 -0.1861839
vn -0.1274997 0.9727480 -0.1936623
vn -0.1274997 0.9727480 -0.1936623
vn -0.1274997 0.9727480 -0.1936623
vn -0.1383914 0.9806190 -0.1386872
vn -0.1383914 0.9806190 -0.1386872
vn -0.1383914 0.9806190 -0.1386872
vn -0.1316752 0.9806697 -0.1447362
vn -0.1316752 0.9806697 -0.1447362
vn -0.1316752 0.9806697 -0.1447362
vn -0.1509168 0.9870381 -0.0545889
vn -0.1509168 0.9870381 -0.0545889
vn -0.1509168 0.9870381 -0.0545889
vn -0.1470404 0.9874233 -0.0580895
vn -0.1470404 0.9874233 -0.0580895
vn -0.1470404 0.9874233 -0.0580895
vn -0.1697550 0.9845366 0.0432532
vn -0.1697550 0.9845366 0.0432532
vn -0.1697550 0.9845366 0.0432532
vn -0.1691457 0.9846653 0.0427092
vn -0.1691457 0.9846653 0.0427092
vn -0.1691457 0.9846653 0.0427092
vn -0.1887432 0.9738671 0.1263289
vn -0.1887432 0.9738671 0.1263289
vn -0.1887432 0.9738671 0.1263289
vn -0.1908317 0.9732228 0.1281428
vn -0.1908317 0.9732228 0.1281428
vn -0.1908317 0.9732228 0.1281428
vn -0.2018911 0.9640623 0.1726958
vn -0.2018911 0.9640623 0.1726958
vn -0.2018911 0.9640623 0.1726958
vn -0.2054423 0.9627696 0.1756933
vn -0.2054423 0.9627696 0.1756933
vn -0.2054423 0.9627696 0.1756933
vn -0.1239095 0.9765254 -0.1761949
vn -0.1239095 0.9765254 -0.1761949
vn -0.1239095 0.9765254 -0.1761949
vn -0.1145504 0.9758575 -0.1859580
vn -0.1145504 0.9758575 -0.1859580
vn -0.1145504 0.9758575 -0.1859580
vn -0.1158915 0.9846387 -0.1305977
vn -0.1158915 0.9846387 -0.1305977
vn -0.1158915 0.9846387 -0.1305977
vn -0.1084738 0.9844511 -0.1381643
vn -0.1084738 0.9844511 -0.1381643
vn -0.1084738 0.9844511 -0.1381643
vn -0.1137987 0.9922575 -0.0497494
vn -0.1137987 0.9922575 -0.0497494
vn -0.1137987 0.9922575 -0.0497494
vn -0.1101164 0.9924813 -0.0534345
vn -0.1101164 0.9924813 -0.0534345
vn -0.1101164 0.9924813 -0.0534345
vn -0.1191983 0.9918701 0.0445580
vn -0.1191983 0.9918701 0.0445580
vn -0.1191983 0.9918701 0.0445580
vn -0.1200167 0.9917355 0.0453517
vn -0.1200167 0.9917355 0.0453517
vn -0.1200167 0.9917355 0.0453517
vn -0.1299204 0.9836127 0.1250068
vn -0.1299204 0.9836127 0.1250068
vn -0.1299204 0.9836127 0.1250068
vn -0.1346439 0.9824104 0.1293863
vn -0.1346439 0.9824104 0.1293863
vn -0.1346439 0.9824104 0.1293863
vn -0.1410712 0.9752785 0.1700904
vn -0.1410712 0.9752785 0.1700904
vn -0.1410712 0.9752785 0.1700904
vn -0.1480384 0.9731458 0.1762722
vn -0.1480384 0.9731458 0.1762722
vn -0.1480384 0.9731458 0.1762722
vn -0.1257454 0.9788003 -0.1616728
vn -0.1257454 0.9788003 -0.1616728
vn -0.1257454 0.9788003 -0.1616728
vn -0.1152391 0.9775872 -0.1761910
vn -0.1152391 0.9775872 -0.1761910
vn -0.1152391 0.9775872 -0.1761910
vn -0.1012274 0.9876591 -0.1195094
vn -0.1012274 0.9876591 -0.1195094
vn -0.1012274 0.9876591 -0.1195094
vn -0.0926649 0.9871210 -0.1304047
vn -0.0926649 0.9871210 -0.1304047
vn -0.0926649 0.9871210 -0.1304047
vn -0.0779700 0.9959609 -0.0445270
vn -0.0779700 0.9959609 -0.0445270
vn -0.0779700 0.9959609 -0.0445270
vn -0.0741462 0.9960404 -0.0490491
vn -0.0741462 0.9960404 -0.0490491
vn -0.0741462 0.9960404 -0.0490491
vn -0.0651268 0.9969456 0.0431048
vn -0.0651268 0.9969456 0.0431048
vn -0.0651268 0.9969456 0.0431048
vn -0.0677101 0.9966473 0.0459285
vn -0.0677101 0.9966473 0.0459285
vn -0.0677101 0.9966473 0.0459285
vn -0.0658346 0.9908079 0.1181761
vn -0.0658346 0.9908079 0.1181761
vn -0.0658346 0.9908079 0.1181761
vn -0.0745727 0.9891020 0.1269494
vn -0.0745727 0.9891020 0.1269494
vn -0.0745727 0.9891020 0.1269494
vn -0.0761156 0.9841008 0.1604741
vn -0.0761156 0.9841008 0.1604741
vn -0.0761156 0.9841008 0.1604741
vn -0.0888307 0.9810358 0.1722728
vn -0.0888307 0.9810358 0.1722728
vn -0.0888307 0.9810358 0.1722728
vn -0.1016595 0.9838129 -0.1475719
vn -0.1016595 0.9838129 -0.1475719
vn -0.1016595 0.9838129 -0.1475719
vn -0.0926993 0.9824385 -0.1619306
vn -0.0926993 0.9824385 -0.1619306
vn -0.0926993 0.9824385 -0.1619306
vn -0.0701703 0.9915749 -0.1088825
vn -0.0701703 0.9915749 -0.1088825
vn -0.0701703 0.9915749 -0.1088825
vn -0.0626967 0.9908529 -0.1194978
vn -0.0626967 0.9908529 -0.1194978
vn -0.0626967 0.9908529 -0.1194978
vn -0.0366599 0.9985216 -0.0401330
vn -0.0366599 0.9985216 -0.0401330
vn -0.0366599 0.9985216 -0.0401330
vn -0.0334949 0.9984619 -0.0441813
vn -0.0334949 0.9984619 -0.0441813
vn -0.0334949 0.9984619 -0.0441813
vn -0.0137818 0.9990984 0.0401561
vn -0.0137818 0.9990984 0.0401561
vn -0.0137818 0.9990984 0.0401561
vn -0.0168411 0.9989034 0.0436852
vn -0.0168411 0.9989034 0.0436852
vn -0.0168411 0.9989034 0.0436852
vn -0.0075982 0.9939964 0.1091484
vn -0.0075982 0.9939964 0.1091484
vn -0.0075982 0.9939964 0.1091484
vn -0.0169816 0.9927597 0.1189106
vn -0.0169816 0.9927597 0.1189106
vn -0.0169816 0.9927597 0.1189106
vn -0.0155115 0.9888174 0.1483226
vn -0.0155115 0.9888174 0.1483226
vn -0.0155115 0.9888174 0.1483226
vn -0.0292541 0.9864650 0.1613414
vn -0.0292541 0.9864650 0.1613414
vn -0.0292541 0.9864650 0.1613414
vn 0.1091308 0.9807666 -0.1618249
vn 0.1091308 0.9807666 -0.1618249
vn 0.1091308 0.9807666 -0.1618249
vn 0.0866985 0.9852126 -0.1477819
vn 0.0866985 0.9852126 -0.1477819
vn 0.0866985 0.9852126 -0.1477819
vn 0.0746947 0.9900179 -0.1195206
vn 0.0746947 0.9900179 -0.1195206
vn 0.0746947 0.9900179 -0.1195206
vn 0.0592491 0.9922788 -0.1089598
vn 0.0592491 0.9922788 -0.1089598
vn 0.0592491 0.9922788 -0.1089598
vn 0.0380049 0.9982986 -0.0442204
vn 0.0380049 0.9982986 -0.0442204
vn 0.0380049 0.9982986 -0.0442204
vn 0.0325540 0.9986637 -0.0401387
vn 0.0325540 0.9986637 -0.0401387
vn 0.0325540 0.9986637 -0.0401387
vn 0.0129431 0.9989596 0.0437276
vn 0.0129431 0.9989596 0.0437276
vn 0.0129431 0.9989596 0.0437276
vn 0.0173369 0.9990431 0.0401539
vn 0.0173369 0.9990431 0.0401539
vn 0.0173369 0.9990431 0.0401539
vn 0.0061935 0.9928708 0.1190344
vn 0.0061935 0.9928708 0.1190344
vn 0.0061935 0.9928708 0.1190344
vn 0.0174657 0.9938735 0.1091349
vn 0.0174657 0.9938735 0.1091349
vn 0.0174657 0.9938735 0.1091349
vn 0.0148444 0.9867551 0.1615365
vn 0.0148444 0.9867551 0.1615365
vn 0.0148444 0.9867551 0.1615365
vn 0.0287291 0.9885282 0.1482792
vn 0.0287291 0.9885282 0.1482792
vn 0.0287291 0.9885282 0.1482792
vn 0.1305000 0.9756676 -0.1761889
vn 0.1305000 0.9756676 -0.1761889
vn 0.1305000 0.9756676 -0.1761889
vn 0.1117067 0.9804800 -0.1618043
vn 0.1117067 0.9804800 -0.1618043
vn 0.1117067 0.9804800 -0.1618043
vn 0.1039658 0.9859812 -0.1305074
vn 0.1039658 0.9859812 -0.1305074
vn 0.1039658 0.9859812 -0.1305074
vn 0.0908330 0.9886675 -0.1195239
vn 0.0908330 0.9886675 -0.1195239
vn 0.0908330 0.9886675 -0.1195239
vn 0.0787721 0.9956810 -0.0491347
vn 0.0787721 0.9956810 -0.0491347
vn 0.0787721 0.9956810 -0.0491347
vn 0.0737148 0.9962861 -0.0444977
vn 0.0737148 0.9962861 -0.0444977
vn 0.0737148 0.9962861 -0.0444977
vn 0.0648336 0.9968352 0.0460013
vn 0.0648336 0.9968352 0.0460013
vn 0.0648336 0.9968352 0.0460013
vn 0.0677768 0.9967704 0.0430699
vn 0.0677768 0.9967704 0.0430699
vn 0.0677768 0.9967704 0.0430699
vn 0.0655740 0.9897036 0.1272274
vn 0.0655740 0.9897036 0.1272274
vn 0.0655740 0.9897036 0.1272274
vn 0.0741486 0.9902387 0.1180227
vn 0.0741486 0.9902387 0.1180227
vn 0.0741486 0.9902387 0.1180227
vn 0.0766590 0.9819848 0.1727116
vn 0.0766590 0.9819848 0.1727116
vn 0.0766590 0.9819848 0.1727116
vn 0.0873942 0.9832062 0.1602120
vn 0.0873942 0.9832062 0.1602120
vn 0.0873942 0.9832062 0.1602120
vn 0.1240819 0.9746700 -0.1860698
vn 0.1240819 0.9746700 -0.1860698
vn 0.1240819 0.9746700 -0.1860698
vn 0.1148143 0.9776372 -0.1761905
vn 0.1148143 0.9776372 -0.1761905
vn 0.1148143 0.9776372 -0.1761905
vn 0.1157272 0.9836054 -0.1383025
vn 0.1157272 0.9836054 -0.1383025
vn 0.1157272 0.9836054 -0.1383025
vn 0.1089691 0.9854355 -0.1305476
vn 0.1089691 0.9854355 -0.1305476
vn 0.1089691 0.9854355 -0.1305476
vn 0.1135895 0.9920843 -0.0535361
vn 0.1135895 0.9920843 -0.0535361
vn 0.1135895 0.9920843 -0.0535361
vn 0.1104836 0.9926348 -0.0496937
vn 0.1104836 0.9926348 -0.0496937
vn 0.1104836 0.9926348 -0.0496937
vn 0.1192700 0.9918241 0.0453822
vn 0.1192700 0.9918241 0.0453822
vn 0.1192700 0.9918241 0.0453822
vn 0.1199118 0.9917850 0.0445381
vn 0.1199118 0.9917850 0.0445381
vn 0.1199118 0.9917850 0.0445381
vn 0.1304693 0.9829447 0.1296052
vn 0.1304693 0.9829447 0.1296052
vn 0.1304693 0.9829447 0.1296052
vn 0.1339155 0.9830966 0.1248510
vn 0.1339155 0.9830966 0.1248510
vn 0.1339155 0.9830966 0.1248510
vn 0.1420856 0.9739673 0.1766335
vn 0.1420856 0.9739673 0.1766335
vn 0.1420856 0.9739673 0.1766335
vn 0.1467780 0.9744827 0.1698224
vn 0.1467780 0.9744827 0.1698224
vn 0.1467780 0.9744827 0.1698224
vn 0.1344648 0.9717800 -0.1938113
vn 0.1344648 0.9717800 -0.1938113
vn 0.1344648 0.9717800 -0.1938113
vn 0.1290253 0.9740182 -0.1861211
vn 0.1290253 0.9740182 -0.1861211
vn 0.1290253 0.9740182 -0.1861211
vn 0.1371886 0.9798906 -0.1448919
vn 0.1371886 0.9798906 -0.1448919
vn 0.1371886 0.9798906 -0.1448919
vn 0.1330287 0.9813729 -0.1386026
vn 0.1330287 0.9813729 -0.1386026
vn 0.1330287 0.9813729 -0.1386026
vn 0.1501694 0.9869448 -0.0582156
vn 0.1501694 0.9869448 -0.0582156
vn 0.1501694 0.9869448 -0.0582156
vn 0.1478732 0.9875032 -0.0545057
vn 0.1478732 0.9875032 -0.0545057
vn 0.1478732 0.9875032 -0.0545057
vn 0.1696317 0.9845828 0.0426815
vn 0.1696317 0.9845828 0.0426815
vn 0.1696317 0.9845828 0.0426815
vn 0.1692820 0.9846172 0.0432737
vn 0.1692820 0.9846172 0.0432737
vn 0.1692820 0.9846172 0.0432737
vn 0.1891828 0.9735286 0.1282654
vn 0.1891828 0.9735286 0.1282654
vn 0.1891828 0.9735286 0.1282654
vn 0.1903495 0.9735670 0.1262317
vn 0.1903495 0.9735670 0.1262317
vn 0.1903495 0.9735670 0.1262317
vn 0.2026805 0.9633114 0.1759309
vn 0.2026805 0.9633114 0.1759309
vn 0.2026805 0.9633114 0.1759309
vn 0.2045846 0.9635290 0.1725022
vn 0.2045846 0.9635290 0.1725022
vn 0.2045846 0.9635290 0.1725022
vn 0.4223283 0.8690328 -0.2577224
vn 0.4223283 0.8690328 -0.2577224
vn 0.4223283 0.8690328 -0.2577224
vn 0.3294940 0.9240114 -0.1940019
vn 0.3294940 0.9240114 -0.1940019
vn 0.3294940 0.9240114 -0.1940019
vn 0.3333142 0.9212602 -0.2004524
vn 0.3333142 0.9212602 -0.2004524
vn 0.3333142 0.9212602 -0.2004524
vn 0.2683808 0.9519881 -0.1472769
vn 0.2683808 0.9519881 -0.1472769
vn 0.2683808 0.9519881 -0.1472769
vn 0.2433475 0.9660988 -0.0862271
vn 0.2433475 0.9660988 -0.0862271
vn 0.2433475 0.9660988 -0.0862271
vn 0.2178901 0.9740767 -0.0608146
vn 0.2178901 0.9740767 -0.0608146
vn 0.2178901 0.9740767 -0.0608146
vn 0.1921173 0.9799854 0.0521489
vn 0.1921173 0.9799854 0.0521489
vn 0.1921173 0.9799854 0.0521489
vn 0.2012552 0.9786866 0.0408529
vn 0.2012552 0.9786866 0.0408529
vn 0.2012552 0.9786866 0.0408529
vn 0.1957326 0.9664364 0.1664015
vn 0.1957326 0.9664364 0.1664015
vn 0.1957326 0.9664364 0.1664015
vn 0.2213392 0.9670486 0.1258012
vn 0.2213392 0.9670486 0.1258012
vn 0.2213392 0.9670486 0.1258012
vn 0.2354198 0.9456055 0.2245166
vn 0.2354198 0.9456055 0.2245166
vn 0.2354198 0.9456055 0.2245166
vn 0.2596902 0.9504835 0.1707105
vn 0.2596902 0.9504835 0.1707105
vn 0.2596902 0.9504835 0.1707105
vn 0.4762683 0.7994781 -0.3660646
vn 0.4762683 0.7994781 -0.3660646
vn 0.4762683 0.7994781 -0.3660646
vn 0.3662579 0.8935870 -0.2595329
vn 0.3662579 0.8935870 -0.2595329
vn 0.3662579 0.8935870 -0.2595329
vn 0.3795631 0.8773278 -0.2936457
vn 0.3795631 0.8773278 -0.2936457
vn 0.3795631 0.8773278 -0.2936457
vn 0.3016883 0.9321997 -0.1999697
vn 0.3016883 0.9321997 -0.1999697
vn 0.3016883 0.9321997 -0.1999697
vn 0.2860714 0.9486106 -0.1352819
vn 0.2860714 0.9486106 -0.1352819
vn 0.2860714 0.9486106 -0.1352819
vn 0.2547534 0.9630902 -0.0869372
vn 0.2547534 0.9630902 -0.0869372
vn 0.2547534 0.9630902 -0.0869372
vn 0.2405612 0.9685632 0.0633695
vn 0.2405612 0.9685632 0.0633695
vn 0.2405612 0.9685632 0.0633695
vn 0.2487769 0.9674331 0.0467243
vn 0.2487769 0.9674331 0.0467243
vn 0.2487769 0.9674331 0.0467243
vn 0.2585564 0.9402969 0.2213376
vn 0.2585564 0.9402969 0.2213376
vn 0.2585564 0.9402969 0.2213376
vn 0.2818809 0.9467226 0.1557547
vn 0.2818809 0.9467226 0.1557547
vn 0.2818809 0.9467226 0.1557547
vn 0.3113360 0.9035264 0.2944656
vn 0.3113360 0.9035264 0.2944656
vn 0.3113360 0.9035264 0.2944656
vn 0.3291389 0.9205163 0.2105167
vn 0.3291389 0.9205163 0.2105167
vn 0.3291389 0.9205163 0.2105167
vn 0.4503143 0.7082981 -0.5436275
vn 0.4503143 0.7082981 -0.5436275
vn 0.4503143 0.7082981 -0.5436275
vn 0.3563830 0.8575390 -0.3709689
vn 0.3563830 0.8575390 -0.3709689
vn 0.3563830 0.8575390 -0.3709689
vn 0.3634397 0.8139165 -0.4532677
vn 0.3634397 0.8139165 -0.4532677
vn 0.3634397 0.8139165 -0.4532677
vn 0.2997003 0.9085706 -0.2909969
vn 0.2997003 0.9085706 -0.2909969
vn 0.2997003 0.9085706 -0.2909969
vn 0.3001348 0.9262756 -0.2278872
vn 0.3001348 0.9262756 -0.2278872
vn 0.3001348 0.9262756 -0.2278872
vn 0.2752320 0.9519795 -0.1340984
vn 0.2752320 0.9519795 -0.1340984
vn 0.2752320 0.9519795 -0.1340984
vn 0.2940162 0.9527694 0.0760587
vn 0.2940162 0.9527694 0.0760587
vn 0.2940162 0.9527694 0.0760587
vn 0.2979870 0.9530552 0.0537545
vn 0.2979870 0.9530552 0.0537545
vn 0.2979870 0.9530552 0.0537545
vn 0.3415835 0.8901574 0.3015633
vn 0.3415835 0.8901574 0.3015633
vn 0.3415835 0.8901574 0.3015633
vn 0.3527450 0.9139014 0.2008862
vn 0.3527450 0.9139014 0.2008862
vn 0.3527450 0.9139014 0.2008862
vn 0.4049839 0.8269041 0.3901508
vn 0.4049839 0.8269041 0.3901508
vn 0.4049839 0.8269041 0.3901508
vn 0.4082373 0.8722887 0.2691742
vn 0.4082373 0.8722887 0.2691742
vn 0.4082373 0.8722887 0.2691742
vn 0.3536822 0.4415847 -0.8245677
vn 0.3536822 0.4415847 -0.8245677
vn 0.3536822 0.4415847 -0.8245677
vn 0.3185956 0.7733628 -0.5480938
vn 0.3185956 0.7733628 -0.5480938
vn 0.3185956 0.7733628 -0.5480938
vn 0.2711023 0.5922310 -0.7587925
vn 0.2711023 0.5922310 -0.7587925
vn 0.2711023 0.5922310 -0.7587925
vn 0.2675910 0.8542020 -0.4457959
vn 0.2675910 0.8542020 -0.4457959
vn 0.2675910 0.8542020 -0.4457959
vn 0.2608083 0.8408548 -0.4742807
vn 0.2608083 0.8408548 -0.4742807
vn 0.2608083 0.8408548 -0.4742807
vn 0.2755296 0.9351064 -0.2228440
vn 0.2755296 0.9351064 -0.2228440
vn 0.2755296 0.9351064 -0.2228440
vn 0.3471148 0.9322956 0.1016673
vn 0.3471148 0.9322956 0.1016673
vn 0.3471148 0.9322956 0.1016673
vn 0.3448824 0.9367191 0.0601130
vn 0.3448824 0.9367191 0.0601130
vn 0.3448824 0.9367191 0.0601130
vn 0.4370498 0.7717603 0.4619237
vn 0.4370498 0.7717603 0.4619237
vn 0.4370498 0.7717603 0.4619237
vn 0.4308938 0.8623463 0.2658749
vn 0.4308938 0.8623463 0.2658749
vn 0.4308938 0.8623463 0.2658749
vn 0.5084682 0.6647394 0.5473404
vn 0.5084682 0.6647394 0.5473404
vn 0.5084682 0.6647394 0.5473404
vn 0.4964286 0.7955709 0.3473119
vn 0.4964286 0.7955709 0.3473119
vn 0.4964286 0.7955709 0.3473119
vn -0.7728458 -0.5798335 0.2578808
vn -0.8320503 0.0000000 -0.5547002
vn -0.8320503 0.0000000 -0.5547002
vn -0.7728458 -0.5798335 0.2578808
vn -0.7728458 -0.5798335 0.2578808
vn -0.8320503 0.0000000 -0.5547002
vn 0.0592045 -0.5798335 0.8125810
vn -0.7728458 -0.5798335 0.2578808
vn -0.7728458 -0.5798335 0.2578808
vn 0.0592045 -0.5798335 0.8125810
vn 0.0592045 -0.5798335 0.8125810
vn -0.7728458 -0.5798335 0.2578808
vn 0.8320503 0.0000000 0.5547002
vn 0.0592045 -0.5798335 0.8125810
vn 0.0592045 -0.5798335 0.8125810
vn 0.8320503 0.0000000 0.5547002
vn 0.8320503 0.0000000 0.5547002
vn 0.0592045 -0.5798335 0.8125810
vn 0.7728458 0.5798335 -0.2578808
vn 0.8320503 0.0000000 0.5547002
vn 0.8320503 0.0000000 0.5547002
vn 0.7728458 0.5798335 -0.2578808
vn 0.7728458 0.5798335 -0.2578808
vn 0.8320503 0.0000000 0.5547002
vn -0.0592045 0.5798335 -0.8125810
vn 0.7728458 0.5798335 -0.2578808
vn 0.7728458 0.5798335 -0.2578808
vn -0.0592045 0.5798335 -0.8125810
vn -0.0592045 0.5798335 -0.8125810
vn 0.7728458 0.5798335 -0.2578808
vn -0.8320503 0.0000000 -0.5547002
vn -0.0592045 0.5798335 -0.8125810
vn -0.0592045 0.5798335 -0.8125810
vn -0.8320503 0.0000000 -0.5547002
vn -0.8320503 0.0000000 -0.5547002
vn -0.0592045 0.5798335 -0.8125810
vn 0.3713907 -0.7427814 -0.5570860
vn 0.3713907 -0.7427814 -0.5570860
vn 0.3713907 -0.7427814 -0.5570860
vn -0.3713907 0.7427814 0.5570860
vn -0.3713907 0.7427814 0.5570860
vn -0.3713907 0.7427814 0.5570860
vn 0.3713907 -0.7427814 -0.5570860
vn 0.3713907 -0.7427814 -0.5570860
vn 0.3713907 -0.7427814 -0.5570860
vn -0.3713907 0.7427814 0.5570860
vn -0.3713907 0.7427814 0.5570860
vn -0.3713907 0.7427814 0.5570860
vn 0.3713907 -0.7427814 -0.5570860
vn 0.3713907 -0.7427814 -0.5570860
vn 0.3713907 -0.7427814 -0.5570860
vn -0.3713907 0.7427814 0.5570860
vn -0.3713907 0.7427814 0.5570860
vn -0.3713907 0.7427814 0.5570860
vn 0.3713907 -0.7427814 -0.5570860
vn 0.3713907 -0.7427814 -0.5570860
vn 0.3713907 -0.7427814 -0.5570860
vn -0.3713907 0.7427814 0.5570860
vn -0.3713907 0.7427814 0.5570860
vn -0.3713907 0.7427814 0.5570860
vn -0.7188706 -0.6722537 0.1769181
vn -0.8320503 0.0000000 -0.5547002
vn -0.8320503 0.0000000 -0.5547002
vn -0.7188706 -0.6722537 0.1769181
vn -0.7188706 -0.6722537 0.1769181
vn -0.8320503 0.0000000 -0.5547002
vn 0.1131797 -0.6722537 0.7316183
vn -0.7188706 -0.6722537 0.1769181
vn -0.7188706 -0.6722537 0.1769181
vn 0.1131797 -0.6722537 0.7316183
vn 0.1131797 -0.6722537 0.7316183
vn -0.7188706 -0.6722537 0.1769181
vn 0.8320503 0.0000000 0.5547002
vn 0.1131797 -0.6722537 0.7316183
vn 0.1131797 -0.6722537 0.7316183
vn 0.8320503 0.0000000 0.5547002
vn 0.8320503 0.0000000 0.5547002
vn 0.1131797 -0.6722537 0.7316183
vn 0.7188706 0.6722537 -0.1769181
vn 0.8320503 0.0000000 0.5547002
vn 0.8320503 0.0000000 0.5547002
vn 0.7188706 0.6722537 -0.1769181
vn 0.7188706 0.6722537 -0.1769181
vn 0.8320503 0.0000000 0.5547002
vn -0.1131797 0.6722537 -0.7316183
vn 0.7188706 0.6722537 -0.1769181
vn 0.7188706 0.6722537 -0.1769181
vn -0.1131797 0.6722537 -0.7316183
vn -0.1131797 0.6722537 -0.7316183
vn 0.7188706 0.6722537 -0.1769181
vn -0.8320503 0.0000000 -0.5547002
vn -0.1131797 0.6722537 -0.7316183
vn -0.1131797 0.6722537 -0.7316183
vn -0.8320503 0.0000000 -0.5547002
vn -0.8320503 0.0000000 -0.5547002
vn -0.1131797 0.6722537 -0.7316183
vn 0.4305870 -0.6304231 -0.6458805
vn 0.4305870 -0.6304231 -0.6458805
vn 0.4305870 -0.6304231 -0.6458805
vn -0.4305870 0.6304231 0.6458805
vn -0.4305870 0.6304231 0.6458805
vn -0.4305870 0.6304231 0.6458805
vn 0.4305870 -0.6304231 -0.6458805
vn 0.4305870 -0.6304231 -0.6458805
vn 0.4305870 -0.6304231 -0.6458805
vn -0.4305870 0.6304231 0.6458805
vn -0.4305870 0.6304231 0.6458805
vn -0.4305870 0.6304231 0.6458805
vn 0.4305870 -0.6304231 -0.6458805
vn 0.4305870 -0.6304231 -0.6458805
vn 0.4305870 -0.6304231 -0.6458805
vn -0.4305870 0.6304231 0.6458805
vn -0.4305870 0.6304231 0.6458805
vn -0.4305870 0.6304231 0.6458805
vn 0.4305870 -0.6304231 -0.6458805
vn 0.4305870 -0.6304231 -0.6458805
vn 0.4305870 -0.6304231 -0.6458805
vn -0.4305870 0.6304231 0.6458805
vn -0.4305870 0.6304231 0.6458805
vn -0.4305870 0.6304231 0.6458805
vn -0.5529059 -0.8301246 -0.0720290
vn -0.8320503 0.0000000 -0.5547002
vn -0.8320503 0.0000000 -0.5547002
vn -0.5529059 -0.8301246 -0.0720290
vn -0.5529059 -0.8301246 -0.0720290
vn -0.8320503 0.0000000 -0.5547002
vn 0.2791444 -0.8301246 0.4826712
vn -0.5529059 -0.8301246 -0.0720290
vn -0.5529059 -0.8301246 -0.0720290
vn 0.2791444 -0.8301246 0.4826712
vn 0.2791444 -0.8301246 0.4826712
vn -0.5529059 -0.8301246 -0.0720290
vn 0.8320503 0.0000000 0.5547002
vn 0.2791444 -0.8301246 0.4826712
vn 0.2791444 -0.8301246 0.4826712
vn 0.8320503 0.0000000 0.5547002
vn 0.8320503 0.0000000 0.5547002
vn 0.2791444 -0.8301246 0.4826712
vn 0.5529059 0.8301246 0.0720290
vn 0.8320503 0.0000000 0.5547002
vn 0.8320503 0.0000000 0.5547002
vn 0.5529059 0.8301246 0.0720290
vn 0.5529059 0.8301246 0.0720290
vn 0.8320503 0.0000000 0.5547002
vn -0.2791444 0.8301246 -0.4826712
vn 0.5529059 0.8301246 0.0720290
vn 0.5529059 0.8301246 0.0720290
vn -0.2791444 0.8301246 -0.4826712
vn -0.2791444 0.8301246 -0.4826712
vn 0.5529059 0.8301246 0.0720290
vn -0.8320503 0.0000000 -0.5547002
vn -0.2791444 0.8301246 -0.4826712
vn -0.2791444 0.8301246 -0.4826712
vn -0.8320503 0.0000000 -0.5547002
vn -0.8320503 0.0000000 -0.5547002
vn -0.2791444 0.8301246 -0.4826712
vn 0.5317053 -0.2849400 -0.7975579
vn 0.5317053 -0.2849400 -0.7975579
vn 0.5317053 -0.2849400 -0.7975579
vn -0.5317053 0.2849400 0.7975579
vn -0.5317053 0.2849400 0.7975579
vn -0.5317053 0.2849400 0.7975579
vn 0.5317053 -0.2849400 -0.7975579
vn 0.5317053 -0.2849400 -0.7975579
vn 0.5317053 -0.2849400 -0.7975579
vn -0.5317053 0.2849400 0.7975579
vn -0.5317053 0.2849400 0.7975579
vn -0.5317053 0.2849400 0.7975579
vn 0.5317053 -0.2849400 -0.7975579
vn 0.5317053 -0.2849400 -0.7975579
vn 0.5317053 -0.2849400 -0.7975579
vn -0.5317053 0.2849400 0.7975579
vn -0.5317053 0.2849400 0.7975579
vn -0.5317053 0.2849400 0.7975579
vn 0.5317053 -0.2849400 -0.7975579
vn 0.5317053 -0.2849400 -0.7975579
vn 0.5317053 -0.2849400 -0.7975579
vn -0.5317053 0.2849400 0.7975579
vn -0.5317053 0.2849400 0.7975579
vn -0.5317053 0.2849400 0.7975579
vn -0.2791444 -0.8301246 -0.4826712
vn -0.8320503 0.0000000 -0.5547002
vn -0.8320503 0.0000000 -0.5547002
vn -0.2791444 -0.8301246 -0.4826712
vn -0.2791444 -0.8301246 -0.4826712
vn -0.8320503 0.0000000 -0.5547002
vn 0.5529059 -0.8301246 0.0720290
vn -0.2791444 -0.8301246 -0.4826712
vn -0.2791444 -0.8301246 -0.4826712
vn 0.5529059 -0.8301246 0.0720290
vn 0.5529059 -0.8301246 0.0720290
vn -0.2791444 -0.8301246 -0.4826712
vn 0.8320503 0.0000000 0.5547002
vn 0.5529059 -0.8301246 0.0720290
vn 0.5529059 -0.8301246 0.0720290
vn 0.8320503 0.0000000 0.5547002
vn 0.8320503 0.0000000 0.5547002
vn 0.5529059 -0.8301246 0.0720290
vn 0.2791444 0.8301246 0.4826712
vn 0.8320503 0.0000000 0.5547002
vn 0.8320503 0.0000000 0.5547002
vn 0.2791444 0.8301246 0.4826712
vn 0.2791444 0.8301246 0.4826712
vn 0.8320503 0.0000000 0.5547002
vn -0.5529059 0.8301246 -0.0720290
vn 0.2791444 0.8301246 0.4826712
vn 0.2791444 0.8301246 0.4826712
vn -0.5529059 0.8301246 -0.0720290
vn -0.5529059 0.8301246 -0.0720290
vn 0.2791444 0.8301246 0.4826712
vn -0.8320503 0.0000000 -0.5547002
vn -0.5529059 0.8301246 -0.0720290
vn -0.5529059 0.8301246 -0.0720290
vn -0.8320503 0.0000000 -0.5547002
vn -0.8320503 0.0000000 -0.5547002
vn -0.5529059 0.8301246 -0.0720290
vn 0.5317053 0.2849400 -0.7975579
vn 0.5317053 0.2849400 -0.7975579
vn 0.5317053 0.2849400 -0.7975579
vn -0.5317053 -0.2849400 0.7975579
vn -0.5317053 -0.2849400 0.7975579
vn -0.5317053 -0.2849400 0.7975579
vn 0.5317053 0.2849400 -0.7975579
vn 0.5317053 0.2849400 -0.7975579
vn 0.5317053 0.2849400 -0.7975579
vn -0.5317053 -0.2849400 0.7975579
vn -0.5317053 -0.2849400 0.7975579
vn -0.5317053 -0.2849400 0.7975579
vn 0.5317053 0.2849400 -0.7975579
vn 0.5317053 0.2849400 -0.7975579
vn 0.5317053 0.2849400 -0.7975579
vn -0.5317053 -0.2849400 0.7975579
vn -0.5317053 -0.2849400 0.7975579
vn -0.5317053 -0.2849400 0.7975579
vn 0.5317053 0.2849400 -0.7975579
vn 0.5317053 0.2849400 -0.7975579
vn 0.5317053 0.2849400 -0.7975579
vn -0.5317053 -0.2849400 0.7975579
vn -0.5317053 -0.2849400 0.7975579
vn -0.5317053 -0.2849400 0.7975579
vn -0.1131797 -0.6722537 -0.7316183
vn -0.8320503 0.0000000 -0.5547002
vn -0.8320503 0.0000000 -0.5547002
vn -0.1131797 -0.6722537 -0.7316183
vn -0.1131797 -0.6722537 -0.7316183
vn -0.8320503 0.0000000 -0.5547002
vn 0.7188706 -0.6722537 -0.1769181
vn -0.1131797 -0.6722537 -0.7316183
vn -0.1131797 -0.6722537 -0.7316183
vn 0.7188706 -0.6722537 -0.1769181
vn 0.7188706 -0.6722537 -0.1769181
vn -0.1131797 -0.6722537 -0.7316183
vn 0.8320503 0.0000000 0.5547002
vn 0.7188706 -0.6722537 -0.1769181
vn 0.7188706 -0.6722537 -0.1769181
vn 0.8320503 0.0000000 0.5547002
vn 0.8320503 0.0000000 0.5547002
vn 0.7188706 -0.6722537 -0.1769181
vn 0.1131797 0.6722537 0.7316183
vn 0.8320503 0.0000000 0.5547002
vn 0.8320503 0.0000000 0.5547002
vn 0.1131797 0.6722537 0.7316183
vn 0.1131797 0.6722537 0.7316183
vn 0.8320503 0.0000000 0.5547002
vn -0.7188706 0.6722537 0.1769181
vn 0.1131797 0.6722537 0.7316183
vn 0.1131797 0.6722537 0.7316183
vn -0.7188706 0.6722537 0.1769181
vn -0.7188706 0.6722537 0.1769181
vn 0.1131797 0.6722537 0.7316183
vn -0.8320503 0.0000000 -0.5547002
vn -0.7188706 0.6722537 0.1769181
vn -0.7188706 0.6722537 0.1769181
vn -0.8320503 0.0000000 -0.5547002
vn -0.8320503 0.0000000 -0.5547002
vn -0.7188706 0.6722537 0.1769181
vn 0.4305870 0.6304231 -0.6458805
vn 0.4305870 0.6304231 -0.6458805
vn 0.4305870 0.6304231 -0.6458805
vn -0.4305870 -0.6304231 0.6458805
vn -0.4305870 -0.6304231 0.6458805
vn -0.4305870 -0.6304231 0.6458805
vn 0.4305870 0.6304231 -0.6458805
vn 0.4305870 0.6304231 -0.6458805
vn 0.4305870 0.6304231 -0.6458805
vn -0.4305870 -0.6304231 0.6458805
vn -0.4305870 -0.6304231 0.6458805
vn -0.4305870 -0.6304231 0.6458805
vn 0.4305870 0.6304231 -0.6458805
vn 0.4305870 0.6304231 -0.6458805
vn 0.4305870 0.6304231 -0.6458805
vn -0.4305870 -0.6304231 0.6458805
vn -0.4305870 -0.6304231 0.6458805
vn -0.4305870 -0.6304231 0.6458805
vn 0.4305870 0.6304231 -0.6458805
vn 0.4305870 0.6304231 -0.6458805
vn 0.4305870 0.6304231 -0.6458805
vn -0.4305870 -0.6304231 0.6458805
vn -0.4305870 -0.6304231 0.6458805
vn -0.4305870 -0.6304231 0.6458805
vn -0.0592045 -0.5798335 -0.8125810
vn -0.8320503 0.0000000 -0.5547002
vn -0.8320503 0.0000000 -0.5547002
vn -0.0592045 -0.5798335 -0.8125810
vn -0.0592045 -0.5798335 -0.8125810
vn -0.8320503 0.0000000 -0.5547002
vn 0.7728458 -0.5798335 -0.2578808
vn -0.0592045 -0.5798335 -0.8125810
vn -0.0592045 -0.5798335 -0.8125810
vn 0.7728458 -0.5798335 -0.2578808
vn 0.7728458 -0.5798335 -0.2578808
vn -0.0592045 -0.5798335 -0.8125810
vn 0.8320503 0.0000000 0.5547002
vn 0.7728458 -0.5798335 -0.2578808
vn 0.7728458 -0.5798335 -0.2578808
vn 0.8320503 0.0000000 0.5547002
vn 0.8320503 0.0000000 0.5547002
vn 0.7728458 -0.5798335 -0.2578808
vn 0.0592045 0.5798335 0.8125810
vn 0.8320503 0.0000000 0.5547002
vn 0.8320503 0.0000000 0.5547002
vn 0.0592045 0.5798335 0.8125810
vn 0.0592045 0.5798335 0.8125810
vn 0.8320503 0.0000000 0.5547002
vn -0.7728458 0.5798335 0.2578808
vn 0.0592045 0.5798335 0.8125810
vn 0.0592045 0.5798335 0.8125810
vn -0.7728458 0.5798335 0.2578808
vn -0.7728458 0.5798335 0.2578808
vn 0.0592045 0.5798335 0.8125810
vn -0.8320503 0.0000000 -0.5547002
vn -0.7728458 0.5798335 0.2578808
vn -0.7728458 0.5798335 0.2578808
vn -0.8320503 0.0000000 -0.5547002
vn -0.8320503 0.0000000 -0.5547002
vn -0.7728458 0.5798335 0.2578808
vn 0.3713907 0.7427814 -0.5570860
vn 0.3713907 0.7427814 -0.5570860
vn 0.3713907 0.7427814 -0.5570860
vn -0.3713907 -0.7427814 0.5570860
vn -0.3713907 -0.7427814 0.5570860
vn -0.3713907 -0.7427814 0.5570860
vn 0.3713907 0.7427814 -0.5570860
vn 0.3713907 0.7427814 -0.5570860
vn 0.3713907 0.7427814 -0.5570860
vn -0.3713907 -0.7427814 0.5570860
vn -0.3713907 -0.7427814 0.5570860
vn -0.3713907 -0.7427814 0.5570860
vn 0.3713907 0.7427814 -0.5570860
vn 0.3713907 0.7427814 -0.5570860
vn 0.3713907 0.7427814 -0.5570860
vn -0.3713907 -0.7427814 0.5570860
vn -0.3713907 -0.7427814 0.5570860
vn -0.3713907 -0.7427814 0.5570860
vn 0.3713907 0.7427814 -0.5570860
vn 0.3713907 0.7427814 -0.5570860
vn 0.3713907 0.7427814 -0.5570860
vn -0.3713907 -0.7427814 0.5570860
vn -0.3713907 -0.7427814 0.5570860
vn -0.3713907 -0.7427814 0.5570860
vn -0.5073025 -0.8504047 0.1394851
vn -0.9988407 0.0000000 -0.0481369
vn -0.9988407 0.0000000 -0.0481369
vn -0.5073025 -0.8504047 0.1394851
vn -0.5073025 -0.8504047 0.1394851
vn -0.9988407 0.0000000 -0.0481369
vn 0.4915383 -0.8504047 0.1876220
vn -0.5073025 -0.8504047 0.1394851
vn -0.5073025 -0.8504047 0.1394851
vn 0.4915383 -0.8504047 0.1876220
vn 0.4915383 -0.8504047 0.1876220
vn -0.5073025 -0.8504047 0.1394851
vn 0.9988407 0.0000000 0.0481369
vn 0.4915383 -0.8504047 0.1876220
vn 0.4915383 -0.8504047 0.1876220
vn 0.9988407 0.0000000 0.0481369
vn 0.9988407 0.0000000 0.0481369
vn 0.4915383 -0.8504047 0.1876220
vn 0.5073025 0.8504047 -0.1394851
vn 0.9988407 0.0000000 0.0481369
vn 0.9988407 0.0000000 0.0481369
vn 0.5073025 0.8504047 -0.1394851
vn 0.5073025 0.8504047 -0.1394851
vn 0.9988407 0.0000000 0.0481369
vn -0.4915383 0.8504047 -0.1876220
vn 0.5073025 0.8504047 -0.1394851
vn 0.5073025 0.8504047 -0.1394851
vn -0.4915383 0.8504047 -0.1876220
vn -0.4915383 0.8504047 -0.1876220
vn 0.5073025 0.8504047 -0.1394851
vn -0.9988407 0.0000000 -0.0481369
vn -0.4915383 0.8504047 -0.1876220
vn -0.4915383 0.8504047 -0.1876220
vn -0.9988407 0.0000000 -0.0481369
vn -0.9988407 0.0000000 -0.0481369
vn -0.4915383 0.8504047 -0.1876220
vn 0.0472686 -0.1890746 -0.9808244
vn 0.0472686 -0.1890746 -0.9808244
vn 0.0472686 -0.1890746 -0.9808244
vn -0.0472686 0.1890746 0.9808244
vn -0.0472686 0.1890746 0.9808244
vn -0.0472686 0.1890746 0.9808244
vn 0.0472686 -0.1890746 -0.9808244
vn 0.0472686 -0.1890746 -0.9808244
vn 0.0472686 -0.1890746 -0.9808244
vn -0.0472686 0.1890746 0.9808244
vn -0.0472686 0.1890746 0.9808244
vn -0.0472686 0.1890746 0.9808244
vn 0.0472686 -0.1890746 -0.9808244
vn 0.0472686 -0.1890746 -0.9808244
vn 0.0472686 -0.1890746 -0.9808244
vn -0.0472686 0.1890746 0.9808244
vn -0.0472686 0.1890746 0.9808244
vn -0.0472686 0.1890746 0.9808244
vn 0.0472686 -0.1890746 -0.9808244
vn 0.0472686 -0.1890746 -0.9808244
vn 0.0472686 -0.1890746 -0.9808244
vn -0.0472686 0.1890746 0.9808244
vn -0.0472686 0.1890746 0.9808244
vn -0.0472686 0.1890746 0.9808244
vn -0.5052389 -0.8575483 0.0966668
vn -0.9988407 0.0000000 -0.0481369
vn -0.9988407 0.0000000 -0.0481369
vn -0.5052389 -0.8575483 0.0966668
vn -0.5052389 -0.8575483 0.0966668
vn -0.9988407 0.0000000 -0.0481369
vn 0.4936018 -0.8575483 0.1448037
vn -0.5052389 -0.8575483 0.0966668
vn -0.5052389 -0.8575483 0.0966668
vn 0.4936018 -0.8575483 0.1448037
vn 0.4936018 -0.8575483 0.1448037
vn -0.5052389 -0.8575483 0.0966668
vn 0.9988407 0.0000000 0.0481369
vn 0.4936018 -0.8575483 0.1448037
vn 0.4936018 -0.8575483 0.1448037
vn 0.9988407 0.0000000 0.0481369
vn 0.9988407 0.0000000 0.0481369
vn 0.4936018 -0.8575483 0.1448037
vn 0.5052389 0.8575483 -0.0966668
vn 0.9988407 0.0000000 0.0481369
vn 0.9988407 0.0000000 0.0481369
vn 0.5052389 0.8575483 -0.0966668
vn 0.5052389 0.8575483 -0.0966668
vn 0.9988407 0.0000000 0.0481369
vn -0.4936018 0.8575483 -0.1448037
vn 0.5052389 0.8575483 -0.0966668
vn 0.5052389 0.8575483 -0.0966668
vn -0.4936018 0.8575483 -0.1448037
vn -0.4936018 0.8575483 -0.1448037
vn 0.5052389 0.8575483 -0.0966668
vn -0.9988407 0.0000000 -0.0481369
vn -0.4936018 0.8575483 -0.1448037
vn -0.4936018 0.8575483 -0.1448037
vn -0.9988407 0.0000000 -0.0481369
vn -0.9988407 0.0000000 -0.0481369
vn -0.4936018 0.8575483 -0.1448037
vn 0.0476657 -0.1395749 -0.9890636
vn 0.0476657 -0.1395749 -0.9890636
vn 0.0476657 -0.1395749 -0.9890636
vn -0.0476657 0.1395749 0.9890636
vn -0.0476657 0.1395749 0.9890636
vn -0.0476657 0.1395749 0.9890636
vn 0.0476657 -0.1395749 -0.9890636
vn 0.0476657 -0.1395749 -0.9890636
vn 0.0476657 -0.1395749 -0.9890636
vn -0.0476657 0.1395749 0.9890636
vn -0.0476657 0.1395749 0.9890636
vn -0.0476657 0.1395749 0.9890636
vn 0.0476657 -0.1395749 -0.9890636
vn 0.0476657 -0.1395749 -0.9890636
vn 0.0476657 -0.1395749 -0.9890636
vn -0.0476657 0.1395749 0.9890636
vn -0.0476657 0.1395749 0.9890636
vn -0.0476657 0.1395749 0.9890636
vn 0.0476657 -0.1395749 -0.9890636
vn 0.0476657 -0.1395749 -0.9890636
vn 0.0476657 -0.1395749 -0.9890636
vn -0.0476657 0.1395749 0.9890636
vn -0.0476657 0.1395749 0.9890636
vn -0.0476657 0.1395749 0.9890636
vn -0.5015683 -0.8648751 0.0205013
vn -0.9988407 0.0000000 -0.0481369
vn -0.9988407 0.0000000 -0.0481369
vn -0.5015683 -0.8648751 0.0205013
vn -0.5015683 -0.8648751 0.0205013
vn -0.9988407 0.0000000 -0.0481369
vn 0.4972724 -0.8648751 0.0686382
vn -0.5015683 -0.8648751 0.0205013
vn -0.5015683 -0.8648751 0.0205013
vn 0.4972724 -0.8648751 0.0686382
vn 0.4972724 -0.8648751 0.0686382
vn -0.5015683 -0.8648751 0.0205013
vn 0.9988407 0.0000000 0.0481369
vn 0.4972724 -0.8648751 0.0686382
vn 0.4972724 -0.8648751 0.0686382
vn 0.9988407 0.0000000 0.0481369
vn 0.9988407 0.0000000 0.0481369
vn 0.4972724 -0.8648751 0.0686382
vn 0.5015683 0.8648751 -0.0205013
vn 0.9988407 0.0000000 0.0481369
vn 0.9988407 0.0000000 0.0481369
vn 0.5015683 0.8648751 -0.0205013
vn 0.5015683 0.8648751 -0.0205013
vn 0.9988407 0.0000000 0.0481369
vn -0.4972724 0.8648751 -0.0686382
vn 0.5015683 0.8648751 -0.0205013
vn 0.5015683 0.8648751 -0.0205013
vn -0.4972724 0.8648751 -0.0686382
vn -0.4972724 0.8648751 -0.0686382
vn 0.5015683 0.8648751 -0.0205013
vn -0.9988407 0.0000000 -0.0481369
vn -0.4972724 0.8648751 -0.0686382
vn -0.4972724 0.8648751 -0.0686382
vn -0.9988407 0.0000000 -0.0481369
vn -0.9988407 0.0000000 -0.0481369
vn -0.4972724 0.8648751 -0.0686382
vn 0.0480730 -0.0515244 -0.9975140
vn 0.0480730 -0.0515244 -0.9975140
vn 0.0480730 -0.0515244 -0.9975140
vn -0.0480730 0.0515244 0.9975140
vn -0.0480730 0.0515244 0.9975140
vn -0.0480730 0.0515244 0.9975140
vn 0.0480730 -0.0515244 -0.9975140
vn 0.0480730 -0.0515244 -0.9975140
vn 0.0480730 -0.0515244 -0.9975140
vn -0.0480730 0.0515244 0.9975140
vn -0.0480730 0.0515244 0.9975140
vn -0.0480730 0.0515244 0.9975140
vn 0.0480730 -0.0515244 -0.9975140
vn 0.0480730 -0.0515244 -0.9975140
vn 0.0480730 -0.0515244 -0.9975140
vn -0.0480730 0.0515244 0.9975140
vn -0.0480730 0.0515244 0.9975140
vn -0.0480730 0.0515244 0.9975140
vn 0.0480730 -0.0515244 -0.9975140
vn 0.0480730 -0.0515244 -0.9975140
vn 0.0480730 -0.0515244 -0.9975140
vn -0.0480730 0.0515244 0.9975140
vn -0.0480730 0.0515244 0.9975140
vn -0.0480730 0.0515244 0.9975140
vn -0.4972724 -0.8648751 -0.0686382
vn -0.9988407 0.0000000 -0.0481369
vn -0.9988407 0.0000000 -0.0481369
vn -0.4972724 -0.8648751 -0.0686382
vn -0.4972724 -0.8648751 -0.0686382
vn -0.9988407 0.0000000 -0.0481369
vn 0.5015683 -0.8648751 -0.0205013
vn -0.4972724 -0.8648751 -0.0686382
vn -0.4972724 -0.8648751 -0.0686382
vn 0.5015683 -0.8648751 -0.0205013
vn 0.5015683 -0.8648751 -0.0205013
vn -0.4972724 -0.8648751 -0.0686382
vn 0.9988407 0.0000000 0.0481369
vn 0.5015683 -0.8648751 -0.0205013
vn 0.5015683 -0.8648751 -0.0205013
vn 0.9988407 0.0000000 0.0481369
vn 0.9988407 0.0000000 0.0481369
vn 0.5015683 -0.8648751 -0.0205013
vn 0.4972724 0.8648751 0.0686382
vn 0.9988407 0.0000000 0.0481369
vn 0.9988407 0.0000000 0.0481369
vn 0.4972724 0.8648751 0.0686382
vn 0.4972724 0.8648751 0.0686382
vn 0.9988407 0.0000000 0.0481369
vn -0.5015683 0.8648751 0.0205013
vn 0.4972724 0.8648751 0.0686382
vn 0.4972724 0.8648751 0.0686382
vn -0.5015683 0.8648751 0.0205013
vn -0.5015683 0.8648751 0.0205013
vn 0.4972724 0.8648751 0.0686382
vn -0.9988407 0.0000000 -0.0481369
vn -0.5015683 0.8648751 0.0205013
vn -0.5015683 0.8648751 0.0205013
vn -0.9988407 0.0000000 -0.0481369
vn -0.9988407 0.0000000 -0.0481369
vn -0.5015683 0.8648751 0.0205013
vn 0.0480730 0.0515244 -0.9975140
vn 0.0480730 0.0515244 -0.9975140
vn 0.0480730 0.0515244 -0.9975140
vn -0.0480730 -0.0515244 0.9975140
vn -0.0480730 -0.0515244 0.9975140
vn -0.0480730 -0.0515244 0.9975140
vn 0.0480730 0.0515244 -0.9975140
vn 0.0480730 0.0515244 -0.9975140
vn 0.0480730 0.0515244 -0.9975140
vn -0.0480730 -0.0515244 0.9975140
vn -0.0480730 -0.0515244 0.9975140
vn -0.0480730 -0.0515244 0.9975140
vn 0.0480730 0.0515244 -0.9975140
vn 0.0480730 0.0515244 -0.9975140
vn 0.0480730 0.0515244 -0.9975140
vn -0.0480730 -0.0515244 0.9975140
vn -0.0480730 -0.0515244 0.9975140
vn -0.0480730 -0.0515244 0.9975140
vn 0.0480730 0.0515244 -0.9975140
vn 0.0480730 0.0515244 -0.9975140
vn 0.0480730 0.0515244 -0.9975140
vn -0.0480730 -0.0515244 0.9975140
vn -0.0480730 -0.0515244 0.9975140
vn -0.0480730 -0.0515244 0.9975140
vn -0.4936018 -0.8575483 -0.1448037
vn -0.9988407 0.0000000 -0.0481369
vn -0.9988407 0.0000000 -0.0481369
vn -0.4936018 -0.8575483 -0.1448037
vn -0.4936018 -0.8575483 -0.1448037
vn -0.9988407 0.0000000 -0.0481369
vn 0.5052389 -0.8575483 -0.0966668
vn -0.4936018 -0.8575483 -0.1448037
vn -0.4936018 -0.8575483 -0.1448037
vn 0.5052389 -0.8575483 -0.0966668
vn 0.5052389 -0.8575483 -0.0966668
vn -0.4936018 -0.8575483 -0.1448037
vn 0.9988407 0.0000000 0.0481369
vn 0.5052389 -0.8575483 -0.0966668
vn 0.5052389 -0.8575483 -0.0966668
vn 0.9988407 0.0000000 0.0481369
vn 0.9988407 0.0000000 0.0481369
vn 0.5052389 -0.8575483 -0.0966668
vn 0.4936018 0.8575483 0.1448037
vn 0.9988407 0.0000000 0.0481369
vn 0.9988407 0.0000000 0.0481369
vn 0.4936018 0.8575483 0.1448037
vn 0.4936018 0.8575483 0.1448037
vn 0.9988407 0.0000000 0.0481369
vn -0.5052389 0.8575483 0.0966668
vn 0.4936018 0.8575483 0.1448037
vn 0.4936018 0.8575483 0.1448037
vn -0.5052389 0.8575483 0.0966668
vn -0.5052389 0.8575483 0.0966668
vn 0.4936018 0.8575483 0.1448037
vn -0.9988407 0.0000000 -0.0481369
vn -0.5052389 0.8575483 0.0966668
vn -0.5052389 0.8575483 0.0966668
vn -0.9988407 0.0000000 -0.0481369
vn -0.9988407 0.0000000 -0.0481369
vn -0.5052389 0.8575483 0.0966668
vn 0.0476657 0.1395749 -0.9890636
vn 0.0476657 0.1395749 -0.9890636
vn 0.0476657 0.1395749 -0.9890636
vn -0.0476657 -0.1395749 0.9890636
vn -0.0476657 -0.1395749 0.9890636
vn -0.0476657 -0.1395749 0.9890636
vn 0.0476657 0.1395749 -0.9890636
vn 0.0476657 0.1395749 -0.9890636
vn 0.0476657 0.1395749 -0.9890636
vn -0.0476657 -0.1395749 0.9890636
vn -0.0476657 -0.1395749 0.9890636
vn -0.0476657 -0.1395749 0.9890636
vn 0.0476657 0.1395749 -0.9890636
vn 0.0476657 0.1395749 -0.9890636
vn 0.0476657 0.1395749 -0.9890636
vn -0.0476657 -0.1395749 0.9890636
vn -0.0476657 -0.1395749 0.9890636
vn -0.0476657 -0.1395749 0.9890636
vn 0.0476657 0.1395749 -0.9890636
vn 0.0476657 0.1395749 -0.9890636
vn 0.0476657 0.1395749 -0.9890636
vn -0.0476657 -0.1395749 0.9890636
vn -0.0476657 -0.1395749 0.9890636
vn -0.0476657 -0.1395749 0.9890636
vn -0.4915383 -0.8504047 -0.1876220
vn -0.9988407 0.0000000 -0.0481369
vn -0.9988407 0.0000000 -0.0481369
vn -0.4915383 -0.8504047 -0.1876220
vn -0.4915383 -0.8504047 -0.1876220
vn -0.9988407 0.0000000 -0.0481369
vn 0.5073025 -0.8504047 -0.1394851
vn -0.4915383 -0.8504047 -0.1876220
vn -0.4915383 -0.8504047 -0.1876220
vn 0.5073025 -0.8504047 -0.1394851
vn 0.5073025 -0.8504047 -0.1394851
vn -0.4915383 -0.8504047 -0.1876220
vn 0.9988407 0.0000000 0.0481369
vn 0.5073025 -0.8504047 -0.1394851
vn 0.5073025 -0.8504047 -0.1394851
vn 0.9988407 0.0000000 0.0481369
vn 0.9988407 0.0000000 0.0481369
vn 0.5073025 -0.8504047 -0.1394851
vn 0.4915383 0.8504047 0.1876220
vn 0.9988407 0.0000000 0.0481369
vn 0.9988407 0.0000000 0.0481369
vn 0.4915383 0.8504047 0.1876220
vn 0.4915383 0.8504047 0.1876220
vn 0.9988407 0.0000000 0.0481369
vn -0.5073025 0.8504047 0.1394851
vn 0.4915383 0.8504047 0.1876220
vn 0.4915383 0.8504047 0.1876220
vn -0.5073025 0.8504047 0.1394851
vn -0.5073025 0.8504047 0.1394851
vn 0.4915383 0.8504047 0.1876220
vn -0.9988407 0.0000000 -0.0481369
vn -0.5073025 0.8504047 0.1394851
vn -0.5073025 0.8504047 0.1394851
vn -0.9988407 0.0000000 -0.0481369
vn -0.9988407 0.0000000 -0.0481369
vn -0.5073025 0.8504047 0.1394851
vn 0.0472686 0.1890746 -0.9808244
vn 0.0472686 0.1890746 -0.9808244
vn 0.0472686 0.1890746 -0.9808244
vn -0.0472686 -0.1890746 0.9808244
vn -0.0472686 -0.1890746 0.9808244
vn -0.0472686 -0.1890746 0.9808244
vn 0.0472686 0.1890746 -0.9808244
vn 0.0472686 0.1890746 -0.9808244
vn 0.0472686 0.1890746 -0.9808244
vn -0.0472686 -0.1890746 0.9808244
vn -0.0472686 -0.1890746 0.9808244
vn -0.0472686 -0.1890746 0.9808244
vn 0.0472686 0.1890746 -0.9808244
vn 0.0472686 0.1890746 -0.9808244
vn 0.0472686 0.1890746 -0.9808244
vn -0.0472686 -0.1890746 0.9808244
vn -0.0472686 -0.1890746 0.9808244
vn -0.0472686 -0.1890746 0.9808244
vn 0.0472686 0.1890746 -0.9808244
vn 0.0472686 0.1890746 -0.9808244
vn 0.0472686 0.1890746 -0.9808244
vn -0.0472686 -0.1890746 0.9808244
vn -0.0472686 -0.1890746 0.9808244
vn -0.0472686 -0.1890746 0.9808244
vn -0.5000000 -0.8564440 0.1284666
vn -1.0000000 0.0000000 0.0000000
vn -1.0000000 0.0000000 0.0000000
vn -0.5000000 -0.8564440 0.1284666
vn -0.5000000 -0.8564440 0.1284666
vn -1.0000000 0.0000000 0.0000000
vn 0.5000000 -0.8564440 0.1284666
vn -0.5000000 -0.8564440 0.1284666
vn -0.5000000 -0.8564440 0.1284666
vn 0.5000000 -0.8564440 0.1284666
vn 0.5000000 -0.8564440 0.1284666
vn -0.5000000 -0.8564440 0.1284666
vn 1.0000000 0.0000000 0.0000000
vn 0.5000000 -0.8564440 0.1284666
vn 0.5000000 -0.8564440 0.1284666
vn 1.0000000 0.0000000 0.0000000
vn 1.0000000 0.0000000 0.0000000
vn 0.5000000 -0.8564440 0.1284666
vn 0.5000000 0.8564440 -0.1284666
vn 1.0000000 0.0000000 0.0000000
vn 1.0000000 0.0000000 0.0000000
vn 0.5000000 0.8564440 -0.1284666
vn 0.5000000 0.8564440 -0.1284666
vn 1.0000000 0.0000000 0.0000000
vn -0.5000000 0.8564440 -0.1284666
vn 0.5000000 0.8564440 -0.1284666
vn 0.5000000 0.8564440 -0.1284666
vn -0.5000000 0.8564440 -0.1284666
vn -0.5000000 0.8564440 -0.1284666
vn 0.5000000 0.8564440 -0.1284666
vn -1.0000000 0.0000000 0.0000000
vn -0.5000000 0.8564440 -0.1284666
vn -0.5000000 0.8564440 -0.1284666
vn -1.0000000 0.0000000 0.0000000
vn -1.0000000 0.0000000 0.0000000
vn -0.5000000 0.8564440 -0.1284666
vn 0.0000000 -0.1483405 -0.9889364
vn 0.0000000 -0.1483405 -0.9889364
vn 0.0000000 -0.1483405 -0.9889364
vn 0.0000000 0.1483405 0.9889364
vn 0.0000000 0.1483405 0.9889364
vn 0.0000000 0.1483405 0.9889364
vn 0.0000000 -0.1483405 -0.9889364
vn 0.0000000 -0.1483405 -0.9889364
vn 0.0000000 -0.1483405 -0.9889364
vn -0.0000000 0.1483405 0.9889364
vn -0.0000000 0.1483405 0.9889364
vn -0.0000000 0.1483405 0.9889364
vn 0.0000000 -0.1483405 -0.9889364
vn 0.0000000 -0.1483405 -0.9889364
vn 0.0000000 -0.1483405 -0.9889364
vn -0.0000000 0.1483405 0.9889364
vn -0.0000000 0.1483405 0.9889364
vn -0.0000000 0.1483405 0.9889364
vn 0.0000000 -0.1483405 -0.9889364
vn 0.0000000 -0.1483405 -0.9889364
vn 0.0000000 -0.1483405 -0.9889364
vn 0.0000000 0.1483405 0.9889364
vn 0.0000000 0.1483405 0.9889364
vn 0.0000000 0.1483405 0.9889364
vn -0.5000000 -0.8608510 0.0945280
vn -1.0000000 0.0000000 -0.0000000
vn -1.0000000 0.0000000 0.0000000
vn -0.5000000 -0.8608510 0.0945280
vn -0.5000000 -0.8608510 0.0945280
vn -1.0000000 0.0000000 0.0000000
vn 0.5000000 -0.8608510 0.0945280
vn -0.5000000 -0.8608510 0.0945280
vn -0.5000000 -0.8608510 0.0945280
vn 0.5000000 -0.8608510 0.0945280
vn 0.5000000 -0.8608510 0.0945280
vn -0.5000000 -0.8608510 0.0945280
vn 1.0000000 0.0000000 -0.0000000
vn 0.5000000 -0.8608510 0.0945280
vn 0.5000000 -0.8608510 0.0945280
vn 1.0000000 0.0000000 0.0000000
vn 1.0000000 0.0000000 -0.0000000
vn 0.5000000 -0.8608510 0.0945280
vn 0.5000000 0.8608510 -0.0945280
vn 1.0000000 0.0000000 -0.0000000
vn 1.0000000 0.0000000 0.0000000
vn 0.5000000 0.8608510 -0.0945280
vn 0.5000000 0.8608510 -0.0945280
vn 1.0000000 0.0000000 0.0000000
vn -0.5000000 0.8608510 -0.0945280
vn 0.5000000 0.8608510 -0.0945280
vn 0.5000000 0.8608510 -0.0945280
vn -0.5000000 0.8608510 -0.0945280
vn -0.5000000 0.8608510 -0.0945280
vn 0.5000000 0.8608510 -0.0945280
vn -1.0000000 0.0000000 -0.0000000
vn -0.5000000 0.8608510 -0.0945280
vn -0.5000000 0.8608510 -0.0945280
vn -1.0000000 0.0000000 0.0000000
vn -1.0000000 0.0000000 -0.0000000
vn -0.5000000 0.8608510 -0.0945280
vn 0.0000000 -0.1091515 -0.9940251
vn 0.0000000 -0.1091515 -0.9940251
vn 0.0000000 -0.1091515 -0.9940251
vn 0.0000000 0.1091515 0.9940251
vn 0.0000000 0.1091515 0.9940251
vn 0.0000000 0.1091515 0.9940251
vn 0.0000000 -0.1091515 -0.9940251
vn 0.0000000 -0.1091515 -0.9940251
vn 0.0000000 -0.1091515 -0.9940251
vn -0.0000000 0.1091515 0.9940251
vn -0.0000000 0.1091515 0.9940251
vn -0.0000000 0.1091515 0.9940251
vn 0.0000000 -0.1091515 -0.9940251
vn 0.0000000 -0.1091515 -0.9940251
vn 0.0000000 -0.1091515 -0.9940251
vn -0.0000000 0.1091515 0.9940251
vn -0.0000000 0.1091515 0.9940251
vn -0.0000000 0.1091515 0.9940251
vn 0.0000000 -0.1091515 -0.9940251
vn 0.0000000 -0.1091515 -0.9940251
vn 0.0000000 -0.1091515 -0.9940251
vn 0.0000000 0.1091515 0.9940251
vn 0.0000000 0.1091515 0.9940251
vn 0.0000000 0.1091515 0.9940251
vn -0.5000000 -0.8653267 0.0347795
vn -1.0000000 0.0000000 -0.0000000
vn -1.0000000 0.0000000 -0.0000000
vn -0.5000000 -0.8653267 0.0347795
vn -0.5000000 -0.8653267 0.0347795
vn -1.0000000 0.0000000 -0.0000000
vn 0.5000000 -0.8653267 0.0347795
vn -0.5000000 -0.8653267 0.0347795
vn -0.5000000 -0.8653267 0.0347795
vn 0.5000000 -0.8653267 0.0347795
vn 0.5000000 -0.8653267 0.0347795
vn -0.5000000 -0.8653267 0.0347795
vn 1.0000000 0.0000000 0.0000000
vn 0.5000000 -0.8653267 0.0347795
vn 0.5000000 -0.8653267 0.0347795
vn 1.0000000 0.0000000 -0.0000000
vn 1.0000000 0.0000000 0.0000000
vn 0.5000000 -0.8653267 0.0347795
vn 0.5000000 0.8653267 -0.0347795
vn 1.0000000 0.0000000 0.0000000
vn 1.0000000 0.0000000 -0.0000000
vn 0.5000000 0.8653267 -0.0347795
vn 0.5000000 0.8653267 -0.0347795
vn 1.0000000 0.0000000 -0.0000000
vn -0.5000000 0.8653267 -0.0347795
vn 0.5000000 0.8653267 -0.0347795
vn 0.5000000 0.8653267 -0.0347795
vn -0.5000000 0.8653267 -0.0347795
vn -0.5000000 0.8653267 -0.0347795
vn 0.5000000 0.8653267 -0.0347795
vn -1.0000000 0.0000000 -0.0000000
vn -0.5000000 0.8653267 -0.0347795
vn -0.5000000 0.8653267 -0.0347795
vn -1.0000000 0.0000000 -0.0000000
vn -1.0000000 0.0000000 -0.0000000
vn -0.5000000 0.8653267 -0.0347795
vn 0.0000000 -0.0401600 -0.9991933
vn 0.0000000 -0.0401600 -0.9991933
vn 0.0000000 -0.0401600 -0.9991933
vn 0.0000000 0.0401600 0.9991933
vn 0.0000000 0.0401600 0.9991933
vn 0.0000000 0.0401600 0.9991933
vn 0.0000000 -0.0401600 -0.9991933
vn 0.0000000 -0.0401600 -0.9991933
vn 0.0000000 -0.0401600 -0.9991933
vn -0.0000000 0.0401600 0.9991933
vn -0.0000000 0.0401600 0.9991933
vn -0.0000000 0.0401600 0.9991933
vn 0.0000000 -0.0401600 -0.9991933
vn 0.0000000 -0.0401600 -0.9991933
vn 0.0000000 -0.0401600 -0.9991933
vn -0.0000000 0.0401600 0.9991933
vn -0.0000000 0.0401600 0.9991933
vn -0.0000000 0.0401600 0.9991933
vn -0.0000000 -0.0401600 -0.9991933
vn -0.0000000 -0.0401600 -0.9991933
vn -0.0000000 -0.0401600 -0.9991933
vn -0.0000000 0.0401600 0.9991933
vn -0.0000000 0.0401600 0.9991933
vn -0.0000000 0.0401600 0.9991933
vn -0.5000000 -0.8653267 -0.0347795
vn -1.0000000 0.0000000 0.0000000
vn -1.0000000 0.0000000 0.0000000
vn -0.5000000 -0.8653267 -0.0347795
vn -0.5000000 -0.8653267 -0.0347795
vn -1.0000000 0.0000000 0.0000000
vn 0.5000000 -0.8653267 -0.0347795
vn -0.5000000 -0.8653267 -0.0347795
vn -0.5000000 -0.8653267 -0.0347795
vn 0.5000000 -0.8653267 -0.0347795
vn 0.5000000 -0.8653267 -0.0347795
vn -0.5000000 -0.8653267 -0.0347795
vn 1.0000000 0.0000000 0.0000000
vn 0.5000000 -0.8653267 -0.0347795
vn 0.5000000 -0.8653267 -0.0347795
vn 1.0000000 0.0000000 -0.0000000
vn 1.0000000 0.0000000 0.0000000
vn 0.5000000 -0.8653267 -0.0347795
vn 0.5000000 0.8653267 0.0347795
vn 1.0000000 0.0000000 0.0000000
vn 1.0000000 0.0000000 -0.0000000
vn 0.5000000 0.8653267 0.0347795
vn 0.5000000 0.8653267 0.0347795
vn 1.0000000 0.0000000 -0.0000000
vn -0.5000000 0.8653267 0.0347795
vn 0.5000000 0.8653267 0.0347795
vn 0.5000000 0.8653267 0.0347795
vn -0.5000000 0.8653267 0.0347795
vn -0.5000000 0.8653267 0.0347795
vn 0.5000000 0.8653267 0.0347795
vn -1.0000000 0.0000000 0.0000000
vn -0.5000000 0.8653267 0.0347795
vn -0.5000000 0.8653267 0.0347795
vn -1.0000000 0.0000000 0.0000000
vn -1.0000000 0.0000000 0.0000000
vn -0.5000000 0.8653267 0.0347795
vn 0.0000000 0.0401600 -0.9991933
vn 0.0000000 0.0401600 -0.9991933
vn 0.0000000 0.0401600 -0.9991933
vn 0.0000000 -0.0401600 0.9991933
vn 0.0000000 -0.0401600 0.9991933
vn 0.0000000 -0.0401600 0.9991933
vn -0.0000000 0.0401600 -0.9991933
vn -0.0000000 0.0401600 -0.9991933
vn -0.0000000 0.0401600 -0.9991933
vn 0.0000000 -0.0401600 0.9991933
vn 0.0000000 -0.0401600 0.9991933
vn 0.0000000 -0.0401600 0.9991933
vn -0.0000000 0.0401600 -0.9991933
vn -0.0000000 0.0401600 -0.9991933
vn -0.0000000 0.0401600 -0.9991933
vn 0.0000000 -0.0401600 0.9991933
vn 0.0000000 -0.0401600 0.9991933
vn 0.0000000 -0.0401600 0.9991933
vn -0.0000000 0.0401600 -0.9991933
vn -0.0000000 0.0401600 -0.9991933
vn -0.0000000 0.0401600 -0.9991933
vn -0.0000000 -0.0401600 0.9991933
vn -0.0000000 -0.0401600 0.9991933
vn -0.0000000 -0.0401600 0.9991933
vn -0.5000000 -0.8608510 -0.0945280
vn -1.0000000 0.0000000 0.0000000
vn -1.0000000 0.0000000 0.0000000
vn -0.5000000 -0.8608510 -0.0945280
vn -0.5000000 -0.8608510 -0.0945280
vn -1.0000000 0.0000000 0.0000000
vn 0.5000000 -0.8608510 -0.0945280
vn -0.5000000 -0.8608510 -0.0945280
vn -0.5000000 -0.8608510 -0.0945280
vn 0.5000000 -0.8608510 -0.0945280
vn 0.5000000 -0.8608510 -0.0945280
vn -0.5000000 -0.8608510 -0.0945280
vn 1.0000000 0.0000000 0.0000000
vn 0.5000000 -0.8608510 -0.0945280
vn 0.5000000 -0.8608510 -0.0945280
vn 1.0000000 0.0000000 0.0000000
vn 1.0000000 0.0000000 0.0000000
vn 0.5000000 -0.8608510 -0.0945280
vn 0.5000000 0.8608510 0.0945280
vn 1.0000000 0.0000000 0.0000000
vn 1.0000000 0.0000000 0.0000000
vn 0.5000000 0.8608510 0.0945280
vn 0.5000000 0.8608510 0.0945280
vn 1.0000000 0.0000000 0.0000000
vn -0.5000000 0.8608510 0.0945280
vn 0.5000000 0.8608510 0.0945280
vn 0.5000000 0.8608510 0.0945280
vn -0.5000000 0.8608510 0.0945280
vn -0.5000000 0.8608510 0.0945280
vn 0.5000000 0.8608510 0.0945280
vn -1.0000000 0.0000000 0.0000000
vn -0.5000000 0.8608510 0.0945280
vn -0.5000000 0.8608510 0.0945280
vn -1.0000000 0.0000000 0.0000000
vn -1.0000000 0.0000000 0.0000000
vn -0.5000000 0.8608510 0.0945280
vn 0.0000000 0.1091515 -0.9940251
vn 0.0000000 0.1091515 -0.9940251
vn 0.0000000 0.1091515 -0.9940251
vn 0.0000000 -0.1091515 0.9940251
vn 0.0000000 -0.1091515 0.9940251
vn 0.0000000 -0.1091515 0.9940251
vn 0.0000000 0.1091515 -0.9940251
vn 0.0000000 0.1091515 -0.9940251
vn 0.0000000 0.1091515 -0.9940251
vn 0.0000000 -0.1091515 0.9940251
vn 0.0000000 -0.1091515 0.9940251
vn 0.0000000 -0.1091515 0.9940251
vn 0.0000000 0.1091515 -0.9940251
vn 0.0000000 0.1091515 -0.9940251
vn 0.0000000 0.1091515 -0.9940251
vn 0.0000000 -0.1091515 0.9940251
vn 0.0000000 -0.1091515 0.9940251
vn 0.0000000 -0.1091515 0.9940251
vn 0.0000000 0.1091515 -0.9940251
vn 0.0000000 0.1091515 -0.9940251
vn 0.0000000 0.1091515 -0.9940251
vn 0.0000000 -0.1091515 0.9940251
vn 0.0000000 -0.1091515 0.9940251
vn 0.0000000 -0.1091515 0.9940251
vn -0.5000000 -0.8564440 -0.1284666
vn -1.0000000 0.0000000 0.0000000
vn -1.0000000 0.0000000 0.0000000
vn -0.5000000 -0.8564440 -0.1284666
vn -0.5000000 -0.8564440 -0.1284666
vn -1.0000000 0.0000000 0.0000000
vn 0.5000000 -0.8564440 -0.1284666
vn -0.5000000 -0.8564440 -0.1284666
vn -0.5000000 -0.8564440 -0.1284666
vn 0.5000000 -0.8564440 -0.1284666
vn 0.5000000 -0.8564440 -0.1284666
vn -0.5000000 -0.8564440 -0.1284666
vn 1.0000000 0.0000000 0.0000000
vn 0.5000000 -0.8564440 -0.1284666
vn 0.5000000 -0.8564440 -0.1284666
vn 1.0000000 0.0000000 0.0000000
vn 1.0000000 0.0000000 0.0000000
vn 0.5000000 -0.8564440 -0.1284666
vn 0.5000000 0.8564440 0.1284666
vn 1.0000000 0.0000000 0.0000000
vn 1.0000000 0.0000000 0.0000000
vn 0.5000000 0.8564440 0.1284666
vn 0.5000000 0.8564440 0.1284666
vn 1.0000000 0.0000000 0.0000000
vn -0.5000000 0.8564440 0.1284666
vn 0.5000000 0.8564440 0.1284666
vn 0.5000000 0.8564440 0.1284666
vn -0.5000000 0.8564440 0.1284666
vn -0.5000000 0.8564440 0.1284666
vn 0.5000000 0.8564440 0.1284666
vn -1.0000000 0.0000000 0.0000000
vn -0.5000000 0.8564440 0.1284666
vn -0.5000000 0.8564440 0.1284666
vn -1.0000000 0.0000000 0.0000000
vn -1.0000000 0.0000000 0.0000000
vn -0.5000000 0.8564440 0.1284666
vn 0.0000000 0.1483405 -0.9889364
vn 0.0000000 0.1483405 -0.9889364
vn 0.0000000 0.1483405 -0.9889364
vn 0.0000000 -0.1483405 0.9889364
vn 0.0000000 -0.1483405 0.9889364
vn 0.0000000 -0.1483405 0.9889364
vn 0.0000000 0.1483405 -0.9889364
vn 0.0000000 0.1483405 -0.9889364
vn 0.0000000 0.1483405 -0.9889364
vn 0.0000000 -0.1483405 0.9889364
vn 0.0000000 -0.1483405 0.9889364
vn 0.0000000 -0.1483405 0.9889364
vn 0.0000000 0.1483405 -0.9889364
vn 0.0000000 0.1483405 -0.9889364
vn 0.0000000 0.1483405 -0.9889364
vn 0.0000000 -0.1483405 0.9889364
vn 0.0000000 -0.1483405 0.9889364
vn 0.0000000 -0.1483405 0.9889364
vn 0.0000000 0.1483405 -0.9889364
vn 0.0000000 0.1483405 -0.9889364
vn 0.0000000 0.1483405 -0.9889364
vn 0.0000000 -0.1483405 0.9889364
vn 0.0000000 -0.1483405 0.9889364
vn 0.0000000 -0.1483405 0.9889364
vn -0.4915383 -0.8504047 0.1876220
vn -0.9988407 0.0000000 0.0481369
vn -0.9988407 0.0000000 0.0481369
vn -0.4915383 -0.8504047 0.1876220
vn -0.4915383 -0.8504047 0.1876220
vn -0.9988407 0.0000000 0.0481369
vn 0.5073025 -0.8504047 0.1394851
vn -0.4915383 -0.8504047 0.1876220
vn -0.4915383 -0.8504047 0.1876220
vn 0.5073025 -0.8504047 0.1394851
vn 0.5073025 -0.8504047 0.1394851
vn -0.4915383 -0.8504047 0.1876220
vn 0.9988407 0.0000000 -0.0481369
vn 0.5073025 -0.8504047 0.1394851
vn 0.5073025 -0.8504047 0.1394851
vn 0.9988407 0.0000000 -0.0481369
vn 0.9988407 0.0000000 -0.0481369
vn 0.5073025 -0.8504047 0.1394851
vn 0.4915383 0.8504047 -0.1876220
vn 0.9988407 0.0000000 -0.0481369
vn 0.9988407 0.0000000 -0.0481369
vn 0.4915383 0.8504047 -0.1876220
vn 0.4915383 0.8504047 -0.1876220
vn 0.9988407 0.0000000 -0.0481369
vn -0.5073025 0.8504047 -0.1394851
vn 0.4915383 0.8504047 -0.1876220
vn 0.4915383 0.8504047 -0.1876220
vn -0.5073025 0.8504047 -0.1394851
vn -0.5073025 0.8504047 -0.1394851
vn 0.4915383 0.8504047 -0.1876220
vn -0.9988407 0.0000000 0.0481369
vn -0.5073025 0.8504047 -0.1394851
vn -0.5073025 0.8504047 -0.1394851
vn -0.9988407 0.0000000 0.0481369
vn -0.9988407 0.0000000 0.0481369
vn -0.5073025 0.8504047 -0.1394851
vn -0.0472686 -0.1890746 -0.9808244
vn -0.0472686 -0.1890746 -0.9808244
vn -0.0472686 -0.1890746 -0.9808244
vn 0.0472686 0.1890746 0.9808244
vn 0.0472686 0.1890746 0.9808244
vn 0.0472686 0.1890746 0.9808244
vn -0.0472686 -0.1890746 -0.9808244
vn -0.0472686 -0.1890746 -0.9808244
vn -0.0472686 -0.1890746 -0.9808244
vn 0.0472686 0.1890746 0.9808244
vn 0.0472686 0.1890746 0.9808244
vn 0.0472686 0.1890746 0.9808244
vn -0.0472686 -0.1890746 -0.9808244
vn -0.0472686 -0.1890746 -0.9808244
vn -0.0472686 -0.1890746 -0.9808244
vn 0.0472686 0.1890746 0.9808244
vn 0.0472686 0.1890746 0.9808244
vn 0.0472686 0.1890746 0.9808244
vn -0.0472686 -0.1890746 -0.9808244
vn -0.0472686 -0.1890746 -0.9808244
vn -0.0472686 -0.1890746 -0.9808244
vn 0.0472686 0.1890746 0.9808244
vn 0.0472686 0.1890746 0.9808244
vn 0.0472686 0.1890746 0.9808244
vn -0.4936018 -0.8575483 0.1448037
vn -0.9988407 0.0000000 0.0481369
vn -0.9988407 0.0000000 0.0481369
vn -0.4936018 -0.8575483 0.1448037
vn -0.4936018 -0.8575483 0.1448037
vn -0.9988407 0.0000000 0.0481369
vn 0.5052389 -0.8575483 0.0966668
vn -0.4936018 -0.8575483 0.1448037
vn -0.4936018 -0.8575483 0.1448037
vn 0.5052389 -0.8575483 0.0966668
vn 0.5052389 -0.8575483 0.0966668
vn -0.4936018 -0.8575483 0.1448037
vn 0.9988407 0.0000000 -0.0481369
vn 0.5052389 -0.8575483 0.0966668
vn 0.5052389 -0.8575483 0.0966668
vn 0.9988407 0.0000000 -0.0481369
vn 0.9988407 0.0000000 -0.0481369
vn 0.5052389 -0.8575483 0.0966668
vn 0.4936018 0.8575483 -0.1448037
vn 0.9988407 0.0000000 -0.0481369
vn 0.9988407 0.0000000 -0.0481369
vn 0.4936018 0.8575483 -0.1448037
vn 0.4936018 0.8575483 -0.1448037
vn 0.9988407 0.0000000 -0.0481369
vn -0.5052389 0.8575483 -0.0966668
vn 0.4936018 0.8575483 -0.1448037
vn 0.4936018 0.8575483 -0.1448037
vn -0.5052389 0.8575483 -0.0966668
vn -0.5052389 0.8575483 -0.0966668
vn 0.4936018 0.8575483 -0.1448037
vn -0.9988407 0.0000000 0.0481369
vn -0.5052389 0.8575483 -0.0966668
vn -0.5052389 0.8575483 -0.0966668
vn -0.9988407 0.0000000 0.0481369
vn -0.9988407 0.0000000 0.0481369
vn -0.5052389 0.8575483 -0.0966668
vn -0.0476657 -0.1395749 -0.9890636
vn -0.0476657 -0.1395749 -0.9890636
vn -0.0476657 -0.1395749 -0.9890636
vn 0.0476657 0.1395749 0.9890636
vn 0.0476657 0.1395749 0.9890636
vn 0.0476657 0.1395749 0.9890636
vn -0.0476657 -0.1395749 -0.9890636
vn -0.0476657 -0.1395749 -0.9890636
vn -0.0476657 -0.1395749 -0.9890636
vn 0.0476657 0.1395749 0.9890636
vn 0.0476657 0.1395749 0.9890636
vn 0.0476657 0.1395749 0.9890636
vn -0.0476657 -0.1395749 -0.9890636
vn -0.0476657 -0.1395749 -0.9890636
vn -0.0476657 -0.1395749 -0.9890636
vn 0.0476657 0.1395749 0.9890636
vn 0.0476657 0.1395749 0.9890636
vn 0.0476657 0.1395749 0.9890636
vn -0.0476657 -0.1395749 -0.9890636
vn -0.0476657 -0.1395749 -0.9890636
vn -0.0476657 -0.1395749 -0.9890636
vn 0.0476657 0.1395749 0.9890636
vn 0.0476657 0.1395749 0.9890636
vn 0.0476657 0.1395749 0.9890636
vn -0.4972724 -0.8648751 0.0686382
vn -0.9988407 0.0000000 0.0481369
vn -0.9988407 0.0000000 0.0481369
vn -0.4972724 -0.8648751 0.0686382
vn -0.4972724 -0.8648751 0.0686382
vn -0.9988407 0.0000000 0.0481369
vn 0.5015683 -0.8648751 0.0205013
vn -0.4972724 -0.8648751 0.0686382
vn -0.4972724 -0.8648751 0.0686382
vn 0.5015683 -0.8648751 0.0205013
vn 0.5015683 -0.8648751 0.0205013
vn -0.4972724 -0.8648751 0.0686382
vn 0.9988407 0.0000000 -0.0481369
vn 0.5015683 -0.8648751 0.0205013
vn 0.5015683 -0.8648751 0.0205013
vn 0.9988407 0.0000000 -0.0481369
vn 0.9988407 0.0000000 -0.0481369
vn 0.5015683 -0.8648751 0.0205013
vn 0.4972724 0.8648751 -0.0686382
vn 0.9988407 0.0000000 -0.0481369
vn 0.9988407 0.0000000 -0.0481369
vn 0.4972724 0.8648751 -0.0686382
vn 0.4972724 0.8648751 -0.0686382
vn 0.9988407 0.0000000 -0.0481369
vn -0.5015683 0.8648751 -0.0205013
vn 0.4972724 0.8648751 -0.0686382
vn 0.4972724 0.8648751 -0.0686382
vn -0.5015683 0.8648751 -0.0205013
vn -0.5015683 0.8648751 -0.0205013
vn 0.4972724 0.8648751 -0.0686382
vn -0.9988407 0.0000000 0.0481369
vn -0.5015683 0.8648751 -0.0205013
vn -0.5015683 0.8648751 -0.0205013
vn -0.9988407 0.0000000 0.0481369
vn -0.9988407 0.0000000 0.0481369
vn -0.5015683 0.8648751 -0.0205013
vn -0.0480730 -0.0515244 -0.9975140
vn -0.0480730 -0.0515244 -0.9975140
vn -0.0480730 -0.0515244 -0.9975140
vn 0.0480730 0.0515244 0.9975140
vn 0.0480730 0.0515244 0.9975140
vn 0.0480730 0.0515244 0.9975140
vn -0.0480730 -0.0515244 -0.9975140
vn -0.0480730 -0.0515244 -0.9975140
vn -0.0480730 -0.0515244 -0.9975140
vn 0.0480730 0.0515244 0.9975140
vn 0.0480730 0.0515244 0.9975140
vn 0.0480730 0.0515244 0.9975140
vn -0.0480730 -0.0515244 -0.9975140
vn -0.0480730 -0.0515244 -0.9975140
vn -0.0480730 -0.0515244 -0.9975140
vn 0.0480730 0.0515244 0.9975140
vn 0.0480730 0.0515244 0.9975140
vn 0.0480730 0.0515244 0.9975140
vn -0.0480730 -0.0515244 -0.9975140
vn -0.0480730 -0.0515244 -0.9975140
vn -0.0480730 -0.0515244 -0.9975140
vn 0.0480730 0.0515244 0.9975140
vn 0.0480730 0.0515244 0.9975140
vn 0.0480730 0.0515244 0.9975140
vn -0.5015683 -0.8648751 -0.0205013
vn -0.9988407 0.0000000 0.0481369
vn -0.9988407 0.0000000 0.0481369
vn -0.5015683 -0.8648751 -0.0205013
vn -0.5015683 -0.8648751 -0.0205013
vn -0.9988407 0.0000000 0.0481369
vn 0.4972724 -0.8648751 -0.0686382
vn -0.5015683 -0.8648751 -0.0205013
vn -0.5015683 -0.8648751 -0.0205013
vn 0.4972724 -0.8648751 -0.0686382
vn 0.4972724 -0.8648751 -0.0686382
vn -0.5015683 -0.8648751 -0.0205013
vn 0.9988407 0.0000000 -0.0481369
vn 0.4972724 -0.8648751 -0.0686382
vn 0.4972724 -0.8648751 -0.0686382
vn 0.9988407 0.0000000 -0.0481369
vn 0.9988407 0.0000000 -0.0481369
vn 0.4972724 -0.8648751 -0.0686382
vn 0.5015683 0.8648751 0.0205013
vn 0.9988407 0.0000000 -0.0481369
vn 0.9988407 0.0000000 -0.0481369
vn 0.5015683 0.8648751 0.0205013
vn 0.5015683 0.8648751 0.0205013
vn 0.9988407 0.0000000 -0.0481369
vn -0.4972724 0.8648751 0.0686382
vn 0.5015683 0.8648751 0.0205013
vn 0.5015683 0.8648751 0.0205013
vn -0.4972724 0.8648751 0.0686382
vn -0.4972724 0.8648751 0.0686382
vn 0.5015683 0.8648751 0.0205013
vn -0.9988407 0.0000000 0.0481369
vn -0.4972724 0.8648751 0.0686382
vn -0.4972724 0.8648751 0.0686382
vn -0.9988407 0.0000000 0.0481369
vn -0.9988407 0.0000000 0.0481369
vn -0.4972724 0.8648751 0.0686382
vn -0.0480730 0.0515244 -0.9975140
vn -0.0480730 0.0515244 -0.9975140
vn -0.0480730 0.0515244 -0.9975140
vn 0.0480730 -0.0515244 0.9975140
vn 0.0480730 -0.0515244 0.9975140
vn 0.0480730 -0.0515244 0.9975140
vn -0.0480730 0.0515244 -0.9975140
vn -0.0480730 0.0515244 -0.9975140
vn -0.0480730 0.0515244 -0.9975140
vn 0.0480730 -0.0515244 0.9975140
vn 0.0480730 -0.0515244 0.9975140
vn 0.0480730 -0.0515244 0.9975140
vn -0.0480730 0.0515244 -0.9975140
vn -0.0480730 0.0515244 -0.9975140
vn -0.0480730 0.0515244 -0.9975140
vn 0.0480730 -0.0515244 0.9975140
vn 0.0480730 -0.0515244 0.9975140
vn 0.0480730 -0.0515244 0.9975140
vn -0.0480730 0.0515244 -0.9975140
vn -0.0480730 0.0515244 -0.9975140
vn -0.0480730 0.0515244 -0.9975140
vn 0.0480730 -0.0515244 0.9975140
vn 0.0480730 -0.0515244 0.9975140
vn 0.0480730 -0.0515244 0.9975140
vn -0.5052389 -0.8575483 -0.0966668
vn -0.9988407 0.0000000 0.0481369
vn -0.9988407 0.0000000 0.0481369
vn -0.5052389 -0.8575483 -0.0966668
vn -0.5052389 -0.8575483 -0.0966668
vn -0.9988407 0.0000000 0.0481369
vn 0.4936018 -0.8575483 -0.1448037
vn -0.5052389 -0.8575483 -0.0966668
vn -0.5052389 -0.8575483 -0.0966668
vn 0.4936018 -0.8575483 -0.1448037
vn 0.4936018 -0.8575483 -0.1448037
vn -0.5052389 -0.8575483 -0.0966668
vn 0.9988407 0.0000000 -0.0481369
vn 0.4936018 -0.8575483 -0.1448037
vn 0.4936018 -0.8575483 -0.1448037
vn 0.9988407 0.0000000 -0.0481369
vn 0.9988407 0.0000000 -0.0481369
vn 0.4936018 -0.8575483 -0.1448037
vn 0.5052389 0.8575483 0.0966668
vn 0.9988407 0.0000000 -0.0481369
vn 0.9988407 0.0000000 -0.0481369
vn 0.5052389 0.8575483 0.0966668
vn 0.5052389 0.8575483 0.0966668
vn 0.9988407 0.0000000 -0.0481369
vn -0.4936018 0.8575483 0.1448037
vn 0.5052389 0.8575483 0.0966668
vn 0.5052389 0.8575483 0.0966668
vn -0.4936018 0.8575483 0.1448037
vn -0.4936018 0.8575483 0.1448037
vn 0.5052389 0.8575483 0.0966668
vn -0.9988407 0.0000000 0.0481369
vn -0.4936018 0.8575483 0.1448037
vn -0.4936018 0.8575483 0.1448037
vn -0.9988407 0.0000000 0.0481369
vn -0.9988407 0.0000000 0.0481369
vn -0.4936018 0.8575483 0.1448037
vn -0.0476657 0.1395749 -0.9890636
vn -0.0476657 0.1395749 -0.9890636
vn -0.0476657 0.1395749 -0.9890636
vn 0.0476657 -0.1395749 0.9890636
vn 0.0476657 -0.1395749 0.9890636
vn 0.0476657 -0.1395749 0.9890636
vn -0.0476657 0.1395749 -0.9890636
vn -0.0476657 0.1395749 -0.9890636
vn -0.0476657 0.1395749 -0.9890636
vn 0.0476657 -0.1395749 0.9890636
vn 0.0476657 -0.1395749 0.9890636
vn 0.0476657 -0.1395749 0.9890636
vn -0.0476657 0.1395749 -0.9890636
vn -0.0476657 0.1395749 -0.9890636
vn -0.0476657 0.1395749 -0.9890636
vn 0.0476657 -0.1395749 0.9890636
vn 0.0476657 -0.1395749 0.9890636
vn 0.0476657 -0.1395749 0.9890636
vn -0.0476657 0.1395749 -0.9890636
vn -0.0476657 0.1395749 -0.9890636
vn -0.0476657 0.1395749 -0.9890636
vn 0.0476657 -0.1395749 0.9890636
vn 0.0476657 -0.1395749 0.9890636
vn 0.0476657 -0.1395749 0.9890636
vn -0.5073025 -0.8504047 -0.1394851
vn -0.9988407 0.0000000 0.0481369
vn -0.9988407 0.0000000 0.0481369
vn -0.5073025 -0.8504047 -0.1394851
vn -0.5073025 -0.8504047 -0.1394851
vn -0.9988407 0.0000000 0.0481369
vn 0.4915383 -0.8504047 -0.1876220
vn -0.5073025 -0.8504047 -0.1394851
vn -0.5073025 -0.8504047 -0.1394851
vn 0.4915383 -0.8504047 -0.1876220
vn 0.4915383 -0.8504047 -0.1876220
vn -0.5073025 -0.8504047 -0.1394851
vn 0.9988407 0.0000000 -0.0481369
vn 0.4915383 -0.8504047 -0.1876220
vn 0.4915383 -0.8504047 -0.1876220
vn 0.9988407 0.0000000 -0.0481369
vn 0.9988407 0.0000000 -0.0481369
vn 0.4915383 -0.8504047 -0.1876220
vn 0.5073025 0.8504047 0.1394851
vn 0.9988407 0.0000000 -0.0481369
vn 0.9988407 0.0000000 -0.0481369
vn 0.5073025 0.8504047 0.1394851
vn 0.5073025 0.8504047 0.1394851
vn 0.9988407 0.0000000 -0.0481369
vn -0.4915383 0.8504047 0.1876220
vn 0.5073025 0.8504047 0.1394851
vn 0.5073025 0.8504047 0.1394851
vn -0.4915383 0.8504047 0.1876220
vn -0.4915383 0.8504047 0.1876220
vn 0.5073025 0.8504047 0.1394851
vn -0.9988407 0.0000000 0.0481369
vn -0.4915383 0.8504047 0.1876220
vn -0.4915383 0.8504047 0.1876220
vn -0.9988407 0.0000000 0.0481369
vn -0.9988407 0.0000000 0.0481369
vn -0.4915383 0.8504047 0.1876220
vn -0.0472686 0.1890746 -0.9808244
vn -0.0472686 0.1890746 -0.9808244
vn -0.0472686 0.1890746 -0.9808244
vn 0.0472686 -0.1890746 0.9808244
vn 0.0472686 -0.1890746 0.9808244
vn 0.0472686 -0.1890746 0.9808244
vn -0.0472686 0.1890746 -0.9808244
vn -0.0472686 0.1890746 -0.9808244
vn -0.0472686 0.1890746 -0.9808244
vn 0.0472686 -0.1890746 0.9808244
vn 0.0472686 -0.1890746 0.9808244
vn 0.0472686 -0.1890746 0.9808244
vn -0.0472686 0.1890746 -0.9808244
vn -0.0472686 0.1890746 -0.9808244
vn -0.0472686 0.1890746 -0.9808244
vn 0.0472686 -0.1890746 0.9808244
vn 0.0472686 -0.1890746 0.9808244
vn 0.0472686 -0.1890746 0.9808244
vn -0.0472686 0.1890746 -0.9808244
vn -0.0472686 0.1890746 -0.9808244
vn -0.0472686 0.1890746 -0.9808244
vn 0.0472686 -0.1890746 0.9808244
vn 0.0472686 -0.1890746 0.9808244
vn 0.0472686 -0.1890746 0.9808244
vn -0.0592045 -0.5798335 0.8125810
vn -0.8320503 0.0000000 0.5547002
vn -0.8320503 0.0000000 0.5547002
vn -0.0592045 -0.5798335 0.8125810
vn -0.0592045 -0.5798335 0.8125810
vn -0.8320503 0.0000000 0.5547002
vn 0.7728458 -0.5798335 0.2578808
vn -0.0592045 -0.5798335 0.8125810
vn -0.0592045 -0.5798335 0.8125810
vn 0.7728458 -0.5798335 0.2578808
vn 0.7728458 -0.5798335 0.2578808
vn -0.0592045 -0.5798335 0.8125810
vn 0.8320503 0.0000000 -0.5547002
vn 0.7728458 -0.5798335 0.2578808
vn 0.7728458 -0.5798335 0.2578808
vn 0.8320503 0.0000000 -0.5547002
vn 0.8320503 0.0000000 -0.5547002
vn 0.7728458 -0.5798335 0.2578808
vn 0.0592045 0.5798335 -0.8125810
vn 0.8320503 0.0000000 -0.5547002
vn 0.8320503 0.0000000 -0.5547002
vn 0.0592045 0.5798335 -0.8125810
vn 0.0592045 0.5798335 -0.8125810
vn 0.8320503 0.0000000 -0.5547002
vn -0.7728458 0.5798335 -0.2578808
vn 0.0592045 0.5798335 -0.8125810
vn 0.0592045 0.5798335 -0.8125810
vn -0.7728458 0.5798335 -0.2578808
vn -0.7728458 0.5798335 -0.2578808
vn 0.0592045 0.5798335 -0.8125810
vn -0.8320503 0.0000000 0.5547002
vn -0.7728458 0.5798335 -0.2578808
vn -0.7728458 0.5798335 -0.2578808
vn -0.8320503 0.0000000 0.5547002
vn -0.8320503 0.0000000 0.5547002
vn -0.7728458 0.5798335 -0.2578808
vn -0.3713907 -0.7427814 -0.5570860
vn -0.3713907 -0.7427814 -0.5570860
vn -0.3713907 -0.7427814 -0.5570860
vn 0.3713907 0.7427814 0.5570860
vn 0.3713907 0.7427814 0.5570860
vn 0.3713907 0.7427814 0.5570860
vn -0.3713907 -0.7427814 -0.5570860
vn -0.3713907 -0.7427814 -0.5570860
vn -0.3713907 -0.7427814 -0.5570860
vn 0.3713907 0.7427814 0.5570860
vn 0.3713907 0.7427814 0.5570860
vn 0.3713907 0.7427814 0.5570860
vn -0.3713907 -0.7427814 -0.5570860
vn -0.3713907 -0.7427814 -0.5570860
vn -0.3713907 -0.7427814 -0.5570860
vn 0.3713907 0.7427814 0.5570860
vn 0.3713907 0.7427814 0.5570860
vn 0.3713907 0.7427814 0.5570860
vn -0.3713907 -0.7427814 -0.5570860
vn -0.3713907 -0.7427814 -0.5570860
vn -0.3713907 -0.7427814 -0.5570860
vn 0.3713907 0.7427814 0.5570860
vn 0.3713907 0.7427814 0.5570860
vn 0.3713907 0.7427814 0.5570860
vn -0.1131797 -0.6722537 0.7316183
vn -0.8320503 0.0000000 0.5547002
vn -0.8320503 0.0000000 0.5547002
vn -0.1131797 -0.6722537 0.7316183
vn -0.1131797 -0.6722537 0.7316183
vn -0.8320503 0.0000000 0.5547002
vn 0.7188706 -0.6722537 0.1769181
vn -0.1131797 -0.6722537 0.7316183
vn -0.1131797 -0.6722537 0.7316183
vn 0.7188706 -0.6722537 0.1769181
vn 0.7188706 -0.6722537 0.1769181
vn -0.1131797 -0.6722537 0.7316183
vn 0.8320503 0.0000000 -0.5547002
vn 0.7188706 -0.6722537 0.1769181
vn 0.7188706 -0.6722537 0.1769181
vn 0.8320503 0.0000000 -0.5547002
vn 0.8320503 0.0000000 -0.5547002
vn 0.7188706 -0.6722537 0.1769181
vn 0.1131797 0.6722537 -0.7316183
vn 0.8320503 0.0000000 -0.5547002
vn 0.8320503 0.0000000 -0.5547002
vn 0.1131797 0.6722537 -0.7316183
vn 0.1131797 0.6722537 -0.7316183
vn 0.8320503 0.0000000 -0.5547002
vn -0.7188706 0.6722537 -0.1769181
vn 0.1131797 0.6722537 -0.7316183
vn 0.1131797 0.6722537 -0.7316183
vn -0.7188706 0.6722537 -0.1769181
vn -0.7188706 0.6722537 -0.1769181
vn 0.1131797 0.6722537 -0.7316183
vn -0.8320503 0.0000000 0.5547002
vn -0.7188706 0.6722537 -0.1769181
vn -0.7188706 0.6722537 -0.1769181
vn -0.8320503 0.0000000 0.5547002
vn -0.8320503 0.0000000 0.5547002
vn -0.7188706 0.6722537 -0.1769181
vn -0.4305870 -0.6304231 -0.6458805
vn -0.4305870 -0.6304231 -0.6458805
vn -0.4305870 -0.6304231 -0.6458805
vn 0.4305870 0.6304231 0.6458805
vn 0.4305870 0.6304231 0.6458805
vn 0.4305870 0.6304231 0.6458805
vn -0.4305870 -0.6304231 -0.6458805
vn -0.4305870 -0.6304231 -0.6458805
vn -0.4305870 -0.6304231 -0.6458805
vn 0.4305870 0.6304231 0.6458805
vn 0.4305870 0.6304231 0.6458805
vn 0.4305870 0.6304231 0.6458805
vn -0.4305870 -0.6304231 -0.6458805
vn -0.4305870 -0.6304231 -0.6458805
vn -0.4305870 -0.6304231 -0.6458805
vn 0.4305870 0.6304231 0.6458805
vn 0.4305870 0.6304231 0.6458805
vn 0.4305870 0.6304231 0.6458805
vn -0.4305870 -0.6304231 -0.6458805
vn -0.4305870 -0.6304231 -0.6458805
vn -0.4305870 -0.6304231 -0.6458805
vn 0.4305870 0.6304231 0.6458805
vn 0.4305870 0.6304231 0.6458805
vn 0.4305870 0.6304231 0.6458805
vn -0.2791444 -0.8301246 0.4826712
vn -0.8320503 0.0000000 0.5547002
vn -0.8320503 0.0000000 0.5547002
vn -0.2791444 -0.8301246 0.4826712
vn -0.2791444 -0.8301246 0.4826712
vn -0.8320503 0.0000000 0.5547002
vn 0.5529059 -0.8301246 -0.0720290
vn -0.2791444 -0.8301246 0.4826712
vn -0.2791444 -0.8301246 0.4826712
vn 0.5529059 -0.8301246 -0.0720290
vn 0.5529059 -0.8301246 -0.0720290
vn -0.2791444 -0.8301246 0.4826712
vn 0.8320503 0.0000000 -0.5547002
vn 0.5529059 -0.8301246 -0.0720290
vn 0.5529059 -0.8301246 -0.0720290
vn 0.8320503 0.0000000 -0.5547002
vn 0.8320503 0.0000000 -0.5547002
vn 0.5529059 -0.8301246 -0.0720290
vn 0.2791444 0.8301246 -0.4826712
vn 0.8320503 0.0000000 -0.5547002
vn 0.8320503 0.0000000 -0.5547002
vn 0.2791444 0.8301246 -0.4826712
vn 0.2791444 0.8301246 -0.4826712
vn 0.8320503 0.0000000 -0.5547002
vn -0.5529059 0.8301246 0.0720290
vn 0.2791444 0.8301246 -0.4826712
vn 0.2791444 0.8301246 -0.4826712
vn -0.5529059 0.8301246 0.0720290
vn -0.5529059 0.8301246 0.0720290
vn 0.2791444 0.8301246 -0.4826712
vn -0.8320503 0.0000000 0.5547002
vn -0.5529059 0.8301246 0.0720290
vn -0.5529059 0.8301246 0.0720290
vn -0.8320503 0.0000000 0.5547002
vn -0.8320503 0.0000000 0.5547002
vn -0.5529059 0.8301246 0.0720290
vn -0.5317053 -0.2849400 -0.7975579
vn -0.5317053 -0.2849400 -0.7975579
vn -0.5317053 -0.2849400 -0.7975579
vn 0.5317053 0.2849400 0.7975579
vn 0.5317053 0.2849400 0.7975579
vn 0.5317053 0.2849400 0.7975579
vn -0.5317053 -0.2849400 -0.7975579
vn -0.5317053 -0.2849400 -0.7975579
vn -0.5317053 -0.2849400 -0.7975579
vn 0.5317053 0.2849400 0.7975579
vn 0.5317053 0.2849400 0.7975579
vn 0.5317053 0.2849400 0.7975579
vn -0.5317053 -0.2849400 -0.7975579
vn -0.5317053 -0.2849400 -0.7975579
vn -0.5317053 -0.2849400 -0.7975579
vn 0.5317053 0.2849400 0.7975579
vn 0.5317053 0.2849400 0.7975579
vn 0.5317053 0.2849400 0.7975579
vn -0.5317053 -0.2849400 -0.7975579
vn -0.5317053 -0.2849400 -0.7975579
vn -0.5317053 -0.2849400 -0.7975579
vn 0.5317053 0.2849400 0.7975579
vn 0.5317053 0.2849400 0.7975579
vn 0.5317053 0.2849400 0.7975579
vn -0.5529059 -0.8301246 0.0720290
vn -0.8320503 0.0000000 0.5547002
vn -0.8320503 0.0000000 0.5547002
vn -0.5529059 -0.8301246 0.0720290
vn -0.5529059 -0.8301246 0.0720290
vn -0.8320503 0.0000000 0.5547002
vn 0.2791444 -0.8301246 -0.4826712
vn -0.5529059 -0.8301246 0.0720290
vn -0.5529059 -0.8301246 0.0720290
vn 0.2791444 -0.8301246 -0.4826712
vn 0.2791444 -0.8301246 -0.4826712
vn -0.5529059 -0.8301246 0.0720290
vn 0.8320503 0.0000000 -0.5547002
vn 0.2791444 -0.8301246 -0.4826712
vn 0.2791444 -0.8301246 -0.4826712
vn 0.8320503 0.0000000 -0.5547002
vn 0.8320503 0.0000000 -0.5547002
vn 0.2791444 -0.8301246 -0.4826712
vn 0.5529059 0.8301246 -0.0720290
vn 0.8320503 0.0000000 -0.5547002
vn 0.8320503 0.0000000 -0.5547002
vn 0.5529059 0.8301246 -0.0720290
vn 0.5529059 0.8301246 -0.0720290
vn 0.8320503 0.0000000 -0.5547002
vn -0.2791444 0.8301246 0.4826712
vn 0.5529059 0.8301246 -0.0720290
vn 0.5529059 0.8301246 -0.0720290
vn -0.2791444 0.8301246 0.4826712
vn -0.2791444 0.8301246 0.4826712
vn 0.5529059 0.8301246 -0.0720290
vn -0.8320503 0.0000000 0.5547002
vn -0.2791444 0.8301246 0.4826712
vn -0.2791444 0.8301246 0.4826712
vn -0.8320503 0.0000000 0.5547002
vn -0.8320503 0.0000000 0.5547002
vn -0.2791444 0.8301246 0.4826712
vn -0.5317053 0.2849400 -0.7975579
vn -0.5317053 0.2849400 -0.7975579
vn -0.5317053 0.2849400 -0.7975579
vn 0.5317053 -0.2849400 0.7975579
vn 0.5317053 -0.2849400 0.7975579
vn 0.5317053 -0.2849400 0.7975579
vn -0.5317053 0.2849400 -0.7975579
vn -0.5317053 0.2849400 -0.7975579
vn -0.5317053 0.2849400 -0.7975579
vn 0.5317053 -0.2849400 0.7975579
vn 0.5317053 -0.2849400 0.7975579
vn 0.5317053 -0.2849400 0.7975579
vn -0.5317053 0.2849400 -0.7975579
vn -0.5317053 0.2849400 -0.7975579
vn -0.5317053 0.2849400 -0.7975579
vn 0.5317053 -0.2849400 0.7975579
vn 0.5317053 -0.2849400 0.7975579
vn 0.5317053 -0.2849400 0.7975579
vn -0.5317053 0.2849400 -0.7975579
vn -0.5317053 0.2849400 -0.7975579
vn -0.5317053 0.2849400 -0.7975579
vn 0.5317053 -0.2849400 0.7975579
vn 0.5317053 -0.2849400 0.7975579
vn 0.5317053 -0.2849400 0.7975579
vn -0.7188706 -0.6722537 -0.1769181
vn -0.8320503 0.0000000 0.5547002
vn -0.8320503 0.0000000 0.5547002
vn -0.7188706 -0.6722537 -0.1769181
vn -0.7188706 -0.6722537 -0.1769181
vn -0.8320503 0.0000000 0.5547002
vn 0.1131797 -0.6722537 -0.7316183
vn -0.7188706 -0.6722537 -0.1769181
vn -0.7188706 -0.6722537 -0.1769181
vn 0.1131797 -0.6722537 -0.7316183
vn 0.1131797 -0.6722537 -0.7316183
vn -0.7188706 -0.6722537 -0.1769181
vn 0.8320503 0.0000000 -0.5547002
vn 0.1131797 -0.6722537 -0.7316183
vn 0.1131797 -0.6722537 -0.7316183
vn 0.8320503 0.0000000 -0.5547002
vn 0.8320503 0.0000000 -0.5547002
vn 0.1131797 -0.6722537 -0.7316183
vn 0.7188706 0.6722537 0.1769181
vn 0.8320503 0.0000000 -0.5547002
vn 0.8320503 0.0000000 -0.5547002
vn 0.7188706 0.6722537 0.1769181
vn 0.7188706 0.6722537 0.1769181
vn 0.8320503 0.0000000 -0.5547002
vn -0.1131797 0.6722537 0.7316183
vn 0.7188706 0.6722537 0.1769181
vn 0.7188706 0.6722537 0.1769181
vn -0.1131797 0.6722537 0.7316183
vn -0.1131797 0.6722537 0.7316183
vn 0.7188706 0.6722537 0.1769181
vn -0.8320503 0.0000000 0.5547002
vn -0.1131797 0.6722537 0.7316183
vn -0.1131797 0.6722537 0.7316183
vn -0.8320503 0.0000000 0.5547002
vn -0.8320503 0.0000000 0.5547002
vn -0.1131797 0.6722537 0.7316183
vn -0.4305870 0.6304231 -0.6458805
vn -0.4305870 0.6304231 -0.6458805
vn -0.4305870 0.6304231 -0.6458805
vn 0.4305870 -0.6304231 0.6458805
vn 0.4305870 -0.6304231 0.6458805
vn 0.4305870 -0.6304231 0.6458805
vn -0.4305870 0.6304231 -0.6458805
vn -0.4305870 0.6304231 -0.6458805
vn -0.4305870 0.6304231 -0.6458805
vn 0.4305870 -0.6304231 0.6458805
vn 0.4305870 -0.6304231 0.6458805
vn 0.4305870 -0.6304231 0.6458805
vn -0.4305870 0.6304231 -0.6458805
vn -0.4305870 0.6304231 -0.6458805
vn -0.4305870 0.6304231 -0.6458805
vn 0.4305870 -0.6304231 0.6458805
vn 0.4305870 -0.6304231 0.6458805
vn 0.4305870 -0.6304231 0.6458805
vn -0.4305870 0.6304231 -0.6458805
vn -0.4305870 0.6304231 -0.6458805
vn -0.4305870 0.6304231 -0.6458805
vn 0.4305870 -0.6304231 0.6458805
vn 0.4305870 -0.6304231 0.6458805
vn 0.4305870 -0.6304231 0.6458805
vn -0.7728458 -0.5798335 -0.2578808
vn -0.8320503 0.0000000 0.5547002
vn -0.8320503 0.0000000 0.5547002
vn -0.7728458 -0.5798335 -0.2578808
vn -0.7728458 -0.5798335 -0.2578808
vn -0.8320503 0.0000000 0.5547002
vn 0.0592045 -0.5798335 -0.8125810
vn -0.7728458 -0.5798335 -0.2578808
vn -0.7728458 -0.5798335 -0.2578808
vn 0.0592045 -0.5798335 -0.8125810
vn 0.0592045 -0.5798335 -0.8125810
vn -0.7728458 -0.5798335 -0.2578808
vn 0.8320503 0.0000000 -0.5547002
vn 0.0592045 -0.5798335 -0.8125810
vn 0.0592045 -0.5798335 -0.8125810
vn 0.8320503 0.0000000 -0.5547002
vn 0.8320503 0.0000000 -0.5547002
vn 0.0592045 -0.5798335 -0.8125810
vn 0.7728458 0.5798335 0.2578808
vn 0.8320503 0.0000000 -0.5547002
vn 0.8320503 0.0000000 -0.5547002
vn 0.7728458 0.5798335 0.2578808
vn 0.7728458 0.5798335 0.2578808
vn 0.8320503 0.0000000 -0.5547002
vn -0.0592045 0.5798335 0.8125810
vn 0.7728458 0.5798335 0.2578808
vn 0.7728458 0.5798335 0.2578808
vn -0.0592045 0.5798335 0.8125810
vn -0.0592045 0.5798335 0.8125810
vn 0.7728458 0.5798335 0.2578808
vn -0.8320503 0.0000000 0.5547002
vn -0.0592045 0.5798335 0.8125810
vn -0.0592045 0.5798335 0.8125810
vn -0.8320503 0.0000000 0.5547002
vn -0.8320503 0.0000000 0.5547002
vn -0.0592045 0.5798335 0.8125810
vn -0.3713907 0.7427814 -0.5570860
vn -0.3713907 0.7427814 -0.5570860
vn -0.3713907 0.7427814 -0.5570860
vn 0.3713907 -0.7427814 0.5570860
vn 0.3713907 -0.7427814 0.5570860
vn 0.3713907 -0.7427814 0.5570860
vn -0.3713907 0.7427814 -0.5570860
vn -0.3713907 0.7427814 -0.5570860
vn -0.3713907 0.7427814 -0.5570860
vn 0.3713907 -0.7427814 0.5570860
vn 0.3713907 -0.7427814 0.5570860
vn 0.3713907 -0.7427814 0.5570860
vn -0.3713907 0.7427814 -0.5570860
vn -0.3713907 0.7427814 -0.5570860
vn -0.3713907 0.7427814 -0.5570860
vn 0.3713907 -0.7427814 0.5570860
vn 0.3713907 -0.7427814 0.5570860
vn 0.3713907 -0.7427814 0.5570860
vn -0.3713907 0.7427814 -0.5570860
vn -0.3713907 0.7427814 -0.5570860
vn -0.3713907 0.7427814 -0.5570860
vn 0.3713907 -0.7427814 0.5570860
vn 0.3713907 -0.7427814 0.5570860
vn 0.3713907 -0.7427814 0.5570860
vn 0.3931165 -0.8175601 0.4207789
vn 0.2302900 0.0000000 0.9731220
vn 0.2302900 0.0000000 0.9731220
vn 0.3931165 -0.8175601 0.4207789
vn 0.3931165 -0.8175601 0.4207789
vn 0.2302900 0.0000000 0.9731220
vn 0.1628265 -0.8175601 -0.5523432
vn 0.3931165 -0.8175601 0.4207789
vn 0.3931165 -0.8175601 0.4207789
vn 0.1628265 -0.8175601 -0.5523432
vn 0.1628265 -0.8175601 -0.5523432
vn 0.3931165 -0.8175601 0.4207789
vn -0.2302900 0.0000000 -0.9731220
vn 0.1628265 -0.8175601 -0.5523432
vn 0.1628265 -0.8175601 -0.5523432
vn -0.2302900 0.0000000 -0.9731220
vn -0.2302900 0.0000000 -0.9731220
vn 0.1628265 -0.8175601 -0.5523432
vn -0.3931165 0.8175601 -0.4207789
vn -0.2302900 0.0000000 -0.9731220
vn -0.2302900 0.0000000 -0.9731220
vn -0.3931165 0.8175601 -0.4207789
vn -0.3931165 0.8175601 -0.4207789
vn -0.2302900 0.0000000 -0.9731220
vn -0.1628265 0.8175601 0.5523432
vn -0.3931165 0.8175601 -0.4207789
vn -0.3931165 0.8175601 -0.4207789
vn -0.1628265 0.8175601 0.5523432
vn -0.1628265 0.8175601 0.5523432
vn -0.3931165 0.8175601 -0.4207789
vn 0.2302900 0.0000000 0.9731220
vn -0.1628265 0.8175601 0.5523432
vn -0.1628265 0.8175601 0.5523432
vn 0.2302900 0.0000000 0.9731220
vn 0.2302900 0.0000000 0.9731220
vn -0.1628265 0.8175601 0.5523432
vn -0.9186633 -0.3298392 0.2174023
vn -0.9186633 -0.3298392 0.2174023
vn -0.9186633 -0.3298392 0.2174023
vn 0.9186633 0.3298392 -0.2174023
vn 0.9186633 0.3298392 -0.2174023
vn 0.9186633 0.3298392 -0.2174023
vn -0.9186633 -0.3298392 0.2174023
vn -0.9186633 -0.3298392 0.2174023
vn -0.9186633 -0.3298392 0.2174023
vn 0.9186633 0.3298392 -0.2174023
vn 0.9186633 0.3298392 -0.2174023
vn 0.9186633 0.3298392 -0.2174023
vn -0.9186633 -0.3298392 0.2174023
vn -0.9186633 -0.3298392 0.2174023
vn -0.9186633 -0.3298392 0.2174023
vn 0.9186633 0.3298392 -0.2174023
vn 0.9186633 0.3298392 -0.2174023
vn 0.9186633 0.3298392 -0.2174023
vn -0.9186633 -0.3298392 0.2174023
vn -0.9186633 -0.3298392 0.2174023
vn -0.9186633 -0.3298392 0.2174023
vn 0.9186633 0.3298392 -0.2174023
vn 0.9186633 0.3298392 -0.2174023
vn 0.9186633 0.3298392 -0.2174023
vn 0.4145076 -0.8325106 0.3675725
vn 0.3895203 0.0000000 0.9210179
vn 0.3895203 0.0000000 0.9210179
vn 0.4145076 -0.8325106 0.3675725
vn 0.4145076 -0.8325106 0.3675725
vn 0.3895203 0.0000000 0.9210179
vn 0.0249873 -0.8325106 -0.5534454
vn 0.4145076 -0.8325106 0.3675725
vn 0.4145076 -0.8325106 0.3675725
vn 0.0249873 -0.8325106 -0.5534454
vn 0.0249873 -0.8325106 -0.5534454
vn 0.4145076 -0.8325106 0.3675725
vn -0.3895203 0.0000000 -0.9210179
vn 0.0249873 -0.8325106 -0.5534454
vn 0.0249873 -0.8325106 -0.5534454
vn -0.3895203 0.0000000 -0.9210179
vn -0.3895203 0.0000000 -0.9210179
vn 0.0249873 -0.8325106 -0.5534454
vn -0.4145076 0.8325106 -0.3675725
vn -0.3895203 0.0000000 -0.9210179
vn -0.3895203 0.0000000 -0.9210179
vn -0.4145076 0.8325106 -0.3675725
vn -0.4145076 0.8325106 -0.3675725
vn -0.3895203 0.0000000 -0.9210179
vn -0.0249873 0.8325106 0.5534454
vn -0.4145076 0.8325106 -0.3675725
vn -0.4145076 0.8325106 -0.3675725
vn -0.0249873 0.8325106 0.5534454
vn -0.0249873 0.8325106 0.5534454
vn -0.4145076 0.8325106 -0.3675725
vn 0.3895203 0.0000000 0.9210179
vn -0.0249873 0.8325106 0.5534454
vn -0.0249873 0.8325106 0.5534454
vn 0.3895203 0.0000000 0.9210179
vn 0.3895203 0.0000000 0.9210179
vn -0.0249873 0.8325106 0.5534454
vn -0.8853749 -0.2755023 0.3744461
vn -0.8853749 -0.2755023 0.3744461
vn -0.8853749 -0.2755023 0.3744461
vn 0.8853749 0.2755023 -0.3744461
vn 0.8853749 0.2755023 -0.3744461
vn 0.8853749 0.2755023 -0.3744461
vn -0.8853749 -0.2755023 0.3744461
vn -0.8853749 -0.2755023 0.3744461
vn -0.8853749 -0.2755023 0.3744461
vn 0.8853749 0.2755023 -0.3744461
vn 0.8853749 0.2755023 -0.3744461
vn 0.8853749 0.2755023 -0.3744461
vn -0.8853749 -0.2755023 0.3744461
vn -0.8853749 -0.2755023 0.3744461
vn -0.8853749 -0.2755023 0.3744461
vn 0.8853749 0.2755023 -0.3744461
vn 0.8853749 0.2755023 -0.3744461
vn 0.8853749 0.2755023 -0.3744461
vn -0.8853749 -0.2755023 0.3744461
vn -0.8853749 -0.2755023 0.3744461
vn -0.8853749 -0.2755023 0.3744461
vn 0.8853749 0.2755023 -0.3744461
vn 0.8853749 0.2755023 -0.3744461
vn 0.8853749 0.2755023 -0.3744461
vn 0.4397921 -0.8470128 0.2985837
vn 0.5875044 0.0000000 0.8092209
vn 0.5875044 0.0000000 0.8092209
vn 0.4397921 -0.8470128 0.2985837
vn 0.4397921 -0.8470128 0.2985837
vn 0.5875044 0.0000000 0.8092209
vn -0.1477123 -0.8470128 -0.5106373
vn 0.4397921 -0.8470128 0.2985837
vn 0.4397921 -0.8470128 0.2985837
vn -0.1477123 -0.8470128 -0.5106373
vn -0.1477123 -0.8470128 -0.5106373
vn 0.4397921 -0.8470128 0.2985837
vn -0.5875044 0.0000000 -0.8092209
vn -0.1477123 -0.8470128 -0.5106373
vn -0.1477123 -0.8470128 -0.5106373
vn -0.5875044 0.0000000 -0.8092209
vn -0.5875044 0.0000000 -0.8092209
vn -0.1477123 -0.8470128 -0.5106373
vn -0.4397921 0.8470128 -0.2985837
vn -0.5875044 0.0000000 -0.8092209
vn -0.5875044 0.0000000 -0.8092209
vn -0.4397921 0.8470128 -0.2985837
vn -0.4397921 0.8470128 -0.2985837
vn -0.5875044 0.0000000 -0.8092209
vn 0.1477123 0.8470128 0.5106373
vn -0.4397921 0.8470128 -0.2985837
vn -0.4397921 0.8470128 -0.2985837
vn 0.1477123 0.8470128 0.5106373
vn 0.1477123 0.8470128 0.5106373
vn -0.4397921 0.8470128 -0.2985837
vn 0.5875044 0.0000000 0.8092209
vn 0.1477123 0.8470128 0.5106373
vn 0.1477123 0.8470128 0.5106373
vn 0.5875044 0.0000000 0.8092209
vn 0.5875044 0.0000000 0.8092209
vn 0.1477123 0.8470128 0.5106373
vn -0.7914554 -0.2083885 0.5746064
vn -0.7914554 -0.2083885 0.5746064
vn -0.7914554 -0.2083885 0.5746064
vn 0.7914554 0.2083885 -0.5746064
vn 0.7914554 0.2083885 -0.5746064
vn 0.7914554 0.2083885 -0.5746064
vn -0.7914554 -0.2083885 0.5746064
vn -0.7914554 -0.2083885 0.5746064
vn -0.7914554 -0.2083885 0.5746064
vn 0.7914554 0.2083885 -0.5746064
vn 0.7914554 0.2083885 -0.5746064
vn 0.7914554 0.2083885 -0.5746064
vn -0.7914554 -0.2083885 0.5746064
vn -0.7914554 -0.2083885 0.5746064
vn -0.7914554 -0.2083885 0.5746064
vn 0.7914554 0.2083885 -0.5746064
vn 0.7914554 0.2083885 -0.5746064
vn 0.7914554 0.2083885 -0.5746064
vn -0.7914554 -0.2083885 0.5746064
vn -0.7914554 -0.2083885 0.5746064
vn -0.7914554 -0.2083885 0.5746064
vn 0.7914554 0.2083885 -0.5746064
vn 0.7914554 0.2083885 -0.5746064
vn 0.7914554 0.2083885 -0.5746064
vn 0.4375380 -0.8552620 0.2776463
vn 0.6739639 0.0000000 0.7387643
vn 0.6739639 0.0000000 0.7387643
vn 0.4375380 -0.8552620 0.2776463
vn 0.4375380 -0.8552620 0.2776463
vn 0.6739639 0.0000000 0.7387643
vn -0.2364259 -0.8552620 -0.4611179
vn 0.4375380 -0.8552620 0.2776463
vn 0.4375380 -0.8552620 0.2776463
vn -0.2364259 -0.8552620 -0.4611179
vn -0.2364259 -0.8552620 -0.4611179
vn 0.4375380 -0.8552620 0.2776463
vn -0.6739639 0.0000000 -0.7387643
vn -0.2364259 -0.8552620 -0.4611179
vn -0.2364259 -0.8552620 -0.4611179
vn -0.6739639 0.0000000 -0.7387643
vn -0.6739639 0.0000000 -0.7387643
vn -0.2364259 -0.8552620 -0.4611179
vn -0.4375380 0.8552620 -0.2776463
vn -0.6739639 0.0000000 -0.7387643
vn -0.6739639 0.0000000 -0.7387643
vn -0.4375380 0.8552620 -0.2776463
vn -0.4375380 0.8552620 -0.2776463
vn -0.6739639 0.0000000 -0.7387643
vn 0.2364259 0.8552620 0.4611179
vn -0.4375380 0.8552620 -0.2776463
vn -0.4375380 0.8552620 -0.2776463
vn 0.2364259 0.8552620 0.4611179
vn 0.2364259 0.8552620 0.4611179
vn -0.4375380 0.8552620 -0.2776463
vn 0.6739639 0.0000000 0.7387643
vn 0.2364259 0.8552620 0.4611179
vn 0.2364259 0.8552620 0.4611179
vn 0.6739639 0.0000000 0.7387643
vn 0.6739639 0.0000000 0.7387643
vn 0.2364259 0.8552620 0.4611179
vn -0.7295825 -0.1571707 0.6655875
vn -0.7295825 -0.1571707 0.6655875
vn -0.7295825 -0.1571707 0.6655875
vn 0.7295825 0.1571707 -0.6655875
vn 0.7295825 0.1571707 -0.6655875
vn 0.7295825 0.1571707 -0.6655875
vn -0.7295825 -0.1571707 0.6655875
vn -0.7295825 -0.1571707 0.6655875
vn -0.7295825 -0.1571707 0.6655875
vn 0.7295825 0.1571707 -0.6655875
vn 0.7295825 0.1571707 -0.6655875
vn 0.7295825 0.1571707 -0.6655875
vn -0.7295825 -0.1571707 0.6655875
vn -0.7295825 -0.1571707 0.6655875
vn -0.7295825 -0.1571707 0.6655875
vn 0.7295825 0.1571707 -0.6655875
vn 0.7295825 0.1571707 -0.6655875
vn 0.7295825 0.1571707 -0.6655875
vn -0.7295825 -0.1571707 0.6655875
vn -0.7295825 -0.1571707 0.6655875
vn -0.7295825 -0.1571707 0.6655875
vn 0.7295825 0.1571707 -0.6655875
vn 0.7295825 0.1571707 -0.6655875
vn 0.7295825 0.1571707 -0.6655875
vn 0.0677574 -0.8543637 0.5152394
vn -0.1447862 0.0000000 0.9894630
vn -0.1447862 0.0000000 0.9894630
vn 0.0677574 -0.8543637 0.5152394
vn 0.0677574 -0.8543637 0.5152394
vn -0.1447862 0.0000000 0.9894630
vn 0.2125436 -0.8543637 -0.4742235
vn 0.0677574 -0.8543637 0.5152394
vn 0.0677574 -0.8543637 0.5152394
vn 0.2125436 -0.8543637 -0.4742235
vn 0.2125436 -0.8543637 -0.4742235
vn 0.0677574 -0.8543637 0.5152394
vn 0.1447862 0.0000000 -0.9894630
vn 0.2125436 -0.8543637 -0.4742235
vn 0.2125436 -0.8543637 -0.4742235
vn 0.1447862 0.0000000 -0.9894630
vn 0.1447862 0.0000000 -0.9894630
vn 0.2125436 -0.8543637 -0.4742235
vn -0.0677574 0.8543637 -0.5152394
vn 0.1447862 0.0000000 -0.9894630
vn 0.1447862 0.0000000 -0.9894630
vn -0.0677574 0.8543637 -0.5152394
vn -0.0677574 0.8543637 -0.5152394
vn 0.1447862 0.0000000 -0.9894630
vn -0.2125436 0.8543637 0.4742235
vn -0.0677574 0.8543637 -0.5152394
vn -0.0677574 0.8543637 -0.5152394
vn -0.2125436 0.8543637 0.4742235
vn -0.2125436 0.8543637 0.4742235
vn -0.0677574 0.8543637 -0.5152394
vn -0.1447862 0.0000000 0.9894630
vn -0.2125436 0.8543637 0.4742235
vn -0.2125436 0.8543637 0.4742235
vn -0.1447862 0.0000000 0.9894630
vn -0.1447862 0.0000000 0.9894630
vn -0.2125436 0.8543637 0.4742235
vn -0.9761390 -0.1635552 -0.1428365
vn -0.9761390 -0.1635552 -0.1428365
vn -0.9761390 -0.1635552 -0.1428365
vn 0.9761390 0.1635552 0.1428365
vn 0.9761390 0.1635552 0.1428365
vn 0.9761390 0.1635552 0.1428365
vn -0.9761390 -0.1635552 -0.1428365
vn -0.9761390 -0.1635552 -0.1428365
vn -0.9761390 -0.1635552 -0.1428365
vn 0.9761390 0.1635552 0.1428365
vn 0.9761390 0.1635552 0.1428365
vn 0.9761390 0.1635552 0.1428365
vn -0.9761390 -0.1635552 -0.1428365
vn -0.9761390 -0.1635552 -0.1428365
vn -0.9761390 -0.1635552 -0.1428365
vn 0.9761390 0.1635552 0.1428365
vn 0.9761390 0.1635552 0.1428365
vn 0.9761390 0.1635552 0.1428365
vn -0.9761390 -0.1635552 -0.1428365
vn -0.9761390 -0.1635552 -0.1428365
vn -0.9761390 -0.1635552 -0.1428365
vn 0.9761390 0.1635552 0.1428365
vn 0.9761390 0.1635552 0.1428365
vn 0.9761390 0.1635552 0.1428365
vn 0.1227061 -0.8598987 0.4954972
vn 0.0399132 0.0000000 0.9992032
vn 0.0399132 0.0000000 0.9992032
vn 0.1227061 -0.8598987 0.4954972
vn 0.1227061 -0.8598987 0.4954972
vn 0.0399132 0.0000000 0.9992032
vn 0.0827928 -0.8598987 -0.5037059
vn 0.1227061 -0.8598987 0.4954972
vn 0.1227061 -0.8598987 0.4954972
vn 0.0827928 -0.8598987 -0.5037059
vn 0.0827928 -0.8598987 -0.5037059
vn 0.1227061 -0.8598987 0.4954972
vn -0.0399132 0.0000000 -0.9992032
vn 0.0827928 -0.8598987 -0.5037059
vn 0.0827928 -0.8598987 -0.5037059
vn -0.0399132 0.0000000 -0.9992032
vn -0.0399132 0.0000000 -0.9992032
vn 0.0827928 -0.8598987 -0.5037059
vn -0.1227061 0.8598987 -0.4954972
vn -0.0399132 0.0000000 -0.9992032
vn -0.0399132 0.0000000 -0.9992032
vn -0.1227061 0.8598987 -0.4954972
vn -0.1227061 0.8598987 -0.4954972
vn -0.0399132 0.0000000 -0.9992032
vn -0.0827928 0.8598987 0.5037059
vn -0.1227061 0.8598987 -0.4954972
vn -0.1227061 0.8598987 -0.4954972
vn -0.0827928 0.8598987 0.5037059
vn -0.0827928 0.8598987 0.5037059
vn -0.1227061 0.8598987 -0.4954972
vn 0.0399132 0.0000000 0.9992032
vn -0.0827928 0.8598987 0.5037059
vn -0.0827928 0.8598987 0.5037059
vn 0.0399132 0.0000000 0.9992032
vn 0.0399132 0.0000000 0.9992032
vn -0.0827928 0.8598987 0.5037059
vn -0.9921342 -0.1187395 0.0396308
vn -0.9921342 -0.1187395 0.0396308
vn -0.9921342 -0.1187395 0.0396308
vn 0.9921342 0.1187395 -0.0396308
vn 0.9921342 0.1187395 -0.0396308
vn 0.9921342 0.1187395 -0.0396308
vn -0.9921342 -0.1187395 0.0396308
vn -0.9921342 -0.1187395 0.0396308
vn -0.9921342 -0.1187395 0.0396308
vn 0.9921342 0.1187395 -0.0396308
vn 0.9921342 0.1187395 -0.0396308
vn 0.9921342 0.1187395 -0.0396308
vn -0.9921342 -0.1187395 0.0396308
vn -0.9921342 -0.1187395 0.0396308
vn -0.9921342 -0.1187395 0.0396308
vn 0.9921342 0.1187395 -0.0396308
vn 0.9921342 0.1187395 -0.0396308
vn 0.9921342 0.1187395 -0.0396308
vn -0.9921342 -0.1187395 0.0396308
vn -0.9921342 -0.1187395 0.0396308
vn -0.9921342 -0.1187395 0.0396308
vn 0.9921342 0.1187395 -0.0396308
vn 0.9921342 0.1187395 -0.0396308
vn 0.9921342 0.1187395 -0.0396308
vn 0.2177496 -0.8640346 0.4539046
vn 0.3244737 0.0000000 0.9458947
vn 0.3244737 0.0000000 0.9458947
vn 0.2177496 -0.8640346 0.4539046
vn 0.2177496 -0.8640346 0.4539046
vn 0.3244737 0.0000000 0.9458947
vn -0.1067241 -0.8640346 -0.4919901
vn 0.2177496 -0.8640346 0.4539046
vn 0.2177496 -0.8640346 0.4539046
vn -0.1067241 -0.8640346 -0.4919901
vn -0.1067241 -0.8640346 -0.4919901
vn 0.2177496 -0.8640346 0.4539046
vn -0.3244737 0.0000000 -0.9458947
vn -0.1067241 -0.8640346 -0.4919901
vn -0.1067241 -0.8640346 -0.4919901
vn -0.3244737 0.0000000 -0.9458947
vn -0.3244737 0.0000000 -0.9458947
vn -0.1067241 -0.8640346 -0.4919901
vn -0.2177496 0.8640346 -0.4539046
vn -0.3244737 0.0000000 -0.9458947
vn -0.3244737 0.0000000 -0.9458947
vn -0.2177496 0.8640346 -0.4539046
vn -0.2177496 0.8640346 -0.4539046
vn -0.3244737 0.0000000 -0.9458947
vn 0.1067241 0.8640346 0.4919901
vn -0.2177496 0.8640346 -0.4539046
vn -0.2177496 0.8640346 -0.4539046
vn 0.1067241 0.8640346 0.4919901
vn 0.1067241 0.8640346 0.4919901
vn -0.2177496 0.8640346 -0.4539046
vn 0.3244737 0.0000000 0.9458947
vn 0.1067241 0.8640346 0.4919901
vn 0.1067241 0.8640346 0.4919901
vn 0.3244737 0.0000000 0.9458947
vn 0.3244737 0.0000000 0.9458947
vn 0.1067241 0.8640346 0.4919901
vn -0.9437202 -0.0677671 0.3237278
vn -0.9437202 -0.0677671 0.3237278
vn -0.9437202 -0.0677671 0.3237278
vn 0.9437202 0.0677671 -0.3237278
vn 0.9437202 0.0677671 -0.3237278
vn 0.9437202 0.0677671 -0.3237278
vn -0.9437202 -0.0677671 0.3237278
vn -0.9437202 -0.0677671 0.3237278
vn -0.9437202 -0.0677671 0.3237278
vn 0.9437202 0.0677671 -0.3237278
vn 0.9437202 0.0677671 -0.3237278
vn 0.9437202 0.0677671 -0.3237278
vn -0.9437202 -0.0677671 0.3237278
vn -0.9437202 -0.0677671 0.3237278
vn -0.9437202 -0.0677671 0.3237278
vn 0.9437202 0.0677671 -0.3237278
vn 0.9437202 0.0677671 -0.3237278
vn 0.9437202 0.0677671 -0.3237278
vn -0.9437202 -0.0677671 0.3237278
vn -0.9437202 -0.0677671 0.3237278
vn -0.9437202 -0.0677671 0.3237278
vn 0.9437202 0.0677671 -0.3237278
vn 0.9437202 0.0677671 -0.3237278
vn 0.9437202 0.0677671 -0.3237278
vn 0.2500967 -0.8658317 0.4333442
vn 0.4678152 0.0000000 0.8838263
vn 0.4678152 0.0000000 0.8838263
vn 0.2500967 -0.8658317 0.4333442
vn 0.2500967 -0.8658317 0.4333442
vn 0.4678152 0.0000000 0.8838263
vn -0.2177185 -0.8658317 -0.4504821
vn 0.2500967 -0.8658317 0.4333442
vn 0.2500967 -0.8658317 0.4333442
vn -0.2177185 -0.8658317 -0.4504821
vn -0.2177185 -0.8658317 -0.4504821
vn 0.2500967 -0.8658317 0.4333442
vn -0.4678152 0.0000000 -0.8838263
vn -0.2177185 -0.8658317 -0.4504821
vn -0.2177185 -0.8658317 -0.4504821
vn -0.4678152 0.0000000 -0.8838263
vn -0.4678152 0.0000000 -0.8838263
vn -0.2177185 -0.8658317 -0.4504821
vn -0.2500967 0.8658317 -0.4333442
vn -0.4678152 0.0000000 -0.8838263
vn -0.4678152 0.0000000 -0.8838263
vn -0.2500967 0.8658317 -0.4333442
vn -0.2500967 0.8658317 -0.4333442
vn -0.4678152 0.0000000 -0.8838263
vn 0.2177185 0.8658317 0.4504821
vn -0.2500967 0.8658317 -0.4333442
vn -0.2500967 0.8658317 -0.4333442
vn 0.2177185 0.8658317 0.4504821
vn 0.2177185 0.8658317 0.4504821
vn -0.2500967 0.8658317 -0.4333442
vn 0.4678152 0.0000000 0.8838263
vn 0.2177185 0.8658317 0.4504821
vn 0.2177185 0.8658317 0.4504821
vn 0.4678152 0.0000000 0.8838263
vn 0.4678152 0.0000000 0.8838263
vn 0.2177185 0.8658317 0.4504821
vn -0.8836286 -0.0211507 0.4677106
vn -0.8836286 -0.0211507 0.4677106
vn -0.8836286 -0.0211507 0.4677106
vn 0.8836286 0.0211507 -0.4677106
vn 0.8836286 0.0211507 -0.4677106
vn 0.8836286 0.0211507 -0.4677106
vn -0.8836286 -0.0211507 0.4677106
vn -0.8836286 -0.0211507 0.4677106
vn -0.8836286 -0.0211507 0.4677106
vn 0.8836286 0.0211507 -0.4677106
vn 0.8836286 0.0211507 -0.4677106
vn 0.8836286 0.0211507 -0.4677106
vn -0.8836286 -0.0211507 0.4677106
vn -0.8836286 -0.0211507 0.4677106
vn -0.8836286 -0.0211507 0.4677106
vn 0.8836286 0.0211507 -0.4677106
vn 0.8836286 0.0211507 -0.4677106
vn 0.8836286 0.0211507 -0.4677106
vn -0.8836286 -0.0211507 0.4677106
vn -0.8836286 -0.0211507 0.4677106
vn -0.8836286 -0.0211507 0.4677106
vn 0.8836286 0.0211507 -0.4677106
vn 0.8836286 0.0211507 -0.4677106
vn 0.8836286 0.0211507 -0.4677106
vn -0.2500967 -0.8658317 0.4333442
vn -0.4678152 0.0000000 0.8838263
vn -0.4678152 0.0000000 0.8838263
vn -0.2500967 -0.8658317 0.4333442
vn -0.2500967 -0.8658317 0.4333442
vn -0.4678152 0.0000000 0.8838263
vn 0.2177185 -0.8658317 -0.4504821
vn -0.2500967 -0.8658317 0.4333442
vn -0.2500967 -0.8658317 0.4333442
vn 0.2177185 -0.8658317 -0.4504821
vn 0.2177185 -0.8658317 -0.4504821
vn -0.2500967 -0.8658317 0.4333442
vn 0.4678152 0.0000000 -0.8838263
vn 0.2177185 -0.8658317 -0.4504821
vn 0.2177185 -0.8658317 -0.4504821
vn 0.4678152 0.0000000 -0.8838263
vn 0.4678152 0.0000000 -0.8838263
vn 0.2177185 -0.8658317 -0.4504821
vn 0.2500967 0.8658317 -0.4333442
vn 0.4678152 0.0000000 -0.8838263
vn 0.4678152 0.0000000 -0.8838263
vn 0.2500967 0.8658317 -0.4333442
vn 0.2500967 0.8658317 -0.4333442
vn 0.4678152 0.0000000 -0.8838263
vn -0.2177185 0.8658317 0.4504821
vn 0.2500967 0.8658317 -0.4333442
vn 0.2500967 0.8658317 -0.4333442
vn -0.2177185 0.8658317 0.4504821
vn -0.2177185 0.8658317 0.4504821
vn 0.2500967 0.8658317 -0.4333442
vn -0.4678152 0.0000000 0.8838263
vn -0.2177185 0.8658317 0.4504821
vn -0.2177185 0.8658317 0.4504821
vn -0.4678152 0.0000000 0.8838263
vn -0.4678152 0.0000000 0.8838263
vn -0.2177185 0.8658317 0.4504821
vn -0.8836286 0.0211507 -0.4677106
vn -0.8836286 0.0211507 -0.4677106
vn -0.8836286 0.0211507 -0.4677106
vn 0.8836286 -0.0211507 0.4677106
vn 0.8836286 -0.0211507 0.4677106
vn 0.8836286 -0.0211507 0.4677106
vn -0.8836286 0.0211507 -0.4677106
vn -0.8836286 0.0211507 -0.4677106
vn -0.8836286 0.0211507 -0.4677106
vn 0.8836286 -0.0211507 0.4677106
vn 0.8836286 -0.0211507 0.4677106
vn 0.8836286 -0.0211507 0.4677106
vn -0.8836286 0.0211507 -0.4677106
vn -0.8836286 0.0211507 -0.4677106
vn -0.8836286 0.0211507 -0.4677106
vn 0.8836286 -0.0211507 0.4677106
vn 0.8836286 -0.0211507 0.4677106
vn 0.8836286 -0.0211507 0.4677106
vn -0.8836286 0.0211507 -0.4677106
vn -0.8836286 0.0211507 -0.4677106
vn -0.8836286 0.0211507 -0.4677106
vn 0.8836286 -0.0211507 0.4677106
vn 0.8836286 -0.0211507 0.4677106
vn 0.8836286 -0.0211507 0.4677106
vn -0.2177496 -0.8640346 0.4539046
vn -0.3244737 0.0000000 0.9458947
vn -0.3244737 0.0000000 0.9458947
vn -0.2177496 -0.8640346 0.4539046
vn -0.2177496 -0.8640346 0.4539046
vn -0.3244737 0.0000000 0.9458947
vn 0.1067241 -0.8640346 -0.4919901
vn -0.2177496 -0.8640346 0.4539046
vn -0.2177496 -0.8640346 0.4539046
vn 0.1067241 -0.8640346 -0.4919901
vn 0.1067241 -0.8640346 -0.4919901
vn -0.2177496 -0.8640346 0.4539046
vn 0.3244737 0.0000000 -0.9458947
vn 0.1067241 -0.8640346 -0.4919901
vn 0.1067241 -0.8640346 -0.4919901
vn 0.3244737 0.0000000 -0.9458947
vn 0.3244737 0.0000000 -0.9458947
vn 0.1067241 -0.8640346 -0.4919901
vn 0.2177496 0.8640346 -0.4539046
vn 0.3244737 0.0000000 -0.9458947
vn 0.3244737 0.0000000 -0.9458947
vn 0.2177496 0.8640346 -0.4539046
vn 0.2177496 0.8640346 -0.4539046
vn 0.3244737 0.0000000 -0.9458947
vn -0.1067241 0.8640346 0.4919901
vn 0.2177496 0.8640346 -0.4539046
vn 0.2177496 0.8640346 -0.4539046
vn -0.1067241 0.8640346 0.4919901
vn -0.1067241 0.8640346 0.4919901
vn 0.2177496 0.8640346 -0.4539046
vn -0.3244737 0.0000000 0.9458947
vn -0.1067241 0.8640346 0.4919901
vn -0.1067241 0.8640346 0.4919901
vn -0.3244737 0.0000000 0.9458947
vn -0.3244737 0.0000000 0.9458947
vn -0.1067241 0.8640346 0.4919901
vn -0.9437202 0.0677671 -0.3237278
vn -0.9437202 0.0677671 -0.3237278
vn -0.9437202 0.0677671 -0.3237278
vn 0.9437202 -0.0677671 0.3237278
vn 0.9437202 -0.0677671 0.3237278
vn 0.9437202 -0.0677671 0.3237278
vn -0.9437202 0.0677671 -0.3237278
vn -0.9437202 0.0677671 -0.3237278
vn -0.9437202 0.0677671 -0.3237278
vn 0.9437202 -0.0677671 0.3237278
vn 0.9437202 -0.0677671 0.3237278
vn 0.9437202 -0.0677671 0.3237278
vn -0.9437202 0.0677671 -0.3237278
vn -0.9437202 0.0677671 -0.3237278
vn -0.9437202 0.0677671 -0.3237278
vn 0.9437202 -0.0677671 0.3237278
vn 0.9437202 -0.0677671 0.3237278
vn 0.9437202 -0.0677671 0.3237278
vn -0.9437202 0.0677671 -0.3237278
vn -0.9437202 0.0677671 -0.3237278
vn -0.9437202 0.0677671 -0.3237278
vn 0.9437202 -0.0677671 0.3237278
vn 0.9437202 -0.0677671 0.3237278
vn 0.9437202 -0.0677671 0.3237278
vn -0.1227061 -0.8598987 0.4954972
vn -0.0399132 0.0000000 0.9992032
vn -0.0399132 0.0000000 0.9992032
vn -0.1227061 -0.8598987 0.4954972
vn -0.1227061 -0.8598987 0.4954972
vn -0.0399132 0.0000000 0.9992032
vn -0.0827928 -0.8598987 -0.5037059
vn -0.1227061 -0.8598987 0.4954972
vn -0.1227061 -0.8598987 0.4954972
vn -0.0827928 -0.8598987 -0.5037059
vn -0.0827928 -0.8598987 -0.5037059
vn -0.1227061 -0.8598987 0.4954972
vn 0.0399132 0.0000000 -0.9992032
vn -0.0827928 -0.8598987 -0.5037059
vn -0.0827928 -0.8598987 -0.5037059
vn 0.0399132 0.0000000 -0.9992032
vn 0.0399132 0.0000000 -0.9992032
vn -0.0827928 -0.8598987 -0.5037059
vn 0.1227061 0.8598987 -0.4954972
vn 0.0399132 0.0000000 -0.9992032
vn 0.0399132 0.0000000 -0.9992032
vn 0.1227061 0.8598987 -0.4954972
vn 0.1227061 0.8598987 -0.4954972
vn 0.0399132 0.0000000 -0.9992032
vn 0.0827928 0.8598987 0.5037059
vn 0.1227061 0.8598987 -0.4954972
vn 0.1227061 0.8598987 -0.4954972
vn 0.0827928 0.8598987 0.5037059
vn 0.0827928 0.8598987 0.5037059
vn 0.1227061 0.8598987 -0.4954972
vn -0.0399132 0.0000000 0.9992032
vn 0.0827928 0.8598987 0.5037059
vn 0.0827928 0.8598987 0.5037059
vn -0.0399132 0.0000000 0.9992032
vn -0.0399132 0.0000000 0.9992032
vn 0.0827928 0.8598987 0.5037059
vn -0.9921342 0.1187395 -0.0396308
vn -0.9921342 0.1187395 -0.0396308
vn -0.9921342 0.1187395 -0.0396308
vn 0.9921342 -0.1187395 0.0396308
vn 0.9921342 -0.1187395 0.0396308
vn 0.9921342 -0.1187395 0.0396308
vn -0.9921342 0.1187395 -0.0396308
vn -0.9921342 0.1187395 -0.0396308
vn -0.9921342 0.1187395 -0.0396308
vn 0.9921342 -0.1187395 0.0396308
vn 0.9921342 -0.1187395 0.0396308
vn 0.9921342 -0.1187395 0.0396308
vn -0.9921342 0.1187395 -0.0396308
vn -0.9921342 0.1187395 -0.0396308
vn -0.9921342 0.1187395 -0.0396308
vn 0.9921342 -0.1187395 0.0396308
vn 0.9921342 -0.1187395 0.0396308
vn 0.9921342 -0.1187395 0.0396308
vn -0.9921342 0.1187395 -0.0396308
vn -0.9921342 0.1187395 -0.0396308
vn -0.9921342 0.1187395 -0.0396308
vn 0.9921342 -0.1187395 0.0396308
vn 0.9921342 -0.1187395 0.0396308
vn 0.9921342 -0.1187395 0.0396308
vn -0.0677574 -0.8543637 0.5152394
vn 0.1447862 0.0000000 0.9894630
vn 0.1447862 0.0000000 0.9894630
vn -0.0677574 -0.8543637 0.5152394
vn -0.0677574 -0.8543637 0.5152394
vn 0.1447862 0.0000000 0.9894630
vn -0.2125436 -0.8543637 -0.4742235
vn -0.0677574 -0.8543637 0.5152394
vn -0.0677574 -0.8543637 0.5152394
vn -0.2125436 -0.8543637 -0.4742235
vn -0.2125436 -0.8543637 -0.4742235
vn -0.0677574 -0.8543637 0.5152394
vn -0.1447862 0.0000000 -0.9894630
vn -0.2125436 -0.8543637 -0.4742235
vn -0.2125436 -0.8543637 -0.4742235
vn -0.1447862 0.0000000 -0.9894630
vn -0.1447862 0.0000000 -0.9894630
vn -0.2125436 -0.8543637 -0.4742235
vn 0.0677574 0.8543637 -0.5152394
vn -0.1447862 0.0000000 -0.9894630
vn -0.1447862 0.0000000 -0.9894630
vn 0.0677574 0.8543637 -0.5152394
vn 0.0677574 0.8543637 -0.5152394
vn -0.1447862 0.0000000 -0.9894630
vn 0.2125436 0.8543637 0.4742235
vn 0.0677574 0.8543637 -0.5152394
vn 0.0677574 0.8543637 -0.5152394
vn 0.2125436 0.8543637 0.4742235
vn 0.2125436 0.8543637 0.4742235
vn 0.0677574 0.8543637 -0.5152394
vn 0.1447862 0.0000000 0.9894630
vn 0.2125436 0.8543637 0.4742235
vn 0.2125436 0.8543637 0.4742235
vn 0.1447862 0.0000000 0.9894630
vn 0.1447862 0.0000000 0.9894630
vn 0.2125436 0.8543637 0.4742235
vn -0.9761390 0.1635552 0.1428365
vn -0.9761390 0.1635552 0.1428365
vn -0.9761390 0.1635552 0.1428365
vn 0.9761390 -0.1635552 -0.1428365
vn 0.9761390 -0.1635552 -0.1428365
vn 0.9761390 -0.1635552 -0.1428365
vn -0.9761390 0.1635552 0.1428365
vn -0.9761390 0.1635552 0.1428365
vn -0.9761390 0.1635552 0.1428365
vn 0.9761390 -0.1635552 -0.1428365
vn 0.9761390 -0.1635552 -0.1428365
vn 0.9761390 -0.1635552 -0.1428365
vn -0.9761390 0.1635552 0.1428365
vn -0.9761390 0.1635552 0.1428365
vn -0.9761390 0.1635552 0.1428365
vn 0.9761390 -0.1635552 -0.1428365
vn 0.9761390 -0.1635552 -0.1428365
vn 0.9761390 -0.1635552 -0.1428365
vn -0.9761390 0.1635552 0.1428365
vn -0.9761390 0.1635552 0.1428365
vn -0.9761390 0.1635552 0.1428365
vn 0.9761390 -0.1635552 -0.1428365
vn 0.9761390 -0.1635552 -0.1428365
vn 0.9761390 -0.1635552 -0.1428365
vn -0.4375380 -0.8552620 0.2776463
vn -0.6739639 0.0000000 0.7387643
vn -0.6739639 0.0000000 0.7387643
vn -0.4375380 -0.8552620 0.2776463
vn -0.4375380 -0.8552620 0.2776463
vn -0.6739639 0.0000000 0.7387643
vn 0.2364259 -0.8552620 -0.4611179
vn -0.4375380 -0.8552620 0.2776463
vn -0.4375380 -0.8552620 0.2776463
vn 0.2364259 -0.8552620 -0.4611179
vn 0.2364259 -0.8552620 -0.4611179
vn -0.4375380 -0.8552620 0.2776463
vn 0.6739639 0.0000000 -0.7387643
vn 0.2364259 -0.8552620 -0.4611179
vn 0.2364259 -0.8552620 -0.4611179
vn 0.6739639 0.0000000 -0.7387643
vn 0.6739639 0.0000000 -0.7387643
vn 0.2364259 -0.8552620 -0.4611179
vn 0.4375380 0.8552620 -0.2776463
vn 0.6739639 0.0000000 -0.7387643
vn 0.6739639 0.0000000 -0.7387643
vn 0.4375380 0.8552620 -0.2776463
vn 0.4375380 0.8552620 -0.2776463
vn 0.6739639 0.0000000 -0.7387643
vn -0.2364259 0.8552620 0.4611179
vn 0.4375380 0.8552620 -0.2776463
vn 0.4375380 0.8552620 -0.2776463
vn -0.2364259 0.8552620 0.4611179
vn -0.2364259 0.8552620 0.4611179
vn 0.4375380 0.8552620 -0.2776463
vn -0.6739639 0.0000000 0.7387643
vn -0.2364259 0.8552620 0.4611179
vn -0.2364259 0.8552620 0.4611179
vn -0.6739639 0.0000000 0.7387643
vn -0.6739639 0.0000000 0.7387643
vn -0.2364259 0.8552620 0.4611179
vn -0.7295825 0.1571707 -0.6655875
vn -0.7295825 0.1571707 -0.6655875
vn -0.7295825 0.1571707 -0.6655875
vn 0.7295825 -0.1571707 0.6655875
vn 0.7295825 -0.1571707 0.6655875
vn 0.7295825 -0.1571707 0.6655875
vn -0.7295825 0.1571707 -0.6655875
vn -0.7295825 0.1571707 -0.6655875
vn -0.7295825 0.1571707 -0.6655875
vn 0.7295825 -0.1571707 0.6655875
vn 0.7295825 -0.1571707 0.6655875
vn 0.7295825 -0.1571707 0.6655875
vn -0.7295825 0.1571707 -0.6655875
vn -0.7295825 0.1571707 -0.6655875
vn -0.7295825 0.1571707 -0.6655875
vn 0.7295825 -0.1571707 0.6655875
vn 0.7295825 -0.1571707 0.6655875
vn 0.7295825 -0.1571707 0.6655875
vn -0.7295825 0.1571707 -0.6655875
vn -0.7295825 0.1571707 -0.6655875
vn -0.7295825 0.1571707 -0.6655875
vn 0.7295825 -0.1571707 0.6655875
vn 0.7295825 -0.1571707 0.6655875
vn 0.7295825 -0.1571707 0.6655875
vn -0.4397921 -0.8470128 0.2985837
vn -0.5875044 0.0000000 0.8092209
vn -0.5875044 0.0000000 0.8092209
vn -0.4397921 -0.8470128 0.2985837
vn -0.4397921 -0.8470128 0.2985837
vn -0.5875044 0.0000000 0.8092209
vn 0.1477123 -0.8470128 -0.5106373
vn -0.4397921 -0.8470128 0.2985837
vn -0.4397921 -0.8470128 0.2985837
vn 0.1477123 -0.8470128 -0.5106373
vn 0.1477123 -0.8470128 -0.5106373
vn -0.4397921 -0.8470128 0.2985837
vn 0.5875044 0.0000000 -0.8092209
vn 0.1477123 -0.8470128 -0.5106373
vn 0.1477123 -0.8470128 -0.5106373
vn 0.5875044 0.0000000 -0.8092209
vn 0.5875044 0.0000000 -0.8092209
vn 0.1477123 -0.8470128 -0.5106373
vn 0.4397921 0.8470128 -0.2985837
vn 0.5875044 0.0000000 -0.8092209
vn 0.5875044 0.0000000 -0.8092209
vn 0.4397921 0.8470128 -0.2985837
vn 0.4397921 0.8470128 -0.2985837
vn 0.5875044 0.0000000 -0.8092209
vn -0.1477123 0.8470128 0.5106373
vn 0.4397921 0.8470128 -0.2985837
vn 0.4397921 0.8470128 -0.2985837
vn -0.1477123 0.8470128 0.5106373
vn -0.1477123 0.8470128 0.5106373
vn 0.4397921 0.8470128 -0.2985837
vn -0.5875044 0.0000000 0.8092209
vn -0.1477123 0.8470128 0.5106373
vn -0.1477123 0.8470128 0.5106373
vn -0.5875044 0.0000000 0.8092209
vn -0.5875044 0.0000000 0.8092209
vn -0.1477123 0.8470128 0.5106373
vn -0.7914554 0.2083885 -0.5746064
vn -0.7914554 0.2083885 -0.5746064
vn -0.7914554 0.2083885 -0.5746064
vn 0.7914554 -0.2083885 0.5746064
vn 0.7914554 -0.2083885 0.5746064
vn 0.7914554 -0.2083885 0.5746064
vn -0.7914554 0.2083885 -0.5746064
vn -0.7914554 0.2083885 -0.5746064
vn -0.7914554 0.2083885 -0.5746064
vn 0.7914554 -0.2083885 0.5746064
vn 0.7914554 -0.2083885 0.5746064
vn 0.7914554 -0.2083885 0.5746064
vn -0.7914554 0.2083885 -0.5746064
vn -0.7914554 0.2083885 -0.5746064
vn -0.7914554 0.2083885 -0.5746064
vn 0.7914554 -0.2083885 0.5746064
vn 0.7914554 -0.2083885 0.5746064
vn 0.7914554 -0.2083885 0.5746064
vn -0.7914554 0.2083885 -0.5746064
vn -0.7914554 0.2083885 -0.5746064
vn -0.7914554 0.2083885 -0.5746064
vn 0.7914554 -0.2083885 0.5746064
vn 0.7914554 -0.2083885 0.5746064
vn 0.7914554 -0.2083885 0.5746064
vn -0.4145076 -0.8325106 0.3675725
vn -0.3895203 0.0000000 0.9210179
vn -0.3895203 0.0000000 0.9210179
vn -0.4145076 -0.8325106 0.3675725
vn -0.4145076 -0.8325106 0.3675725
vn -0.3895203 0.0000000 0.9210179
vn -0.0249873 -0.8325106 -0.5534454
vn -0.4145076 -0.8325106 0.3675725
vn -0.4145076 -0.8325106 0.3675725
vn -0.0249873 -0.8325106 -0.5534454
vn -0.0249873 -0.8325106 -0.5534454
vn -0.4145076 -0.8325106 0.3675725
vn 0.3895203 0.0000000 -0.9210179
vn -0.0249873 -0.8325106 -0.5534454
vn -0.0249873 -0.8325106 -0.5534454
vn 0.3895203 0.0000000 -0.9210179
vn 0.3895203 0.0000000 -0.9210179
vn -0.0249873 -0.8325106 -0.5534454
vn 0.4145076 0.8325106 -0.3675725
vn 0.3895203 0.0000000 -0.9210179
vn 0.3895203 0.0000000 -0.9210179
vn 0.4145076 0.8325106 -0.3675725
vn 0.4145076 0.8325106 -0.3675725
vn 0.3895203 0.0000000 -0.9210179
vn 0.0249873 0.8325106 0.5534454
vn 0.4145076 0.8325106 -0.3675725
vn 0.4145076 0.8325106 -0.3675725
vn 0.0249873 0.8325106 0.5534454
vn 0.0249873 0.8325106 0.5534454
vn 0.4145076 0.8325106 -0.3675725
vn -0.3895203 0.0000000 0.9210179
vn 0.0249873 0.8325106 0.5534454
vn 0.0249873 0.8325106 0.5534454
vn -0.3895203 0.0000000 0.9210179
vn -0.3895203 0.0000000 0.9210179
vn 0.0249873 0.8325106 0.5534454
vn -0.8853749 0.2755023 -0.3744461
vn -0.8853749 0.2755023 -0.3744461
vn -0.8853749 0.2755023 -0.3744461
vn 0.8853749 -0.2755023 0.3744461
vn 0.8853749 -0.2755023 0.3744461
vn 0.8853749 -0.2755023 0.3744461
vn -0.8853749 0.2755023 -0.3744461
vn -0.8853749 0.2755023 -0.3744461
vn -0.8853749 0.2755023 -0.3744461
vn 0.8853749 -0.2755023 0.3744461
vn 0.8853749 -0.2755023 0.3744461
vn 0.8853749 -0.2755023 0.3744461
vn -0.8853749 0.2755023 -0.3744461
vn -0.8853749 0.2755023 -0.3744461
vn -0.8853749 0.2755023 -0.3744461
vn 0.8853749 -0.2755023 0.3744461
vn 0.8853749 -0.2755023 0.3744461
vn 0.8853749 -0.2755023 0.3744461
vn -0.8853749 0.2755023 -0.3744461
vn -0.8853749 0.2755023 -0.3744461
vn -0.8853749 0.2755023 -0.3744461
vn 0.8853749 -0.2755023 0.3744461
vn 0.8853749 -0.2755023 0.3744461
vn 0.8853749 -0.2755023 0.3744461
vn -0.3931165 -0.8175601 0.4207789
vn -0.2302900 0.0000000 0.9731220
vn -0.2302900 0.0000000 0.9731220
vn -0.3931165 -0.8175601 0.4207789
vn -0.3931165 -0.8175601 0.4207789
vn -0.2302900 0.0000000 0.9731220
vn -0.1628265 -0.8175601 -0.5523432
vn -0.3931165 -0.8175601 0.4207789
vn -0.3931165 -0.8175601 0.4207789
vn -0.1628265 -0.8175601 -0.5523432
vn -0.1628265 -0.8175601 -0.5523432
vn -0.3931165 -0.8175601 0.4207789
vn 0.2302900 0.0000000 -0.9731220
vn -0.1628265 -0.8175601 -0.5523432
vn -0.1628265 -0.8175601 -0.5523432
vn 0.2302900 0.0000000 -0.9731220
vn 0.2302900 0.0000000 -0.9731220
vn -0.1628265 -0.8175601 -0.5523432
vn 0.3931165 0.8175601 -0.4207789
vn 0.2302900 0.0000000 -0.9731220
vn 0.2302900 0.0000000 -0.9731220
vn 0.3931165 0.8175601 -0.4207789
vn 0.3931165 0.8175601 -0.4207789
vn 0.2302900 0.0000000 -0.9731220
vn 0.1628265 0.8175601 0.5523432
vn 0.3931165 0.8175601 -0.4207789
vn 0.3931165 0.8175601 -0.4207789
vn 0.1628265 0.8175601 0.5523432
vn 0.1628265 0.8175601 0.5523432
vn 0.3931165 0.8175601 -0.4207789
vn -0.2302900 0.0000000 0.9731220
vn 0.1628265 0.8175601 0.5523432
vn 0.1628265 0.8175601 0.5523432
vn -0.2302900 0.0000000 0.9731220
vn -0.2302900 0.0000000 0.9731220
vn 0.1628265 0.8175601 0.5523432
vn -0.9186633 0.3298392 -0.2174023
vn -0.9186633 0.3298392 -0.2174023
vn -0.9186633 0.3298392 -0.2174023
vn 0.9186633 -0.3298392 0.2174023
vn 0.9186633 -0.3298392 0.2174023
vn 0.9186633 -0.3298392 0.2174023
vn -0.9186633 0.3298392 -0.2174023
vn -0.9186633 0.3298392 -0.2174023
vn -0.9186633 0.3298392 -0.2174023
vn 0.9186633 -0.3298392 0.2174023
vn 0.9186633 -0.3298392 0.2174023
vn 0.9186633 -0.3298392 0.2174023
vn -0.9186633 0.3298392 -0.2174023
vn -0.9186633 0.3298392 -0.2174023
vn -0.9186633 0.3298392 -0.2174023
vn 0.9186633 -0.3298392 0.2174023
vn 0.9186633 -0.3298392 0.2174023
vn 0.9186633 -0.3298392 0.2174023
vn -0.9186633 0.3298392 -0.2174023
vn -0.9186633 0.3298392 -0.2174023
vn -0.9186633 0.3298392 -0.2174023
vn 0.9186633 -0.3298392 0.2174023
vn 0.9186633 -0.3298392 0.2174023
vn 0.9186633 -0.3298392 0.2174023
vn -0.0777064 -0.8334808 0.5470570
vn -0.5486564 0.0000000 0.8360479
vn -0.5486564 0.0000000 0.8360479
vn -0.0777064 -0.8334808 0.5470570
vn -0.0777064 -0.8334808 0.5470570
vn -0.5486564 0.0000000 0.8360479
vn 0.4709501 -0.8334808 -0.2889909
vn -0.0777064 -0.8334808 0.5470570
vn -0.0777064 -0.8334808 0.5470570
vn 0.4709501 -0.8334808 -0.2889909
vn 0.4709501 -0.8334808 -0.2889909
vn -0.0777064 -0.8334808 0.5470570
vn 0.5486564 0.0000000 -0.8360479
vn 0.4709501 -0.8334808 -0.2889909
vn 0.4709501 -0.8334808 -0.2889909
vn 0.5486564 0.0000000 -0.8360479
vn 0.5486564 0.0000000 -0.8360479
vn 0.4709501 -0.8334808 -0.2889909
vn 0.0777064 0.8334808 -0.5470570
vn 0.5486564 0.0000000 -0.8360479
vn 0.5486564 0.0000000 -0.8360479
vn 0.0777064 0.8334808 -0.5470570
vn 0.0777064 0.8334808 -0.5470570
vn 0.5486564 0.0000000 -0.8360479
vn -0.4709501 0.8334808 0.2889909
vn 0.0777064 0.8334808 -0.5470570
vn 0.0777064 0.8334808 -0.5470570
vn -0.4709501 0.8334808 0.2889909
vn -0.4709501 0.8334808 0.2889909
vn 0.0777064 0.8334808 -0.5470570
vn -0.5486564 0.0000000 0.8360479
vn -0.4709501 0.8334808 0.2889909
vn -0.4709501 0.8334808 0.2889909
vn -0.5486564 0.0000000 0.8360479
vn -0.5486564 0.0000000 0.8360479
vn -0.4709501 0.8334808 0.2889909
vn -0.8046299 -0.2715626 -0.5280384
vn -0.8046299 -0.2715626 -0.5280384
vn -0.8046299 -0.2715626 -0.5280384
vn 0.8046299 0.2715626 0.5280384
vn 0.8046299 0.2715626 0.5280384
vn 0.8046299 0.2715626 0.5280384
vn -0.8046299 -0.2715626 -0.5280384
vn -0.8046299 -0.2715626 -0.5280384
vn -0.8046299 -0.2715626 -0.5280384
vn 0.8046299 0.2715626 0.5280384
vn 0.8046299 0.2715626 0.5280384
vn 0.8046299 0.2715626 0.5280384
vn -0.8046299 -0.2715626 -0.5280384
vn -0.8046299 -0.2715626 -0.5280384
vn -0.8046299 -0.2715626 -0.5280384
vn 0.8046299 0.2715626 0.5280384
vn 0.8046299 0.2715626 0.5280384
vn 0.8046299 0.2715626 0.5280384
vn -0.8046299 -0.2715626 -0.5280384
vn -0.8046299 -0.2715626 -0.5280384
vn -0.8046299 -0.2715626 -0.5280384
vn 0.8046299 0.2715626 0.5280384
vn 0.8046299 0.2715626 0.5280384
vn 0.8046299 0.2715626 0.5280384
vn -0.0616940 -0.8393212 0.5401238
vn -0.4943827 0.0000000 0.8692443
vn -0.4943827 0.0000000 0.8692443
vn -0.0616940 -0.8393212 0.5401238
vn -0.0616940 -0.8393212 0.5401238
vn -0.4943827 0.0000000 0.8692443
vn 0.4326888 -0.8393212 -0.3291205
vn -0.0616940 -0.8393212 0.5401238
vn -0.0616940 -0.8393212 0.5401238
vn 0.4326888 -0.8393212 -0.3291205
vn 0.4326888 -0.8393212 -0.3291205
vn -0.0616940 -0.8393212 0.5401238
vn 0.4943827 0.0000000 -0.8692443
vn 0.4326888 -0.8393212 -0.3291205
vn 0.4326888 -0.8393212 -0.3291205
vn 0.4943827 0.0000000 -0.8692443
vn 0.4943827 0.0000000 -0.8692443
vn 0.4326888 -0.8393212 -0.3291205
vn 0.0616940 0.8393212 -0.5401238
vn 0.4943827 0.0000000 -0.8692443
vn 0.4943827 0.0000000 -0.8692443
vn 0.0616940 0.8393212 -0.5401238
vn 0.0616940 0.8393212 -0.5401238
vn 0.4943827 0.0000000 -0.8692443
vn -0.4326888 0.8393212 0.3291205
vn 0.0616940 0.8393212 -0.5401238
vn 0.0616940 0.8393212 -0.5401238
vn -0.4326888 0.8393212 0.3291205
vn -0.4326888 0.8393212 0.3291205
vn 0.0616940 0.8393212 -0.5401238
vn -0.4943827 0.0000000 0.8692443
vn -0.4326888 0.8393212 0.3291205
vn -0.4326888 0.8393212 0.3291205
vn -0.4943827 0.0000000 0.8692443
vn -0.4943827 0.0000000 0.8692443
vn -0.4326888 0.8393212 0.3291205
vn -0.8424409 -0.2464140 -0.4791383
vn -0.8424409 -0.2464140 -0.4791383
vn -0.8424409 -0.2464140 -0.4791383
vn 0.8424409 0.2464140 0.4791383
vn 0.8424409 0.2464140 0.4791383
vn 0.8424409 0.2464140 0.4791383
vn -0.8424409 -0.2464140 -0.4791383
vn -0.8424409 -0.2464140 -0.4791383
vn -0.8424409 -0.2464140 -0.4791383
vn 0.8424409 0.2464140 0.4791383
vn 0.8424409 0.2464140 0.4791383
vn 0.8424409 0.2464140 0.4791383
vn -0.8424409 -0.2464140 -0.4791383
vn -0.8424409 -0.2464140 -0.4791383
vn -0.8424409 -0.2464140 -0.4791383
vn 0.8424409 0.2464140 0.4791383
vn 0.8424409 0.2464140 0.4791383
vn 0.8424409 0.2464140 0.4791383
vn -0.8424409 -0.2464140 -0.4791383
vn -0.8424409 -0.2464140 -0.4791383
vn -0.8424409 -0.2464140 -0.4791383
vn 0.8424409 0.2464140 0.4791383
vn 0.8424409 0.2464140 0.4791383
vn 0.8424409 0.2464140 0.4791383
vn -0.0469615 -0.8452601 0.5322875
vn -0.4336463 0.0000000 0.9010832
vn -0.4336463 0.0000000 0.9010832
vn -0.0469615 -0.8452601 0.5322875
vn -0.0469615 -0.8452601 0.5322875
vn -0.4336463 0.0000000 0.9010832
vn 0.3866848 -0.8452601 -0.3687957
vn -0.0469615 -0.8452601 0.5322875
vn -0.0469615 -0.8452601 0.5322875
vn 0.3866848 -0.8452601 -0.3687957
vn 0.3866848 -0.8452601 -0.3687957
vn -0.0469615 -0.8452601 0.5322875
vn 0.4336463 0.0000000 -0.9010832
vn 0.3866848 -0.8452601 -0.3687957
vn 0.3866848 -0.8452601 -0.3687957
vn 0.4336463 0.0000000 -0.9010832
vn 0.4336463 0.0000000 -0.9010832
vn 0.3866848 -0.8452601 -0.3687957
vn 0.0469615 0.8452601 -0.5322875
vn 0.4336463 0.0000000 -0.9010832
vn 0.4336463 0.0000000 -0.9010832
vn 0.0469615 0.8452601 -0.5322875
vn 0.0469615 0.8452601 -0.5322875
vn 0.4336463 0.0000000 -0.9010832
vn -0.3866848 0.8452601 0.3687957
vn 0.0469615 0.8452601 -0.5322875
vn 0.0469615 0.8452601 -0.5322875
vn -0.3866848 0.8452601 0.3687957
vn -0.3866848 0.8452601 0.3687957
vn 0.0469615 0.8452601 -0.5322875
vn -0.4336463 0.0000000 0.9010832
vn -0.3866848 0.8452601 0.3687957
vn -0.3866848 0.8452601 0.3687957
vn -0.4336463 0.0000000 0.9010832
vn -0.4336463 0.0000000 0.9010832
vn -0.3866848 0.8452601 0.3687957
vn -0.8794773 -0.2176706 -0.4232484
vn -0.8794773 -0.2176706 -0.4232484
vn -0.8794773 -0.2176706 -0.4232484
vn 0.8794773 0.2176706 0.4232484
vn 0.8794773 0.2176706 0.4232484
vn 0.8794773 0.2176706 0.4232484
vn -0.8794773 -0.2176706 -0.4232484
vn -0.8794773 -0.2176706 -0.4232484
vn -0.8794773 -0.2176706 -0.4232484
vn 0.8794773 0.2176706 0.4232484
vn 0.8794773 0.2176706 0.4232484
vn 0.8794773 0.2176706 0.4232484
vn -0.8794773 -0.2176706 -0.4232484
vn -0.8794773 -0.2176706 -0.4232484
vn -0.8794773 -0.2176706 -0.4232484
vn 0.8794773 0.2176706 0.4232484
vn 0.8794773 0.2176706 0.4232484
vn 0.8794773 0.2176706 0.4232484
vn -0.8794773 -0.2176706 -0.4232484
vn -0.8794773 -0.2176706 -0.4232484
vn -0.8794773 -0.2176706 -0.4232484
vn 0.8794773 0.2176706 0.4232484
vn 0.8794773 0.2176706 0.4232484
vn 0.8794773 0.2176706 0.4232484
vn -0.0339809 -0.8510501 0.5239837
vn -0.3663720 0.0000000 0.9304685
vn -0.3663720 0.0000000 0.9304685
vn -0.0339809 -0.8510501 0.5239837
vn -0.0339809 -0.8510501 0.5239837
vn -0.3663720 0.0000000 0.9304685
vn 0.3323910 -0.8510501 -0.4064848
vn -0.0339809 -0.8510501 0.5239837
vn -0.0339809 -0.8510501 0.5239837
vn 0.3323910 -0.8510501 -0.4064848
vn 0.3323910 -0.8510501 -0.4064848
vn -0.0339809 -0.8510501 0.5239837
vn 0.3663720 0.0000000 -0.9304685
vn 0.3323910 -0.8510501 -0.4064848
vn 0.3323910 -0.8510501 -0.4064848
vn 0.3663720 0.0000000 -0.9304685
vn 0.3663720 0.0000000 -0.9304685
vn 0.3323910 -0.8510501 -0.4064848
vn 0.0339809 0.8510501 -0.5239837
vn 0.3663720 0.0000000 -0.9304685
vn 0.3663720 0.0000000 -0.9304685
vn 0.0339809 0.8510501 -0.5239837
vn 0.0339809 0.8510501 -0.5239837
vn 0.3663720 0.0000000 -0.9304685
vn -0.3323910 0.8510501 0.4064848
vn 0.0339809 0.8510501 -0.5239837
vn 0.0339809 0.8510501 -0.5239837
vn -0.3323910 0.8510501 0.4064848
vn -0.3323910 0.8510501 0.4064848
vn 0.0339809 0.8510501 -0.5239837
vn -0.3663720 0.0000000 0.9304685
vn -0.3323910 0.8510501 0.4064848
vn -0.3323910 0.8510501 0.4064848
vn -0.3663720 0.0000000 0.9304685
vn -0.3663720 0.0000000 0.9304685
vn -0.3323910 0.8510501 0.4064848
vn -0.9143789 -0.1851617 -0.3600367
vn -0.9143789 -0.1851617 -0.3600367
vn -0.9143789 -0.1851617 -0.3600367
vn 0.9143789 0.1851617 0.3600367
vn 0.9143789 0.1851617 0.3600367
vn 0.9143789 0.1851617 0.3600367
vn -0.9143789 -0.1851617 -0.3600367
vn -0.9143789 -0.1851617 -0.3600367
vn -0.9143789 -0.1851617 -0.3600367
vn 0.9143789 0.1851617 0.3600367
vn 0.9143789 0.1851617 0.3600367
vn 0.9143789 0.1851617 0.3600367
vn -0.9143789 -0.1851617 -0.3600367
vn -0.9143789 -0.1851617 -0.3600367
vn -0.9143789 -0.1851617 -0.3600367
vn 0.9143789 0.1851617 0.3600367
vn 0.9143789 0.1851617 0.3600367
vn 0.9143789 0.1851617 0.3600367
vn -0.9143789 -0.1851617 -0.3600367
vn -0.9143789 -0.1851617 -0.3600367
vn -0.9143789 -0.1851617 -0.3600367
vn 0.9143789 0.1851617 0.3600367
vn 0.9143789 0.1851617 0.3600367
vn 0.9143789 0.1851617 0.3600367
vn -0.0231002 -0.8563690 0.5158474
vn -0.2928258 0.0000000 0.9561658
vn -0.2928258 0.0000000 0.9561658
vn -0.0231002 -0.8563690 0.5158474
vn -0.0231002 -0.8563690 0.5158474
vn -0.2928258 0.0000000 0.9561658
vn 0.2697256 -0.8563690 -0.4403184
vn -0.0231002 -0.8563690 0.5158474
vn -0.0231002 -0.8563690 0.5158474
vn 0.2697256 -0.8563690 -0.4403184
vn 0.2697256 -0.8563690 -0.4403184
vn -0.0231002 -0.8563690 0.5158474
vn 0.2928258 0.0000000 -0.9561658
vn 0.2697256 -0.8563690 -0.4403184
vn 0.2697256 -0.8563690 -0.4403184
vn 0.2928258 0.0000000 -0.9561658
vn 0.2928258 0.0000000 -0.9561658
vn 0.2697256 -0.8563690 -0.4403184
vn 0.0231002 0.8563690 -0.5158474
vn 0.2928258 0.0000000 -0.9561658
vn 0.2928258 0.0000000 -0.9561658
vn 0.0231002 0.8563690 -0.5158474
vn 0.0231002 0.8563690 -0.5158474
vn 0.2928258 0.0000000 -0.9561658
vn -0.2697256 0.8563690 0.4403184
vn 0.0231002 0.8563690 -0.5158474
vn 0.0231002 0.8563690 -0.5158474
vn -0.2697256 0.8563690 0.4403184
vn -0.2697256 0.8563690 0.4403184
vn 0.0231002 0.8563690 -0.5158474
vn -0.2928258 0.0000000 0.9561658
vn -0.2697256 0.8563690 0.4403184
vn -0.2697256 0.8563690 0.4403184
vn -0.2928258 0.0000000 0.9561658
vn -0.2928258 0.0000000 0.9561658
vn -0.2697256 0.8563690 0.4403184
vn -0.9455043 -0.1489169 -0.2895607
vn -0.9455043 -0.1489169 -0.2895607
vn -0.9455043 -0.1489169 -0.2895607
vn 0.9455043 0.1489169 0.2895607
vn 0.9455043 0.1489169 0.2895607
vn 0.9455043 0.1489169 0.2895607
vn -0.9455043 -0.1489169 -0.2895607
vn -0.9455043 -0.1489169 -0.2895607
vn -0.9455043 -0.1489169 -0.2895607
vn 0.9455043 0.1489169 0.2895607
vn 0.9455043 0.1489169 0.2895607
vn 0.9455043 0.1489169 0.2895607
vn -0.9455043 -0.1489169 -0.2895607
vn -0.9455043 -0.1489169 -0.2895607
vn -0.9455043 -0.1489169 -0.2895607
vn 0.9455043 0.1489169 0.2895607
vn 0.9455043 0.1489169 0.2895607
vn 0.9455043 0.1489169 0.2895607
vn -0.9455043 -0.1489169 -0.2895607
vn -0.9455043 -0.1489169 -0.2895607
vn -0.9455043 -0.1489169 -0.2895607
vn 0.9455043 0.1489169 0.2895607
vn 0.9455043 0.1489169 0.2895607
vn 0.9455043 0.1489169 0.2895607
vn -0.0144262 -0.8608423 0.5086674
vn -0.2136969 0.0000000 0.9769000
vn -0.2136969 0.0000000 0.9769000
vn -0.0144262 -0.8608423 0.5086674
vn -0.0144262 -0.8608423 0.5086674
vn -0.2136969 0.0000000 0.9769000
vn 0.1992706 -0.8608423 -0.4682327
vn -0.0144262 -0.8608423 0.5086674
vn -0.0144262 -0.8608423 0.5086674
vn 0.1992706 -0.8608423 -0.4682327
vn 0.1992706 -0.8608423 -0.4682327
vn -0.0144262 -0.8608423 0.5086674
vn 0.2136969 0.0000000 -0.9769000
vn 0.1992706 -0.8608423 -0.4682327
vn 0.1992706 -0.8608423 -0.4682327
vn 0.2136969 0.0000000 -0.9769000
vn 0.2136969 0.0000000 -0.9769000
vn 0.1992706 -0.8608423 -0.4682327
vn 0.0144262 0.8608423 -0.5086674
vn 0.2136969 0.0000000 -0.9769000
vn 0.2136969 0.0000000 -0.9769000
vn 0.0144262 0.8608423 -0.5086674
vn 0.0144262 0.8608423 -0.5086674
vn 0.2136969 0.0000000 -0.9769000
vn -0.1992706 0.8608423 0.4682327
vn 0.0144262 0.8608423 -0.5086674
vn 0.0144262 0.8608423 -0.5086674
vn -0.1992706 0.8608423 0.4682327
vn -0.1992706 0.8608423 0.4682327
vn 0.0144262 0.8608423 -0.5086674
vn -0.2136969 0.0000000 0.9769000
vn -0.1992706 0.8608423 0.4682327
vn -0.1992706 0.8608423 0.4682327
vn -0.2136969 0.0000000 0.9769000
vn -0.2136969 0.0000000 0.9769000
vn -0.1992706 0.8608423 0.4682327
vn -0.9710533 -0.1092435 -0.2124179
vn -0.9710533 -0.1092435 -0.2124179
vn -0.9710533 -0.1092435 -0.2124179
vn 0.9710533 0.1092435 0.2124179
vn 0.9710533 0.1092435 0.2124179
vn 0.9710533 0.1092435 0.2124179
vn -0.9710533 -0.1092435 -0.2124179
vn -0.9710533 -0.1092435 -0.2124179
vn -0.9710533 -0.1092435 -0.2124179
vn 0.9710533 0.1092435 0.2124179
vn 0.9710533 0.1092435 0.2124179
vn 0.9710533 0.1092435 0.2124179
vn -0.9710533 -0.1092435 -0.2124179
vn -0.9710533 -0.1092435 -0.2124179
vn -0.9710533 -0.1092435 -0.2124179
vn 0.9710533 0.1092435 0.2124179
vn 0.9710533 0.1092435 0.2124179
vn 0.9710533 0.1092435 0.2124179
vn -0.9710533 -0.1092435 -0.2124179
vn -0.9710533 -0.1092435 -0.2124179
vn -0.9710533 -0.1092435 -0.2124179
vn 0.9710533 0.1092435 0.2124179
vn 0.9710533 0.1092435 0.2124179
vn 0.9710533 0.1092435 0.2124179
vn -0.0077285 -0.8640924 0.5032739
vn -0.1301339 0.0000000 0.9914964
vn -0.1301339 0.0000000 0.9914964
vn -0.0077285 -0.8640924 0.5032739
vn -0.0077285 -0.8640924 0.5032739
vn -0.1301339 0.0000000 0.9914964
vn 0.1224054 -0.8640924 -0.4882225
vn -0.0077285 -0.8640924 0.5032739
vn -0.0077285 -0.8640924 0.5032739
vn 0.1224054 -0.8640924 -0.4882225
vn 0.1224054 -0.8640924 -0.4882225
vn -0.0077285 -0.8640924 0.5032739
vn 0.1301339 0.0000000 -0.9914964
vn 0.1224054 -0.8640924 -0.4882225
vn 0.1224054 -0.8640924 -0.4882225
vn 0.1301339 0.0000000 -0.9914964
vn 0.1301339 0.0000000 -0.9914964
vn 0.1224054 -0.8640924 -0.4882225
vn 0.0077285 0.8640924 -0.5032739
vn 0.1301339 0.0000000 -0.9914964
vn 0.1301339 0.0000000 -0.9914964
vn 0.0077285 0.8640924 -0.5032739
vn 0.0077285 0.8640924 -0.5032739
vn 0.1301339 0.0000000 -0.9914964
vn -0.1224054 0.8640924 0.4882225
vn 0.0077285 0.8640924 -0.5032739
vn 0.0077285 0.8640924 -0.5032739
vn -0.1224054 0.8640924 0.4882225
vn -0.1224054 0.8640924 0.4882225
vn 0.0077285 0.8640924 -0.5032739
vn -0.1301339 0.0000000 0.9914964
vn -0.1224054 0.8640924 0.4882225
vn -0.1224054 0.8640924 0.4882225
vn -0.1301339 0.0000000 0.9914964
vn -0.1301339 0.0000000 0.9914964
vn -0.1224054 0.8640924 0.4882225
vn -0.9892834 -0.0667766 -0.1298434
vn -0.9892834 -0.0667766 -0.1298434
vn -0.9892834 -0.0667766 -0.1298434
vn 0.9892834 0.0667766 0.1298434
vn 0.9892834 0.0667766 0.1298434
vn 0.9892834 0.0667766 0.1298434
vn -0.9892834 -0.0667766 -0.1298434
vn -0.9892834 -0.0667766 -0.1298434
vn -0.9892834 -0.0667766 -0.1298434
vn 0.9892834 0.0667766 0.1298434
vn 0.9892834 0.0667766 0.1298434
vn 0.9892834 0.0667766 0.1298434
vn -0.9892834 -0.0667766 -0.1298434
vn -0.9892834 -0.0667766 -0.1298434
vn -0.9892834 -0.0667766 -0.1298434
vn 0.9892834 0.0667766 0.1298434
vn 0.9892834 0.0667766 0.1298434
vn 0.9892834 0.0667766 0.1298434
vn -0.9892834 -0.0667766 -0.1298434
vn -0.9892834 -0.0667766 -0.1298434
vn -0.9892834 -0.0667766 -0.1298434
vn 0.9892834 0.0667766 0.1298434
vn 0.9892834 0.0667766 0.1298434
vn 0.9892834 0.0667766 0.1298434
vn -0.0024107 -0.8658067 0.5003728
vn -0.0437082 0.0000000 0.9990443
vn -0.0437082 0.0000000 0.9990443
vn -0.0024107 -0.8658067 0.5003728
vn -0.0024107 -0.8658067 0.5003728
vn -0.0437082 0.0000000 0.9990443
vn 0.0412975 -0.8658067 -0.4986715
vn -0.0024107 -0.8658067 0.5003728
vn -0.0024107 -0.8658067 0.5003728
vn 0.0412975 -0.8658067 -0.4986715
vn 0.0412975 -0.8658067 -0.4986715
vn -0.0024107 -0.8658067 0.5003728
vn 0.0437082 0.0000000 -0.9990443
vn 0.0412975 -0.8658067 -0.4986715
vn 0.0412975 -0.8658067 -0.4986715
vn 0.0437082 0.0000000 -0.9990443
vn 0.0437082 0.0000000 -0.9990443
vn 0.0412975 -0.8658067 -0.4986715
vn 0.0024107 0.8658067 -0.5003728
vn 0.0437082 0.0000000 -0.9990443
vn 0.0437082 0.0000000 -0.9990443
vn 0.0024107 0.8658067 -0.5003728
vn 0.0024107 0.8658067 -0.5003728
vn 0.0437082 0.0000000 -0.9990443
vn -0.0412975 0.8658067 0.4986715
vn 0.0024107 0.8658067 -0.5003728
vn 0.0024107 0.8658067 -0.5003728
vn -0.0412975 0.8658067 0.4986715
vn -0.0412975 0.8658067 0.4986715
vn 0.0024107 0.8658067 -0.5003728
vn -0.0437082 0.0000000 0.9990443
vn -0.0412975 0.8658067 0.4986715
vn -0.0412975 0.8658067 0.4986715
vn -0.0437082 0.0000000 0.9990443
vn -0.0437082 0.0000000 0.9990443
vn -0.0412975 0.8658067 0.4986715
vn -0.9987920 -0.0224728 -0.0436972
vn -0.9987920 -0.0224728 -0.0436972
vn -0.9987920 -0.0224728 -0.0436972
vn 0.9987920 0.0224728 0.0436972
vn 0.9987920 0.0224728 0.0436972
vn 0.9987920 0.0224728 0.0436972
vn -0.9987920 -0.0224728 -0.0436972
vn -0.9987920 -0.0224728 -0.0436972
vn -0.9987920 -0.0224728 -0.0436972
vn 0.9987920 0.0224728 0.0436972
vn 0.9987920 0.0224728 0.0436972
vn 0.9987920 0.0224728 0.0436972
vn -0.9987920 -0.0224728 -0.0436972
vn -0.9987920 -0.0224728 -0.0436972
vn -0.9987920 -0.0224728 -0.0436972
vn 0.9987920 0.0224728 0.0436972
vn 0.9987920 0.0224728 0.0436972
vn 0.9987920 0.0224728 0.0436972
vn -0.9987920 -0.0224728 -0.0436972
vn -0.9987920 -0.0224728 -0.0436972
vn -0.9987920 -0.0224728 -0.0436972
vn 0.9987920 0.0224728 0.0436972
vn 0.9987920 0.0224728 0.0436972
vn 0.9987920 0.0224728 0.0436972
vn 0.0024107 -0.8658067 0.5003728
vn 0.0437082 0.0000000 0.9990443
vn 0.0437082 0.0000000 0.9990443
vn 0.0024107 -0.8658067 0.5003728
vn 0.0024107 -0.8658067 0.5003728
vn 0.0437082 0.0000000 0.9990443
vn -0.0412975 -0.8658067 -0.4986715
vn 0.0024107 -0.8658067 0.5003728
vn 0.0024107 -0.8658067 0.5003728
vn -0.0412975 -0.8658067 -0.4986715
vn -0.0412975 -0.8658067 -0.4986715
vn 0.0024107 -0.8658067 0.5003728
vn -0.0437082 0.0000000 -0.9990443
vn -0.0412975 -0.8658067 -0.4986715
vn -0.0412975 -0.8658067 -0.4986715
vn -0.0437082 0.0000000 -0.9990443
vn -0.0437082 0.0000000 -0.9990443
vn -0.0412975 -0.8658067 -0.4986715
vn -0.0024107 0.8658067 -0.5003728
vn -0.0437082 0.0000000 -0.9990443
vn -0.0437082 0.0000000 -0.9990443
vn -0.0024107 0.8658067 -0.5003728
vn -0.0024107 0.8658067 -0.5003728
vn -0.0437082 0.0000000 -0.9990443
vn 0.0412975 0.8658067 0.4986715
vn -0.0024107 0.8658067 -0.5003728
vn -0.0024107 0.8658067 -0.5003728
vn 0.0412975 0.8658067 0.4986715
vn 0.0412975 0.8658067 0.4986715
vn -0.0024107 0.8658067 -0.5003728
vn 0.0437082 0.0000000 0.9990443
vn 0.0412975 0.8658067 0.4986715
vn 0.0412975 0.8658067 0.4986715
vn 0.0437082 0.0000000 0.9990443
vn 0.0437082 0.0000000 0.9990443
vn 0.0412975 0.8658067 0.4986715
vn -0.9987920 0.0224728 0.0436972
vn -0.9987920 0.0224728 0.0436972
vn -0.9987920 0.0224728 0.0436972
vn 0.9987920 -0.0224728 -0.0436972
vn 0.9987920 -0.0224728 -0.0436972
vn 0.9987920 -0.0224728 -0.0436972
vn -0.9987920 0.0224728 0.0436972
vn -0.9987920 0.0224728 0.0436972
vn -0.9987920 0.0224728 0.0436972
vn 0.9987920 -0.0224728 -0.0436972
vn 0.9987920 -0.0224728 -0.0436972
vn 0.9987920 -0.0224728 -0.0436972
vn -0.9987920 0.0224728 0.0436972
vn -0.9987920 0.0224728 0.0436972
vn -0.9987920 0.0224728 0.0436972
vn 0.9987920 -0.0224728 -0.0436972
vn 0.9987920 -0.0224728 -0.0436972
vn 0.9987920 -0.0224728 -0.0436972
vn -0.9987920 0.0224728 0.0436972
vn -0.9987920 0.0224728 0.0436972
vn -0.9987920 0.0224728 0.0436972
vn 0.9987920 -0.0224728 -0.0436972
vn 0.9987920 -0.0224728 -0.0436972
vn 0.9987920 -0.0224728 -0.0436972
vn 0.0077285 -0.8640924 0.5032739
vn 0.1301339 0.0000000 0.9914964
vn 0.1301339 0.0000000 0.9914964
vn 0.0077285 -0.8640924 0.5032739
vn 0.0077285 -0.8640924 0.5032739
vn 0.1301339 0.0000000 0.9914964
vn -0.1224054 -0.8640924 -0.4882225
vn 0.0077285 -0.8640924 0.5032739
vn 0.0077285 -0.8640924 0.5032739
vn -0.1224054 -0.8640924 -0.4882225
vn -0.1224054 -0.8640924 -0.4882225
vn 0.0077285 -0.8640924 0.5032739
vn -0.1301339 0.0000000 -0.9914964
vn -0.1224054 -0.8640924 -0.4882225
vn -0.1224054 -0.8640924 -0.4882225
vn -0.1301339 0.0000000 -0.9914964
vn -0.1301339 0.0000000 -0.9914964
vn -0.1224054 -0.8640924 -0.4882225
vn -0.0077285 0.8640924 -0.5032739
vn -0.1301339 0.0000000 -0.9914964
vn -0.1301339 0.0000000 -0.9914964
vn -0.0077285 0.8640924 -0.5032739
vn -0.0077285 0.8640924 -0.5032739
vn -0.1301339 0.0000000 -0.9914964
vn 0.1224054 0.8640924 0.4882225
vn -0.0077285 0.8640924 -0.5032739
vn -0.0077285 0.8640924 -0.5032739
vn 0.1224054 0.8640924 0.4882225
vn 0.1224054 0.8640924 0.4882225
vn -0.0077285 0.8640924 -0.5032739
vn 0.1301339 0.0000000 0.9914964
vn 0.1224054 0.8640924 0.4882225
vn 0.1224054 0.8640924 0.4882225
vn 0.1301339 0.0000000 0.9914964
vn 0.1301339 0.0000000 0.9914964
vn 0.1224054 0.8640924 0.4882225
vn -0.9892834 0.0667766 0.1298434
vn -0.9892834 0.0667766 0.1298434
vn -0.9892834 0.0667766 0.1298434
vn 0.9892834 -0.0667766 -0.1298434
vn 0.9892834 -0.0667766 -0.1298434
vn 0.9892834 -0.0667766 -0.1298434
vn -0.9892834 0.0667766 0.1298434
vn -0.9892834 0.0667766 0.1298434
vn -0.9892834 0.0667766 0.1298434
vn 0.9892834 -0.0667766 -0.1298434
vn 0.9892834 -0.0667766 -0.1298434
vn 0.9892834 -0.0667766 -0.1298434
vn -0.9892834 0.0667766 0.1298434
vn -0.9892834 0.0667766 0.1298434
vn -0.9892834 0.0667766 0.1298434
vn 0.9892834 -0.0667766 -0.1298434
vn 0.9892834 -0.0667766 -0.1298434
vn 0.9892834 -0.0667766 -0.1298434
vn -0.9892834 0.0667766 0.1298434
vn -0.9892834 0.0667766 0.1298434
vn -0.9892834 0.0667766 0.1298434
vn 0.9892834 -0.0667766 -0.1298434
vn 0.9892834 -0.0667766 -0.1298434
vn 0.9892834 -0.0667766 -0.1298434
vn 0.0144262 -0.8608423 0.5086674
vn 0.2136969 0.0000000 0.9769000
vn 0.2136969 0.0000000 0.9769000
vn 0.0144262 -0.8608423 0.5086674
vn 0.0144262 -0.8608423 0.5086674
vn 0.2136969 0.0000000 0.9769000
vn -0.1992706 -0.8608423 -0.4682327
vn 0.0144262 -0.8608423 0.5086674
vn 0.0144262 -0.8608423 0.5086674
vn -0.1992706 -0.8608423 -0.4682327
vn -0.1992706 -0.8608423 -0.4682327
vn 0.0144262 -0.8608423 0.5086674
vn -0.2136969 0.0000000 -0.9769000
vn -0.1992706 -0.8608423 -0.4682327
vn -0.1992706 -0.8608423 -0.4682327
vn -0.2136969 0.0000000 -0.9769000
vn -0.2136969 0.0000000 -0.9769000
vn -0.1992706 -0.8608423 -0.4682327
vn -0.0144262 0.8608423 -0.5086674
vn -0.2136969 0.0000000 -0.9769000
vn -0.2136969 0.0000000 -0.9769000
vn -0.0144262 0.8608423 -0.5086674
vn -0.0144262 0.8608423 -0.5086674
vn -0.2136969 0.0000000 -0.9769000
vn 0.1992706 0.8608423 0.4682327
vn -0.0144262 0.8608423 -0.5086674
vn -0.0144262 0.8608423 -0.5086674
vn 0.1992706 0.8608423 0.4682327
vn 0.1992706 0.8608423 0.4682327
vn -0.0144262 0.8608423 -0.5086674
vn 0.2136969 0.0000000 0.9769000
vn 0.1992706 0.8608423 0.4682327
vn 0.1992706 0.8608423 0.4682327
vn 0.2136969 0.0000000 0.9769000
vn 0.2136969 0.0000000 0.9769000
vn 0.1992706 0.8608423 0.4682327
vn -0.9710533 0.1092435 0.2124179
vn -0.9710533 0.1092435 0.2124179
vn -0.9710533 0.1092435 0.2124179
vn 0.9710533 -0.1092435 -0.2124179
vn 0.9710533 -0.1092435 -0.2124179
vn 0.9710533 -0.1092435 -0.2124179
vn -0.9710533 0.1092435 0.2124179
vn -0.9710533 0.1092435 0.2124179
vn -0.9710533 0.1092435 0.2124179
vn 0.9710533 -0.1092435 -0.2124179
vn 0.9710533 -0.1092435 -0.2124179
vn 0.9710533 -0.1092435 -0.2124179
vn -0.9710533 0.1092435 0.2124179
vn -0.9710533 0.1092435 0.2124179
vn -0.9710533 0.1092435 0.2124179
vn 0.9710533 -0.1092435 -0.2124179
vn 0.9710533 -0.1092435 -0.2124179
vn 0.9710533 -0.1092435 -0.2124179
vn -0.9710533 0.1092435 0.2124179
vn -0.9710533 0.1092435 0.2124179
vn -0.9710533 0.1092435 0.2124179
vn 0.9710533 -0.1092435 -0.2124179
vn 0.9710533 -0.1092435 -0.2124179
vn 0.9710533 -0.1092435 -0.2124179
vn 0.0231002 -0.8563690 0.5158474
vn 0.2928258 0.0000000 0.9561658
vn 0.2928258 0.0000000 0.9561658
vn 0.0231002 -0.8563690 0.5158474
vn 0.0231002 -0.8563690 0.5158474
vn 0.2928258 0.0000000 0.9561658
vn -0.2697256 -0.8563690 -0.4403184
vn 0.0231002 -0.8563690 0.5158474
vn 0.0231002 -0.8563690 0.5158474
vn -0.2697256 -0.8563690 -0.4403184
vn -0.2697256 -0.8563690 -0.4403184
vn 0.0231002 -0.8563690 0.5158474
vn -0.2928258 0.0000000 -0.9561658
vn -0.2697256 -0.8563690 -0.4403184
vn -0.2697256 -0.8563690 -0.4403184
vn -0.2928258 0.0000000 -0.9561658
vn -0.2928258 0.0000000 -0.9561658
vn -0.2697256 -0.8563690 -0.4403184
vn -0.0231002 0.8563690 -0.5158474
vn -0.2928258 0.0000000 -0.9561658
vn -0.2928258 0.0000000 -0.9561658
vn -0.0231002 0.8563690 -0.5158474
vn -0.0231002 0.8563690 -0.5158474
vn -0.2928258 0.0000000 -0.9561658
vn 0.2697256 0.8563690 0.4403184
vn -0.0231002 0.8563690 -0.5158474
vn -0.0231002 0.8563690 -0.5158474
vn 0.2697256 0.8563690 0.4403184
vn 0.2697256 0.8563690 0.4403184
vn -0.0231002 0.8563690 -0.5158474
vn 0.2928258 0.0000000 0.9561658
vn 0.2697256 0.8563690 0.4403184
vn 0.2697256 0.8563690 0.4403184
vn 0.2928258 0.0000000 0.9561658
vn 0.2928258 0.0000000 0.9561658
vn 0.2697256 0.8563690 0.4403184
vn -0.9455043 0.1489169 0.2895607
vn -0.9455043 0.1489169 0.2895607
vn -0.9455043 0.1489169 0.2895607
vn 0.9455043 -0.1489169 -0.2895607
vn 0.9455043 -0.1489169 -0.2895607
vn 0.9455043 -0.1489169 -0.2895607
vn -0.9455043 0.1489169 0.2895607
vn -0.9455043 0.1489169 0.2895607
vn -0.9455043 0.1489169 0.2895607
vn 0.9455043 -0.1489169 -0.2895607
vn 0.9455043 -0.1489169 -0.2895607
vn 0.9455043 -0.1489169 -0.2895607
vn -0.9455043 0.1489169 0.2895607
vn -0.9455043 0.1489169 0.2895607
vn -0.9455043 0.1489169 0.2895607
vn 0.9455043 -0.1489169 -0.2895607
vn 0.9455043 -0.1489169 -0.2895607
vn 0.9455043 -0.1489169 -0.2895607
vn -0.9455043 0.1489169 0.2895607
vn -0.9455043 0.1489169 0.2895607
vn -0.9455043 0.1489169 0.2895607
vn 0.9455043 -0.1489169 -0.2895607
vn 0.9455043 -0.1489169 -0.2895607
vn 0.9455043 -0.1489169 -0.2895607
vn 0.0339809 -0.8510501 0.5239837
vn 0.3663720 0.0000000 0.9304685
vn 0.3663720 0.0000000 0.9304685
vn 0.0339809 -0.8510501 0.5239837
vn 0.0339809 -0.8510501 0.5239837
vn 0.3663720 0.0000000 0.9304685
vn -0.3323910 -0.8510501 -0.4064848
vn 0.0339809 -0.8510501 0.5239837
vn 0.0339809 -0.8510501 0.5239837
vn -0.3323910 -0.8510501 -0.4064848
vn -0.3323910 -0.8510501 -0.4064848
vn 0.0339809 -0.8510501 0.5239837
vn -0.3663720 0.0000000 -0.9304685
vn -0.3323910 -0.8510501 -0.4064848
vn -0.3323910 -0.8510501 -0.4064848
vn -0.3663720 0.0000000 -0.9304685
vn -0.3663720 0.0000000 -0.9304685
vn -0.3323910 -0.8510501 -0.4064848
vn -0.0339809 0.8510501 -0.5239837
vn -0.3663720 0.0000000 -0.9304685
vn -0.3663720 0.0000000 -0.9304685
vn -0.0339809 0.8510501 -0.5239837
vn -0.0339809 0.8510501 -0.5239837
vn -0.3663720 0.0000000 -0.9304685
vn 0.3323910 0.8510501 0.4064848
vn -0.0339809 0.8510501 -0.5239837
vn -0.0339809 0.8510501 -0.5239837
vn 0.3323910 0.8510501 0.4064848
vn 0.3323910 0.8510501 0.4064848
vn -0.0339809 0.8510501 -0.5239837
vn 0.3663720 0.0000000 0.9304685
vn 0.3323910 0.8510501 0.4064848
vn 0.3323910 0.8510501 0.4064848
vn 0.3663720 0.0000000 0.9304685
vn 0.3663720 0.0000000 0.9304685
vn 0.3323910 0.8510501 0.4064848
vn -0.9143789 0.1851617 0.3600367
vn -0.9143789 0.1851617 0.3600367
vn -0.9143789 0.1851617 0.3600367
vn 0.9143789 -0.1851617 -0.3600367
vn 0.9143789 -0.1851617 -0.3600367
vn 0.9143789 -0.1851617 -0.3600367
vn -0.9143789 0.1851617 0.3600367
vn -0.9143789 0.1851617 0.3600367
vn -0.9143789 0.1851617 0.3600367
vn 0.9143789 -0.1851617 -0.3600367
vn 0.9143789 -0.1851617 -0.3600367
vn 0.9143789 -0.1851617 -0.3600367
vn -0.9143789 0.1851617 0.3600367
vn -0.9143789 0.1851617 0.3600367
vn -0.9143789 0.1851617 0.3600367
vn 0.9143789 -0.1851617 -0.3600367
vn 0.9143789 -0.1851617 -0.3600367
vn 0.9143789 -0.1851617 -0.3600367
vn -0.9143789 0.1851617 0.3600367
vn -0.9143789 0.1851617 0.3600367
vn -0.9143789 0.1851617 0.3600367
vn 0.9143789 -0.1851617 -0.3600367
vn 0.9143789 -0.1851617 -0.3600367
vn 0.9143789 -0.1851617 -0.3600367
vn 0.0469615 -0.8452601 0.5322875
vn 0.4336463 0.0000000 0.9010832
vn 0.4336463 0.0000000 0.9010832
vn 0.0469615 -0.8452601 0.5322875
vn 0.0469615 -0.8452601 0.5322875
vn 0.4336463 0.0000000 0.9010832
vn -0.3866848 -0.8452601 -0.3687957
vn 0.0469615 -0.8452601 0.5322875
vn 0.0469615 -0.8452601 0.5322875
vn -0.3866848 -0.8452601 -0.3687957
vn -0.3866848 -0.8452601 -0.3687957
vn 0.0469615 -0.8452601 0.5322875
vn -0.4336463 0.0000000 -0.9010832
vn -0.3866848 -0.8452601 -0.3687957
vn -0.3866848 -0.8452601 -0.3687957
vn -0.4336463 0.0000000 -0.9010832
vn -0.4336463 0.0000000 -0.9010832
vn -0.3866848 -0.8452601 -0.3687957
vn -0.0469615 0.8452601 -0.5322875
vn -0.4336463 0.0000000 -0.9010832
vn -0.4336463 0.0000000 -0.9010832
vn -0.0469615 0.8452601 -0.5322875
vn -0.0469615 0.8452601 -0.5322875
vn -0.4336463 0.0000000 -0.9010832
vn 0.3866848 0.8452601 0.3687957
vn -0.0469615 0.8452601 -0.5322875
vn -0.0469615 0.8452601 -0.5322875
vn 0.3866848 0.8452601 0.3687957
vn 0.3866848 0.8452601 0.3687957
vn -0.0469615 0.8452601 -0.5322875
vn 0.4336463 0.0000000 0.9010832
vn 0.3866848 0.8452601 0.3687957
vn 0.3866848 0.8452601 0.3687957
vn 0.4336463 0.0000000 0.9010832
vn 0.4336463 0.0000000 0.9010832
vn 0.3866848 0.8452601 0.3687957
vn -0.8794773 0.2176706 0.4232484
vn -0.8794773 0.2176706 0.4232484
vn -0.8794773 0.2176706 0.4232484
vn 0.8794773 -0.2176706 -0.4232484
vn 0.8794773 -0.2176706 -0.4232484
vn 0.8794773 -0.2176706 -0.4232484
vn -0.8794773 0.2176706 0.4232484
vn -0.8794773 0.2176706 0.4232484
vn -0.8794773 0.2176706 0.4232484
vn 0.8794773 -0.2176706 -0.4232484
vn 0.8794773 -0.2176706 -0.4232484
vn 0.8794773 -0.2176706 -0.4232484
vn -0.8794773 0.2176706 0.4232484
vn -0.8794773 0.2176706 0.4232484
vn -0.8794773 0.2176706 0.4232484
vn 0.8794773 -0.2176706 -0.4232484
vn 0.8794773 -0.2176706 -0.4232484
vn 0.8794773 -0.2176706 -0.4232484
vn -0.8794773 0.2176706 0.4232484
vn -0.8794773 0.2176706 0.4232484
vn -0.8794773 0.2176706 0.4232484
vn 0.8794773 -0.2176706 -0.4232484
vn 0.8794773 -0.2176706 -0.4232484
vn 0.8794773 -0.2176706 -0.4232484
vn 0.0616940 -0.8393212 0.5401238
vn 0.4943827 0.0000000 0.8692443
vn 0.4943827 0.0000000 0.8692443
vn 0.0616940 -0.8393212 0.5401238
vn 0.0616940 -0.8393212 0.5401238
vn 0.4943827 0.0000000 0.8692443
vn -0.4326888 -0.8393212 -0.3291205
vn 0.0616940 -0.8393212 0.5401238
vn 0.0616940 -0.8393212 0.5401238
vn -0.4326888 -0.8393212 -0.3291205
vn -0.4326888 -0.8393212 -0.3291205
vn 0.0616940 -0.8393212 0.5401238
vn -0.4943827 0.0000000 -0.8692443
vn -0.4326888 -0.8393212 -0.3291205
vn -0.4326888 -0.8393212 -0.3291205
vn -0.4943827 0.0000000 -0.8692443
vn -0.4943827 0.0000000 -0.8692443
vn -0.4326888 -0.8393212 -0.3291205
vn -0.0616940 0.8393212 -0.5401238
vn -0.4943827 0.0000000 -0.8692443
vn -0.4943827 0.0000000 -0.8692443
vn -0.0616940 0.8393212 -0.5401238
vn -0.0616940 0.8393212 -0.5401238
vn -0.4943827 0.0000000 -0.8692443
vn 0.4326888 0.8393212 0.3291205
vn -0.0616940 0.8393212 -0.5401238
vn -0.0616940 0.8393212 -0.5401238
vn 0.4326888 0.8393212 0.3291205
vn 0.4326888 0.8393212 0.3291205
vn -0.0616940 0.8393212 -0.5401238
vn 0.4943827 0.0000000 0.8692443
vn 0.4326888 0.8393212 0.3291205
vn 0.4326888 0.8393212 0.3291205
vn 0.4943827 0.0000000 0.8692443
vn 0.4943827 0.0000000 0.8692443
vn 0.4326888 0.8393212 0.3291205
vn -0.8424409 0.2464140 0.4791383
vn -0.8424409 0.2464140 0.4791383
vn -0.8424409 0.2464140 0.4791383
vn 0.8424409 -0.2464140 -0.4791383
vn 0.8424409 -0.2464140 -0.4791383
vn 0.8424409 -0.2464140 -0.4791383
vn -0.8424409 0.2464140 0.4791383
vn -0.8424409 0.2464140 0.4791383
vn -0.8424409 0.2464140 0.4791383
vn 0.8424409 -0.2464140 -0.4791383
vn 0.8424409 -0.2464140 -0.4791383
vn 0.8424409 -0.2464140 -0.4791383
vn -0.8424409 0.2464140 0.4791383
vn -0.8424409 0.2464140 0.4791383
vn -0.8424409 0.2464140 0.4791383
vn 0.8424409 -0.2464140 -0.4791383
vn 0.8424409 -0.2464140 -0.4791383
vn 0.8424409 -0.2464140 -0.4791383
vn -0.8424409 0.2464140 0.4791383
vn -0.8424409 0.2464140 0.4791383
vn -0.8424409 0.2464140 0.4791383
vn 0.8424409 -0.2464140 -0.4791383
vn 0.8424409 -0.2464140 -0.4791383
vn 0.8424409 -0.2464140 -0.4791383
vn 0.0777064 -0.8334808 0.5470570
vn 0.5486564 0.0000000 0.8360479
vn 0.5486564 0.0000000 0.8360479
vn 0.0777064 -0.8334808 0.5470570
vn 0.0777064 -0.8334808 0.5470570
vn 0.5486564 0.0000000 0.8360479
vn -0.4709501 -0.8334808 -0.2889909
vn 0.0777064 -0.8334808 0.5470570
vn 0.0777064 -0.8334808 0.5470570
vn -0.4709501 -0.8334808 -0.2889909
vn -0.4709501 -0.8334808 -0.2889909
vn 0.0777064 -0.8334808 0.5470570
vn -0.5486564 0.0000000 -0.8360479
vn -0.4709501 -0.8334808 -0.2889909
vn -0.4709501 -0.8334808 -0.2889909
vn -0.5486564 0.0000000 -0.8360479
vn -0.5486564 0.0000000 -0.8360479
vn -0.4709501 -0.8334808 -0.2889909
vn -0.0777064 0.8334808 -0.5470570
vn -0.5486564 0.0000000 -0.8360479
vn -0.5486564 0.0000000 -0.8360479
vn -0.0777064 0.8334808 -0.5470570
vn -0.0777064 0.8334808 -0.5470570
vn -0.5486564 0.0000000 -0.8360479
vn 0.4709501 0.8334808 0.2889909
vn -0.0777064 0.8334808 -0.5470570
vn -0.0777064 0.8334808 -0.5470570
vn 0.4709501 0.8334808 0.2889909
vn 0.4709501 0.8334808 0.2889909
vn -0.0777064 0.8334808 -0.5470570
vn 0.5486564 0.0000000 0.8360479
vn 0.4709501 0.8334808 0.2889909
vn 0.4709501 0.8334808 0.2889909
vn 0.5486564 0.0000000 0.8360479
vn 0.5486564 0.0000000 0.8360479
vn 0.4709501 0.8334808 0.2889909
vn -0.8046299 0.2715626 0.5280384
vn -0.8046299 0.2715626 0.5280384
vn -0.8046299 0.2715626 0.5280384
vn 0.8046299 -0.2715626 -0.5280384
vn 0.8046299 -0.2715626 -0.5280384
vn 0.8046299 -0.2715626 -0.5280384
vn -0.8046299 0.2715626 0.5280384
vn -0.8046299 0.2715626 0.5280384
vn -0.8046299 0.2715626 0.5280384
vn 0.8046299 -0.2715626 -0.5280384
vn 0.8046299 -0.2715626 -0.5280384
vn 0.8046299 -0.2715626 -0.5280384
vn -0.8046299 0.2715626 0.5280384
vn -0.8046299 0.2715626 0.5280384
vn -0.8046299 0.2715626 0.5280384
vn 0.8046299 -0.2715626 -0.5280384
vn 0.8046299 -0.2715626 -0.5280384
vn 0.8046299 -0.2715626 -0.5280384
vn -0.8046299 0.2715626 0.5280384
vn -0.8046299 0.2715626 0.5280384
vn -0.8046299 0.2715626 0.5280384
vn 0.8046299 -0.2715626 -0.5280384
vn 0.8046299 -0.2715626 -0.5280384
vn 0.8046299 -0.2715626 -0.5280384
vn -0.8650648 0.1156618 0.4881448
vn 0.0000000 0.3088942 0.9510964
vn 0.0000000 0.3088942 0.9510964
vn -0.8650648 0.1156618 0.4881448
vn -0.8650648 0.1156618 0.4881448
vn 0.0000000 0.3088942 0.9510964
vn -0.8650648 -0.1932324 -0.4629516
vn -0.8650648 0.1156618 0.4881448
vn -0.8650648 0.1156618 0.4881448
vn -0.8650648 -0.1932324 -0.4629516
vn -0.8650648 -0.1932324 -0.4629516
vn -0.8650648 0.1156618 0.4881448
vn 0.0000000 -0.3088942 -0.9510964
vn -0.8650648 -0.1932324 -0.4629516
vn -0.8650648 -0.1932324 -0.4629516
vn 0.0000000 -0.3088942 -0.9510964
vn 0.0000000 -0.3088942 -0.9510964
vn -0.8650648 -0.1932324 -0.4629516
vn 0.8650648 -0.1156618 -0.4881448
vn 0.0000000 -0.3088942 -0.9510964
vn 0.0000000 -0.3088942 -0.9510964
vn 0.8650648 -0.1156618 -0.4881448
vn 0.8650648 -0.1156618 -0.4881448
vn 0.0000000 -0.3088942 -0.9510964
vn 0.8650648 0.1932324 0.4629516
vn 0.8650648 -0.1156618 -0.4881448
vn 0.8650648 -0.1156618 -0.4881448
vn 0.8650648 0.1932324 0.4629516
vn 0.8650648 0.1932324 0.4629516
vn 0.8650648 -0.1156618 -0.4881448
vn 0.0000000 0.3088942 0.9510964
vn 0.8650648 0.1932324 0.4629516
vn 0.8650648 0.1932324 0.4629516
vn 0.0000000 0.3088942 0.9510964
vn 0.0000000 0.3088942 0.9510964
vn 0.8650648 0.1932324 0.4629516
vn -0.0470882 0.9500414 -0.3085516
vn -0.0470882 0.9500414 -0.3085516
vn -0.0470882 0.9500414 -0.3085516
vn 0.0470882 -0.9500414 0.3085516
vn 0.0470882 -0.9500414 0.3085516
vn 0.0470882 -0.9500414 0.3085516
vn -0.0470882 0.9500414 -0.3085516
vn -0.0470882 0.9500414 -0.3085516
vn -0.0470882 0.9500414 -0.3085516
vn 0.0470882 -0.9500414 0.3085516
vn 0.0470882 -0.9500414 0.3085516
vn 0.0470882 -0.9500414 0.3085516
vn -0.0470882 0.9500414 -0.3085516
vn -0.0470882 0.9500414 -0.3085516
vn -0.0470882 0.9500414 -0.3085516
vn 0.0470882 -0.9500414 0.3085516
vn 0.0470882 -0.9500414 0.3085516
vn 0.0470882 -0.9500414 0.3085516
vn -0.0470882 0.9500414 -0.3085516
vn -0.0470882 0.9500414 -0.3085516
vn -0.0470882 0.9500414 -0.3085516
vn 0.0470882 -0.9500414 0.3085516
vn 0.0470882 -0.9500414 0.3085516
vn 0.0470882 -0.9500414 0.3085516
vn -0.7759012 -0.5130741 -0.3670591
vn -0.8741573 0.0000000 0.4856429
vn -0.8741573 0.0000000 0.4856429
vn -0.7759012 -0.5130741 -0.3670591
vn -0.7759012 -0.5130741 -0.3670591
vn -0.8741573 0.0000000 0.4856429
vn 0.0982561 -0.5130741 -0.8527020
vn -0.7759012 -0.5130741 -0.3670591
vn -0.7759012 -0.5130741 -0.3670591
vn 0.0982561 -0.5130741 -0.8527020
vn 0.0982561 -0.5130741 -0.8527020
vn -0.7759012 -0.5130741 -0.3670591
vn 0.8741573 0.0000000 -0.4856429
vn 0.0982561 -0.5130741 -0.8527020
vn 0.0982561 -0.5130741 -0.8527020
vn 0.8741573 0.0000000 -0.4856429
vn 0.8741573 0.0000000 -0.4856429
vn 0.0982561 -0.5130741 -0.8527020
vn 0.7759012 0.5130741 0.3670591
vn 0.8741573 0.0000000 -0.4856429
vn 0.8741573 0.0000000 -0.4856429
vn 0.7759012 0.5130741 0.3670591
vn 0.7759012 0.5130741 0.3670591
vn 0.8741573 0.0000000 -0.4856429
vn -0.0982561 0.5130741 0.8527020
vn 0.7759012 0.5130741 0.3670591
vn 0.7759012 0.5130741 0.3670591
vn -0.0982561 0.5130741 0.8527020
vn -0.0982561 0.5130741 0.8527020
vn 0.7759012 0.5130741 0.3670591
vn -0.8741573 0.0000000 0.4856429
vn -0.0982561 0.5130741 0.8527020
vn -0.0982561 0.5130741 0.8527020
vn -0.8741573 0.0000000 0.4856429
vn -0.8741573 0.0000000 0.4856429
vn -0.0982561 0.5130741 0.8527020
vn -0.2877177 0.8056095 -0.5178918
vn -0.2877177 0.8056095 -0.5178918
vn -0.2877177 0.8056095 -0.5178918
vn 0.2877177 -0.8056095 0.5178918
vn 0.2877177 -0.8056095 0.5178918
vn 0.2877177 -0.8056095 0.5178918
vn -0.2877177 0.8056095 -0.5178918
vn -0.2877177 0.8056095 -0.5178918
vn -0.2877177 0.8056095 -0.5178918
vn 0.2877177 -0.8056095 0.5178918
vn 0.2877177 -0.8056095 0.5178918
vn 0.2877177 -0.8056095 0.5178918
vn -0.2877177 0.8056095 -0.5178918
vn -0.2877177 0.8056095 -0.5178918
vn -0.2877177 0.8056095 -0.5178918
vn 0.2877177 -0.8056095 0.5178918
vn 0.2877177 -0.8056095 0.5178918
vn 0.2877177 -0.8056095 0.5178918
vn -0.2877177 0.8056095 -0.5178918
vn -0.2877177 0.8056095 -0.5178918
vn -0.2877177 0.8056095 -0.5178918
vn 0.2877177 -0.8056095 0.5178918
vn 0.2877177 -0.8056095 0.5178918
vn 0.2877177 -0.8056095 0.5178918
vn -0.6275716 -0.5099020 -0.5883484
vn -0.9805807 0.0000000 0.1961161
vn -0.9805807 0.0000000 0.1961161
vn -0.6275716 -0.5099020 -0.5883484
vn -0.6275716 -0.5099020 -0.5883484
vn -0.9805807 0.0000000 0.1961161
vn 0.3530090 -0.5099020 -0.7844645
vn -0.6275716 -0.5099020 -0.5883484
vn -0.6275716 -0.5099020 -0.5883484
vn 0.3530090 -0.5099020 -0.7844645
vn 0.3530090 -0.5099020 -0.7844645
vn -0.6275716 -0.5099020 -0.5883484
vn 0.9805807 0.0000000 -0.1961161
vn 0.3530090 -0.5099020 -0.7844645
vn 0.3530090 -0.5099020 -0.7844645
vn 0.9805807 0.0000000 -0.1961161
vn 0.9805807 0.0000000 -0.1961161
vn 0.3530090 -0.5099020 -0.7844645
vn 0.6275716 0.5099020 0.5883484
vn 0.9805807 0.0000000 -0.1961161
vn 0.9805807 0.0000000 -0.1961161
vn 0.6275716 0.5099020 0.5883484
vn 0.6275716 0.5099020 0.5883484
vn 0.9805807 0.0000000 -0.1961161
vn -0.3530090 0.5099020 0.7844645
vn 0.6275716 0.5099020 0.5883484
vn 0.6275716 0.5099020 0.5883484
vn -0.3530090 0.5099020 0.7844645
vn -0.3530090 0.5099020 0.7844645
vn 0.6275716 0.5099020 0.5883484
vn -0.9805807 0.0000000 0.1961161
vn -0.3530090 0.5099020 0.7844645
vn -0.3530090 0.5099020 0.7844645
vn -0.9805807 0.0000000 0.1961161
vn -0.9805807 0.0000000 0.1961161
vn -0.3530090 0.5099020 0.7844645
vn -0.1154701 0.8082904 -0.5773503
vn -0.1154701 0.8082904 -0.5773503
vn -0.1154701 0.8082904 -0.5773503
vn 0.1154701 -0.8082904 0.5773503
vn 0.1154701 -0.8082904 0.5773503
vn 0.1154701 -0.8082904 0.5773503
vn -0.1154701 0.8082904 -0.5773503
vn -0.1154701 0.8082904 -0.5773503
vn -0.1154701 0.8082904 -0.5773503
vn 0.1154701 -0.8082904 0.5773503
vn 0.1154701 -0.8082904 0.5773503
vn 0.1154701 -0.8082904 0.5773503
vn -0.1154701 0.8082904 -0.5773503
vn -0.1154701 0.8082904 -0.5773503
vn -0.1154701 0.8082904 -0.5773503
vn 0.1154701 -0.8082904 0.5773503
vn 0.1154701 -0.8082904 0.5773503
vn 0.1154701 -0.8082904 0.5773503
vn -0.1154701 0.8082904 -0.5773503
vn -0.1154701 0.8082904 -0.5773503
vn -0.1154701 0.8082904 -0.5773503
vn 0.1154701 -0.8082904 0.5773503
vn 0.1154701 -0.8082904 0.5773503
vn 0.1154701 -0.8082904 0.5773503
vn -0.5602694 -0.6947469 0.4510265
vn -0.9922779 0.0000000 -0.1240347
vn -0.9922779 0.0000000 -0.1240347
vn -0.5602694 -0.6947469 0.4510265
vn -0.5602694 -0.6947469 0.4510265
vn -0.9922779 0.0000000 -0.1240347
vn 0.4320085 -0.6947469 0.5750612
vn -0.5602694 -0.6947469 0.4510265
vn -0.5602694 -0.6947469 0.4510265
vn 0.4320085 -0.6947469 0.5750612
vn 0.4320085 -0.6947469 0.5750612
vn -0.5602694 -0.6947469 0.4510265
vn 0.9922779 0.0000000 0.1240347
vn 0.4320085 -0.6947469 0.5750612
vn 0.4320085 -0.6947469 0.5750612
vn 0.9922779 -0.0000000 0.1240347
vn 0.9922779 0.0000000 0.1240347
vn 0.4320085 -0.6947469 0.5750612
vn 0.5602694 0.6947469 -0.4510265
vn 0.9922779 0.0000000 0.1240347
vn 0.9922779 -0.0000000 0.1240347
vn 0.5602694 0.6947469 -0.4510265
vn 0.5602694 0.6947469 -0.4510265
vn 0.9922779 -0.0000000 0.1240347
vn -0.4320085 0.6947469 -0.5750612
vn 0.5602694 0.6947469 -0.4510265
vn 0.5602694 0.6947469 -0.4510265
vn -0.4320085 0.6947469 -0.5750612
vn -0.4320085 0.6947469 -0.5750612
vn 0.5602694 0.6947469 -0.4510265
vn -0.9922779 0.0000000 -0.1240347
vn -0.4320085 0.6947469 -0.5750612
vn -0.4320085 0.6947469 -0.5750612
vn -0.9922779 0.0000000 -0.1240347
vn -0.9922779 0.0000000 -0.1240347
vn -0.4320085 0.6947469 -0.5750612
vn 0.0995037 -0.5970223 -0.7960298
vn 0.0995037 -0.5970223 -0.7960298
vn 0.0995037 -0.5970223 -0.7960298
vn -0.0995037 0.5970223 0.7960298
vn -0.0995037 0.5970223 0.7960298
vn -0.0995037 0.5970223 0.7960298
vn 0.0995037 -0.5970223 -0.7960298
vn 0.0995037 -0.5970223 -0.7960298
vn 0.0995037 -0.5970223 -0.7960298
vn -0.0995037 0.5970223 0.7960298
vn -0.0995037 0.5970223 0.7960298
vn -0.0995037 0.5970223 0.7960298
vn 0.0995037 -0.5970223 -0.7960298
vn 0.0995037 -0.5970223 -0.7960298
vn 0.0995037 -0.5970223 -0.7960298
vn -0.0995037 0.5970223 0.7960298
vn -0.0995037 0.5970223 0.7960298
vn -0.0995037 0.5970223 0.7960298
vn 0.0995037 -0.5970223 -0.7960298
vn 0.0995037 -0.5970223 -0.7960298
vn 0.0995037 -0.5970223 -0.7960298
vn -0.0995037 0.5970223 0.7960298
vn -0.0995037 0.5970223 0.7960298
vn -0.0995037 0.5970223 0.7960298
vn -0.7132484 -0.5671865 0.4117963
vn -0.9230769 0.0000000 -0.3846154
vn -0.9230769 0.0000000 -0.3846154
vn -0.7132484 -0.5671865 0.4117963
vn -0.7132484 -0.5671865 0.4117963
vn -0.9230769 0.0000000 -0.3846154
vn 0.2098285 -0.5671865 0.7964116
vn -0.7132484 -0.5671865 0.4117963
vn -0.7132484 -0.5671865 0.4117963
vn 0.2098285 -0.5671865 0.7964116
vn 0.2098285 -0.5671865 0.7964116
vn -0.7132484 -0.5671865 0.4117963
vn 0.9230769 0.0000000 0.3846154
vn 0.2098285 -0.5671865 0.7964116
vn 0.2098285 -0.5671865 0.7964116
vn 0.9230769 0.0000000 0.3846154
vn 0.9230769 0.0000000 0.3846154
vn 0.2098285 -0.5671865 0.7964116
vn 0.7132484 0.5671865 -0.4117963
vn 0.9230769 0.0000000 0.3846154
vn 0.9230769 0.0000000 0.3846154
vn 0.7132484 0.5671865 -0.4117963
vn 0.7132484 0.5671865 -0.4117963
vn 0.9230769 0.0000000 0.3846154
vn -0.2098285 0.5671865 -0.7964116
vn 0.7132484 0.5671865 -0.4117963
vn 0.7132484 0.5671865 -0.4117963
vn -0.2098285 0.5671865 -0.7964116
vn -0.2098285 0.5671865 -0.7964116
vn 0.7132484 0.5671865 -0.4117963
vn -0.9230769 0.0000000 -0.3846154
vn -0.2098285 0.5671865 -0.7964116
vn -0.2098285 0.5671865 -0.7964116
vn -0.9230769 0.0000000 -0.3846154
vn -0.9230769 0.0000000 -0.3846154
vn -0.2098285 0.5671865 -0.7964116
vn 0.2518964 -0.7556891 -0.6045513
vn 0.2518964 -0.7556891 -0.6045513
vn 0.2518964 -0.7556891 -0.6045513
vn -0.2518964 0.7556891 0.6045513
vn -0.2518964 0.7556891 0.6045513
vn -0.2518964 0.7556891 0.6045513
vn 0.2518964 -0.7556891 -0.6045513
vn 0.2518964 -0.7556891 -0.6045513
vn 0.2518964 -0.7556891 -0.6045513
vn -0.2518964 0.7556891 0.6045513
vn -0.2518964 0.7556891 0.6045513
vn -0.2518964 0.7556891 0.6045513
vn 0.2518964 -0.7556891 -0.6045513
vn 0.2518964 -0.7556891 -0.6045513
vn 0.2518964 -0.7556891 -0.6045513
vn -0.2518964 0.7556891 0.6045513
vn -0.2518964 0.7556891 0.6045513
vn -0.2518964 0.7556891 0.6045513
vn 0.2518964 -0.7556891 -0.6045513
vn 0.2518964 -0.7556891 -0.6045513
vn 0.2518964 -0.7556891 -0.6045513
vn -0.2518964 0.7556891 0.6045513
vn -0.2518964 0.7556891 0.6045513
vn -0.2518964 0.7556891 0.6045513
vn -0.8335486 -0.0495072 -0.5502233
vn 0.0000000 0.3424536 -0.9395348
vn 0.0000000 0.3424536 -0.9395348
vn -0.8335486 -0.0495072 -0.5502233
vn -0.8335486 -0.0495072 -0.5502233
vn 0.0000000 0.3424536 -0.9395348
vn -0.8335486 -0.3919608 0.3893114
vn -0.8335486 -0.0495072 -0.5502233
vn -0.8335486 -0.0495072 -0.5502233
vn -0.8335486 -0.3919608 0.3893114
vn -0.8335486 -0.3919608 0.3893114
vn -0.8335486 -0.0495072 -0.5502233
vn 0.0000000 -0.3424536 0.9395348
vn -0.8335486 -0.3919608 0.3893114
vn -0.8335486 -0.3919608 0.3893114
vn 0.0000000 -0.3424536 0.9395348
vn 0.0000000 -0.3424536 0.9395348
vn -0.8335486 -0.3919608 0.3893114
vn 0.8335486 0.0495072 0.5502233
vn 0.0000000 -0.3424536 0.9395348
vn 0.0000000 -0.3424536 0.9395348
vn 0.8335486 0.0495072 0.5502233
vn 0.8335486 0.0495072 0.5502233
vn 0.0000000 -0.3424536 0.9395348
vn 0.8335486 0.3919608 -0.3893114
vn 0.8335486 0.0495072 0.5502233
vn 0.8335486 0.0495072 0.5502233
vn 0.8335486 0.3919608 -0.3893114
vn 0.8335486 0.3919608 -0.3893114
vn 0.8335486 0.0495072 0.5502233
vn 0.0000000 0.3424536 -0.9395348
vn 0.8335486 0.3919608 -0.3893114
vn 0.8335486 0.3919608 -0.3893114
vn 0.0000000 0.3424536 -0.9395348
vn 0.0000000 0.3424536 -0.9395348
vn 0.8335486 0.3919608 -0.3893114
vn 0.2712850 -0.9043013 -0.3296112
vn 0.2712850 -0.9043013 -0.3296112
vn 0.2712850 -0.9043013 -0.3296112
vn -0.2712850 0.9043013 0.3296112
vn -0.2712850 0.9043013 0.3296112
vn -0.2712850 0.9043013 0.3296112
vn 0.2712850 -0.9043013 -0.3296112
vn 0.2712850 -0.9043013 -0.3296112
vn 0.2712850 -0.9043013 -0.3296112
vn -0.2712850 0.9043013 0.3296112
vn -0.2712850 0.9043013 0.3296112
vn -0.2712850 0.9043013 0.3296112
vn 0.2712850 -0.9043013 -0.3296112
vn 0.2712850 -0.9043013 -0.3296112
vn 0.2712850 -0.9043013 -0.3296112
vn -0.2712850 0.9043013 0.3296112
vn -0.2712850 0.9043013 0.3296112
vn -0.2712850 0.9043013 0.3296112
vn 0.2712850 -0.9043013 -0.3296112
vn 0.2712850 -0.9043013 -0.3296112
vn 0.2712850 -0.9043013 -0.3296112
vn -0.2712850 0.9043013 0.3296112
vn -0.2712850 0.9043013 0.3296112
vn -0.2712850 0.9043013 0.3296112
vn -0.5000000 -0.8520563 0.1549193
vn -1.0000000 0.0000000 0.0000000
vn -1.0000000 0.0000000 0.0000000
vn -0.5000000 -0.8520563 0.1549193
vn -0.5000000 -0.8520563 0.1549193
vn -1.0000000 0.0000000 0.0000000
vn 0.5000000 -0.8520563 0.1549193
vn -0.5000000 -0.8520563 0.1549193
vn -0.5000000 -0.8520563 0.1549193
vn 0.5000000 -0.8520563 0.1549193
vn 0.5000000 -0.8520563 0.1549193
vn -0.5000000 -0.8520563 0.1549193
vn 1.0000000 0.0000000 0.0000000
vn 0.5000000 -0.8520563 0.1549193
vn 0.5000000 -0.8520563 0.1549193
vn 1.0000000 0.0000000 0.0000000
vn 1.0000000 0.0000000 0.0000000
vn 0.5000000 -0.8520563 0.1549193
vn 0.5000000 0.8520563 -0.1549193
vn 1.0000000 0.0000000 0.0000000
vn 1.0000000 0.0000000 0.0000000
vn 0.5000000 0.8520563 -0.1549193
vn 0.5000000 0.8520563 -0.1549193
vn 1.0000000 0.0000000 0.0000000
vn -0.5000000 0.8520563 -0.1549193
vn 0.5000000 0.8520563 -0.1549193
vn 0.5000000 0.8520563 -0.1549193
vn -0.5000000 0.8520563 -0.1549193
vn -0.5000000 0.8520563 -0.1549193
vn 0.5000000 0.8520563 -0.1549193
vn -1.0000000 0.0000000 0.0000000
vn -0.5000000 0.8520563 -0.1549193
vn -0.5000000 0.8520563 -0.1549193
vn -1.0000000 0.0000000 0.0000000
vn -1.0000000 0.0000000 0.0000000
vn -0.5000000 0.8520563 -0.1549193
vn 0.0000000 -0.1788854 -0.9838699
vn 0.0000000 -0.1788854 -0.9838699
vn 0.0000000 -0.1788854 -0.9838699
vn 0.0000000 0.1788854 0.9838699
vn 0.0000000 0.1788854 0.9838699
vn 0.0000000 0.1788854 0.9838699
vn -0.0000000 -0.1788854 -0.9838699
vn -0.0000000 -0.1788854 -0.9838699
vn -0.0000000 -0.1788854 -0.9838699
vn 0.0000000 0.1788854 0.9838699
vn 0.0000000 0.1788854 0.9838699
vn 0.0000000 0.1788854 0.9838699
vn -0.0000000 -0.1788854 -0.9838699
vn -0.0000000 -0.1788854 -0.9838699
vn -0.0000000 -0.1788854 -0.9838699
vn 0.0000000 0.1788854 0.9838699
vn 0.0000000 0.1788854 0.9838699
vn 0.0000000 0.1788854 0.9838699
vn -0.0000000 -0.1788854 -0.9838699
vn -0.0000000 -0.1788854 -0.9838699
vn -0.0000000 -0.1788854 -0.9838699
vn 0.0000000 0.1788854 0.9838699
vn 0.0000000 0.1788854 0.9838699
vn 0.0000000 0.1788854 0.9838699
vn -0.8650648 0.1932324 0.4629516
vn 0.0000000 0.3088942 0.9510964
vn 0.0000000 0.3088942 0.9510964
vn -0.8650648 0.1932324 0.4629516
vn -0.8650648 0.1932324 0.4629516
vn 0.0000000 0.3088942 0.9510964
vn -0.8650648 -0.1156618 -0.4881448
vn -0.8650648 0.1932324 0.4629516
vn -0.8650648 0.1932324 0.4629516
vn -0.8650648 -0.1156618 -0.4881448
vn -0.8650648 -0.1156618 -0.4881448
vn -0.8650648 0.1932324 0.4629516
vn 0.0000000 -0.3088942 -0.9510964
vn -0.8650648 -0.1156618 -0.4881448
vn -0.8650648 -0.1156618 -0.4881448
vn 0.0000000 -0.3088942 -0.9510964
vn 0.0000000 -0.3088942 -0.9510964
vn -0.8650648 -0.1156618 -0.4881448
vn 0.8650648 -0.1932324 -0.4629516
vn 0.0000000 -0.3088942 -0.9510964
vn 0.0000000 -0.3088942 -0.9510964
vn 0.8650648 -0.1932324 -0.4629516
vn 0.8650648 -0.1932324 -0.4629516
vn 0.0000000 -0.3088942 -0.9510964
vn 0.8650648 0.1156618 0.4881448
vn 0.8650648 -0.1932324 -0.4629516
vn 0.8650648 -0.1932324 -0.4629516
vn 0.8650648 0.1156618 0.4881448
vn 0.8650648 0.1156618 0.4881448
vn 0.8650648 -0.1932324 -0.4629516
vn 0.0000000 0.3088942 0.9510964
vn 0.8650648 0.1156618 0.4881448
vn 0.8650648 0.1156618 0.4881448
vn 0.0000000 0.3088942 0.9510964
vn 0.0000000 0.3088942 0.9510964
vn 0.8650648 0.1156618 0.4881448
vn 0.0470882 0.9500414 -0.3085516
vn 0.0470882 0.9500414 -0.3085516
vn 0.0470882 0.9500414 -0.3085516
vn -0.0470882 -0.9500414 0.3085516
vn -0.0470882 -0.9500414 0.3085516
vn -0.0470882 -0.9500414 0.3085516
vn 0.0470882 0.9500414 -0.3085516
vn 0.0470882 0.9500414 -0.3085516
vn 0.0470882 0.9500414 -0.3085516
vn -0.0470882 -0.9500414 0.3085516
vn -0.0470882 -0.9500414 0.3085516
vn -0.0470882 -0.9500414 0.3085516
vn 0.0470882 0.9500414 -0.3085516
vn 0.0470882 0.9500414 -0.3085516
vn 0.0470882 0.9500414 -0.3085516
vn -0.0470882 -0.9500414 0.3085516
vn -0.0470882 -0.9500414 0.3085516
vn -0.0470882 -0.9500414 0.3085516
vn 0.0470882 0.9500414 -0.3085516
vn 0.0470882 0.9500414 -0.3085516
vn 0.0470882 0.9500414 -0.3085516
vn -0.0470882 -0.9500414 0.3085516
vn -0.0470882 -0.9500414 0.3085516
vn -0.0470882 -0.9500414 0.3085516
vn -0.0982561 -0.5130741 -0.8527020
vn -0.8741573 0.0000000 -0.4856429
vn -0.8741573 0.0000000 -0.4856429
vn -0.0982561 -0.5130741 -0.8527020
vn -0.0982561 -0.5130741 -0.8527020
vn -0.8741573 0.0000000 -0.4856429
vn 0.7759012 -0.5130741 -0.3670591
vn -0.0982561 -0.5130741 -0.8527020
vn -0.0982561 -0.5130741 -0.8527020
vn 0.7759012 -0.5130741 -0.3670591
vn 0.7759012 -0.5130741 -0.3670591
vn -0.0982561 -0.5130741 -0.8527020
vn 0.8741573 0.0000000 0.4856429
vn 0.7759012 -0.5130741 -0.3670591
vn 0.7759012 -0.5130741 -0.3670591
vn 0.8741573 0.0000000 0.4856429
vn 0.8741573 0.0000000 0.4856429
vn 0.7759012 -0.5130741 -0.3670591
vn 0.0982561 0.5130741 0.8527020
vn 0.8741573 0.0000000 0.4856429
vn 0.8741573 0.0000000 0.4856429
vn 0.0982561 0.5130741 0.8527020
vn 0.0982561 0.5130741 0.8527020
vn 0.8741573 0.0000000 0.4856429
vn -0.7759012 0.5130741 0.3670591
vn 0.0982561 0.5130741 0.8527020
vn 0.0982561 0.5130741 0.8527020
vn -0.7759012 0.5130741 0.3670591
vn -0.7759012 0.5130741 0.3670591
vn 0.0982561 0.5130741 0.8527020
vn -0.8741573 0.0000000 -0.4856429
vn -0.7759012 0.5130741 0.3670591
vn -0.7759012 0.5130741 0.3670591
vn -0.8741573 0.0000000 -0.4856429
vn -0.8741573 0.0000000 -0.4856429
vn -0.7759012 0.5130741 0.3670591
vn 0.2877177 0.8056095 -0.5178918
vn 0.2877177 0.8056095 -0.5178918
vn 0.2877177 0.8056095 -0.5178918
vn -0.2877177 -0.8056095 0.5178918
vn -0.2877177 -0.8056095 0.5178918
vn -0.2877177 -0.8056095 0.5178918
vn 0.2877177 0.8056095 -0.5178918
vn 0.2877177 0.8056095 -0.5178918
vn 0.2877177 0.8056095 -0.5178918
vn -0.2877177 -0.8056095 0.5178918
vn -0.2877177 -0.8056095 0.5178918
vn -0.2877177 -0.8056095 0.5178918
vn 0.2877177 0.8056095 -0.5178918
vn 0.2877177 0.8056095 -0.5178918
vn 0.2877177 0.8056095 -0.5178918
vn -0.2877177 -0.8056095 0.5178918
vn -0.2877177 -0.8056095 0.5178918
vn -0.2877177 -0.8056095 0.5178918
vn 0.2877177 0.8056095 -0.5178918
vn 0.2877177 0.8056095 -0.5178918
vn 0.2877177 0.8056095 -0.5178918
vn -0.2877177 -0.8056095 0.5178918
vn -0.2877177 -0.8056095 0.5178918
vn -0.2877177 -0.8056095 0.5178918
vn -0.3530090 -0.5099020 -0.7844645
vn -0.9805807 0.0000000 -0.1961161
vn -0.9805807 0.0000000 -0.1961161
vn -0.3530090 -0.5099020 -0.7844645
vn -0.3530090 -0.5099020 -0.7844645
vn -0.9805807 0.0000000 -0.1961161
vn 0.6275716 -0.5099020 -0.5883484
vn -0.3530090 -0.5099020 -0.7844645
vn -0.3530090 -0.5099020 -0.7844645
vn 0.6275716 -0.5099020 -0.5883484
vn 0.6275716 -0.5099020 -0.5883484
vn -0.3530090 -0.5099020 -0.7844645
vn 0.9805807 0.0000000 0.1961161
vn 0.6275716 -0.5099020 -0.5883484
vn 0.6275716 -0.5099020 -0.5883484
vn 0.9805807 0.0000000 0.1961161
vn 0.9805807 0.0000000 0.1961161
vn 0.6275716 -0.5099020 -0.5883484
vn 0.3530090 0.5099020 0.7844645
vn 0.9805807 0.0000000 0.1961161
vn 0.9805807 0.0000000 0.1961161
vn 0.3530090 0.5099020 0.7844645
vn 0.3530090 0.5099020 0.7844645
vn 0.9805807 0.0000000 0.1961161
vn -0.6275716 0.5099020 0.5883484
vn 0.3530090 0.5099020 0.7844645
vn 0.3530090 0.5099020 0.7844645
vn -0.6275716 0.5099020 0.5883484
vn -0.6275716 0.5099020 0.5883484
vn 0.3530090 0.5099020 0.7844645
vn -0.9805807 0.0000000 -0.1961161
vn -0.6275716 0.5099020 0.5883484
vn -0.6275716 0.5099020 0.5883484
vn -0.9805807 0.0000000 -0.1961161
vn -0.9805807 0.0000000 -0.1961161
vn -0.6275716 0.5099020 0.5883484
vn 0.1154701 0.8082904 -0.5773503
vn 0.1154701 0.8082904 -0.5773503
vn 0.1154701 0.8082904 -0.5773503
vn -0.1154701 -0.8082904 0.5773503
vn -0.1154701 -0.8082904 0.5773503
vn -0.1154701 -0.8082904 0.5773503
vn 0.1154701 0.8082904 -0.5773503
vn 0.1154701 0.8082904 -0.5773503
vn 0.1154701 0.8082904 -0.5773503
vn -0.1154701 -0.8082904 0.5773503
vn -0.1154701 -0.8082904 0.5773503
vn -0.1154701 -0.8082904 0.5773503
vn 0.1154701 0.8082904 -0.5773503
vn 0.1154701 0.8082904 -0.5773503
vn 0.1154701 0.8082904 -0.5773503
vn -0.1154701 -0.8082904 0.5773503
vn -0.1154701 -0.8082904 0.5773503
vn -0.1154701 -0.8082904 0.5773503
vn 0.1154701 0.8082904 -0.5773503
vn 0.1154701 0.8082904 -0.5773503
vn 0.1154701 0.8082904 -0.5773503
vn -0.1154701 -0.8082904 0.5773503
vn -0.1154701 -0.8082904 0.5773503
vn -0.1154701 -0.8082904 0.5773503
vn -0.4320085 -0.6947469 0.5750612
vn -0.9922779 0.0000000 0.1240347
vn -0.9922779 0.0000000 0.1240347
vn -0.4320085 -0.6947469 0.5750612
vn -0.4320085 -0.6947469 0.5750612
vn -0.9922779 0.0000000 0.1240347
vn 0.5602694 -0.6947469 0.4510265
vn -0.4320085 -0.6947469 0.5750612
vn -0.4320085 -0.6947469 0.5750612
vn 0.5602694 -0.6947469 0.4510265
vn 0.5602694 -0.6947469 0.4510265
vn -0.4320085 -0.6947469 0.5750612
vn 0.9922779 0.0000000 -0.1240347
vn 0.5602694 -0.6947469 0.4510265
vn 0.5602694 -0.6947469 0.4510265
vn 0.9922779 -0.0000000 -0.1240347
vn 0.9922779 0.0000000 -0.1240347
vn 0.5602694 -0.6947469 0.4510265
vn 0.4320085 0.6947469 -0.5750612
vn 0.9922779 0.0000000 -0.1240347
vn 0.9922779 -0.0000000 -0.1240347
vn 0.4320085 0.6947469 -0.5750612
vn 0.4320085 0.6947469 -0.5750612
vn 0.9922779 -0.0000000 -0.1240347
vn -0.5602694 0.6947469 -0.4510265
vn 0.4320085 0.6947469 -0.5750612
vn 0.4320085 0.6947469 -0.5750612
vn -0.5602694 0.6947469 -0.4510265
vn -0.5602694 0.6947469 -0.4510265
vn 0.4320085 0.6947469 -0.5750612
vn -0.9922779 0.0000000 0.1240347
vn -0.5602694 0.6947469 -0.4510265
vn -0.5602694 0.6947469 -0.4510265
vn -0.9922779 0.0000000 0.1240347
vn -0.9922779 0.0000000 0.1240347
vn -0.5602694 0.6947469 -0.4510265
vn -0.0995037 -0.5970223 -0.7960298
vn -0.0995037 -0.5970223 -0.7960298
vn -0.0995037 -0.5970223 -0.7960298
vn 0.0995037 0.5970223 0.7960298
vn 0.0995037 0.5970223 0.7960298
vn 0.0995037 0.5970223 0.7960298
vn -0.0995037 -0.5970223 -0.7960298
vn -0.0995037 -0.5970223 -0.7960298
vn -0.0995037 -0.5970223 -0.7960298
vn 0.0995037 0.5970223 0.7960298
vn 0.0995037 0.5970223 0.7960298
vn 0.0995037 0.5970223 0.7960298
vn -0.0995037 -0.5970223 -0.7960298
vn -0.0995037 -0.5970223 -0.7960298
vn -0.0995037 -0.5970223 -0.7960298
vn 0.0995037 0.5970223 0.7960298
vn 0.0995037 0.5970223 0.7960298
vn 0.0995037 0.5970223 0.7960298
vn -0.0995037 -0.5970223 -0.7960298
vn -0.0995037 -0.5970223 -0.7960298
vn -0.0995037 -0.5970223 -0.7960298
vn 0.0995037 0.5970223 0.7960298
vn 0.0995037 0.5970223 0.7960298
vn 0.0995037 0.5970223 0.7960298
vn -0.2098285 -0.5671865 0.7964116
vn -0.9230769 0.0000000 0.3846154
vn -0.9230769 0.0000000 0.3846154
vn -0.2098285 -0.5671865 0.7964116
vn -0.2098285 -0.5671865 0.7964116
vn -0.9230769 0.0000000 0.3846154
vn 0.7132484 -0.5671865 0.4117963
vn -0.2098285 -0.5671865 0.7964116
vn -0.2098285 -0.5671865 0.7964116
vn 0.7132484 -0.5671865 0.4117963
vn 0.7132484 -0.5671865 0.4117963
vn -0.2098285 -0.5671865 0.7964116
vn 0.9230769 0.0000000 -0.3846154
vn 0.7132484 -0.5671865 0.4117963
vn 0.7132484 -0.5671865 0.4117963
vn 0.9230769 0.0000000 -0.3846154
vn 0.9230769 0.0000000 -0.3846154
vn 0.7132484 -0.5671865 0.4117963
vn 0.2098285 0.5671865 -0.7964116
vn 0.9230769 0.0000000 -0.3846154
vn 0.9230769 0.0000000 -0.3846154
vn 0.2098285 0.5671865 -0.7964116
vn 0.2098285 0.5671865 -0.7964116
vn 0.9230769 0.0000000 -0.3846154
vn -0.7132484 0.5671865 -0.4117963
vn 0.2098285 0.5671865 -0.7964116
vn 0.2098285 0.5671865 -0.7964116
vn -0.7132484 0.5671865 -0.4117963
vn -0.7132484 0.5671865 -0.4117963
vn 0.2098285 0.5671865 -0.7964116
vn -0.9230769 0.0000000 0.3846154
vn -0.7132484 0.5671865 -0.4117963
vn -0.7132484 0.5671865 -0.4117963
vn -0.9230769 0.0000000 0.3846154
vn -0.9230769 0.0000000 0.3846154
vn -0.7132484 0.5671865 -0.4117963
vn -0.2518964 -0.7556891 -0.6045513
vn -0.2518964 -0.7556891 -0.6045513
vn -0.2518964 -0.7556891 -0.6045513
vn 0.2518964 0.7556891 0.6045513
vn 0.2518964 0.7556891 0.6045513
vn 0.2518964 0.7556891 0.6045513
vn -0.2518964 -0.7556891 -0.6045513
vn -0.2518964 -0.7556891 -0.6045513
vn -0.2518964 -0.7556891 -0.6045513
vn 0.2518964 0.7556891 0.6045513
vn 0.2518964 0.7556891 0.6045513
vn 0.2518964 0.7556891 0.6045513
vn -0.2518964 -0.7556891 -0.6045513
vn -0.2518964 -0.7556891 -0.6045513
vn -0.2518964 -0.7556891 -0.6045513
vn 0.2518964 0.7556891 0.6045513
vn 0.2518964 0.7556891 0.6045513
vn 0.2518964 0.7556891 0.6045513
vn -0.2518964 -0.7556891 -0.6045513
vn -0.2518964 -0.7556891 -0.6045513
vn -0.2518964 -0.7556891 -0.6045513
vn 0.2518964 0.7556891 0.6045513
vn 0.2518964 0.7556891 0.6045513
vn 0.2518964 0.7556891 0.6045513
vn -0.8335486 0.3919608 -0.3893114
vn 0.0000000 0.3424536 -0.9395348
vn 0.0000000 0.3424536 -0.9395348
vn -0.8335486 0.3919608 -0.3893114
vn -0.8335486 0.3919608 -0.3893114
vn 0.0000000 0.3424536 -0.9395348
vn -0.8335486 0.0495072 0.5502233
vn -0.8335486 0.3919608 -0.3893114
vn -0.8335486 0.3919608 -0.3893114
vn -0.8335486 0.0495072 0.5502233
vn -0.8335486 0.0495072 0.5502233
vn -0.8335486 0.3919608 -0.3893114
vn 0.0000000 -0.3424536 0.9395348
vn -0.8335486 0.0495072 0.5502233
vn -0.8335486 0.0495072 0.5502233
vn 0.0000000 -0.3424536 0.9395348
vn 0.0000000 -0.3424536 0.9395348
vn -0.8335486 0.0495072 0.5502233
vn 0.8335486 -0.3919608 0.3893114
vn 0.0000000 -0.3424536 0.9395348
vn 0.0000000 -0.3424536 0.9395348
vn 0.8335486 -0.3919608 0.3893114
vn 0.8335486 -0.3919608 0.3893114
vn 0.0000000 -0.3424536 0.9395348
vn 0.8335486 -0.0495072 -0.5502233
vn 0.8335486 -0.3919608 0.3893114
vn 0.8335486 -0.3919608 0.3893114
vn 0.8335486 -0.0495072 -0.5502233
vn 0.8335486 -0.0495072 -0.5502233
vn 0.8335486 -0.3919608 0.3893114
vn 0.0000000 0.3424536 -0.9395348
vn 0.8335486 -0.0495072 -0.5502233
vn 0.8335486 -0.0495072 -0.5502233
vn 0.0000000 0.3424536 -0.9395348
vn 0.0000000 0.3424536 -0.9395348
vn 0.8335486 -0.0495072 -0.5502233
vn -0.2712850 -0.9043013 -0.3296112
vn -0.2712850 -0.9043013 -0.3296112
vn -0.2712850 -0.9043013 -0.3296112
vn 0.2712850 0.9043013 0.3296112
vn 0.2712850 0.9043013 0.3296112
vn 0.2712850 0.9043013 0.3296112
vn -0.2712850 -0.9043013 -0.3296112
vn -0.2712850 -0.9043013 -0.3296112
vn -0.2712850 -0.9043013 -0.3296112
vn 0.2712850 0.9043013 0.3296112
vn 0.2712850 0.9043013 0.3296112
vn 0.2712850 0.9043013 0.3296112
vn -0.2712850 -0.9043013 -0.3296112
vn -0.2712850 -0.9043013 -0.3296112
vn -0.2712850 -0.9043013 -0.3296112
vn 0.2712850 0.9043013 0.3296112
vn 0.2712850 0.9043013 0.3296112
vn 0.2712850 0.9043013 0.3296112
vn -0.2712850 -0.9043013 -0.3296112
vn -0.2712850 -0.9043013 -0.3296112
vn -0.2712850 -0.9043013 -0.3296112
vn 0.2712850 0.9043013 0.3296112
vn 0.2712850 0.9043013 0.3296112
vn 0.2712850 0.9043013 0.3296112
vn -0.5000000 -0.8520563 0.1549193
vn -1.0000000 0.0000000 0.0000000
vn -1.0000000 0.0000000 0.0000000
vn -0.5000000 -0.8520563 0.1549193
vn -0.5000000 -0.8520563 0.1549193
vn -1.0000000 0.0000000 0.0000000
vn 0.5000000 -0.8520563 0.1549193
vn -0.5000000 -0.8520563 0.1549193
vn -0.5000000 -0.8520563 0.1549193
vn 0.5000000 -0.8520563 0.1549193
vn 0.5000000 -0.8520563 0.1549193
vn -0.5000000 -0.8520563 0.1549193
vn 1.0000000 0.0000000 0.0000000
vn 0.5000000 -0.8520563 0.1549193
vn 0.5000000 -0.8520563 0.1549193
vn 1.0000000 0.0000000 0.0000000
vn 1.0000000 0.0000000 0.0000000
vn 0.5000000 -0.8520563 0.1549193
vn 0.5000000 0.8520563 -0.1549193
vn 1.0000000 0.0000000 0.0000000
vn 1.0000000 0.0000000 0.0000000
vn 0.5000000 0.8520563 -0.1549193
vn 0.5000000 0.8520563 -0.1549193
vn 1.0000000 0.0000000 0.0000000
vn -0.5000000 0.8520563 -0.1549193
vn 0.5000000 0.8520563 -0.1549193
vn 0.5000000 0.8520563 -0.1549193
vn -0.5000000 0.8520563 -0.1549193
vn -0.5000000 0.8520563 -0.1549193
vn 0.5000000 0.8520563 -0.1549193
vn -1.0000000 0.0000000 0.0000000
vn -0.5000000 0.8520563 -0.1549193
vn -0.5000000 0.8520563 -0.1549193
vn -1.0000000 0.0000000 0.0000000
vn -1.0000000 0.0000000 0.0000000
vn -0.5000000 0.8520563 -0.1549193
vn 0.0000000 -0.1788854 -0.9838699
vn 0.0000000 -0.1788854 -0.9838699
vn 0.0000000 -0.1788854 -0.9838699
vn 0.0000000 0.1788854 0.9838699
vn 0.0000000 0.1788854 0.9838699
vn 0.0000000 0.1788854 0.9838699
vn -0.0000000 -0.1788854 -0.9838699
vn -0.0000000 -0.1788854 -0.9838699
vn -0.0000000 -0.1788854 -0.9838699
vn 0.0000000 0.1788854 0.9838699
vn 0.0000000 0.1788854 0.9838699
vn 0.0000000 0.1788854 0.9838699
vn -0.0000000 -0.1788854 -0.9838699
vn -0.0000000 -0.1788854 -0.9838699
vn -0.0000000 -0.1788854 -0.9838699
vn 0.0000000 0.1788854 0.9838699
vn 0.0000000 0.1788854 0.9838699
vn 0.0000000 0.1788854 0.9838699
vn -0.0000000 -0.1788854 -0.9838699
vn -0.0000000 -0.1788854 -0.9838699
vn -0.0000000 -0.1788854 -0.9838699
vn 0.0000000 0.1788854 0.9838699
vn 0.0000000 0.1788854 0.9838699
vn 0.0000000 0.1788854 0.9838699
vn -0.4007390 -0.8660254 -0.2990121
vn -0.8014780 0.0000000 -0.5980243
vn -0.8014780 0.0000000 -0.5980243
vn -0.4007390 -0.8660254 -0.2990121
vn -0.4007390 -0.8660254 -0.2990121
vn -0.8014780 0.0000000 -0.5980243
vn 0.4007390 -0.8660254 0.2990121
vn -0.4007390 -0.8660254 -0.2990121
vn -0.4007390 -0.8660254 -0.2990121
vn 0.4007390 -0.8660254 0.2990121
vn 0.4007390 -0.8660254 0.2990121
vn -0.4007390 -0.8660254 -0.2990121
vn 0.8014780 0.0000000 0.5980243
vn 0.4007390 -0.8660254 0.2990121
vn 0.4007390 -0.8660254 0.2990121
vn 0.8014780 0.0000000 0.5980243
vn 0.8014780 0.0000000 0.5980243
vn 0.4007390 -0.8660254 0.2990121
vn 0.4007390 0.8660254 0.2990121
vn 0.8014780 0.0000000 0.5980243
vn 0.8014780 0.0000000 0.5980243
vn 0.4007390 0.8660254 0.2990121
vn 0.4007390 0.8660254 0.2990121
vn 0.8014780 0.0000000 0.5980243
vn -0.4007390 0.8660254 -0.2990121
vn 0.4007390 0.8660254 0.2990121
vn 0.4007390 0.8660254 0.2990121
vn -0.4007390 0.8660254 -0.2990121
vn -0.4007390 0.8660254 -0.2990121
vn 0.4007390 0.8660254 0.2990121
vn -0.8014780 0.0000000 -0.5980243
vn -0.4007390 0.8660254 -0.2990121
vn -0.4007390 0.8660254 -0.2990121
vn -0.8014780 0.0000000 -0.5980243
vn -0.8014780 0.0000000 -0.5980243
vn -0.4007390 0.8660254 -0.2990121
vn 0.5980243 0.0000000 -0.8014780
vn 0.5980243 0.0000000 -0.8014780
vn 0.5980243 0.0000000 -0.8014780
vn -0.5980243 0.0000000 0.8014780
vn -0.5980243 0.0000000 0.8014780
vn -0.5980243 0.0000000 0.8014780
vn 0.5980243 0.0000000 -0.8014780
vn 0.5980243 0.0000000 -0.8014780
vn 0.5980243 0.0000000 -0.8014780
vn -0.5980243 0.0000000 0.8014780
vn -0.5980243 0.0000000 0.8014780
vn -0.5980243 0.0000000 0.8014780
vn 0.5980243 0.0000000 -0.8014780
vn 0.5980243 0.0000000 -0.8014780
vn 0.5980243 0.0000000 -0.8014780
vn -0.5980243 0.0000000 0.8014780
vn -0.5980243 0.0000000 0.8014780
vn -0.5980243 0.0000000 0.8014780
vn 0.5980243 0.0000000 -0.8014780
vn 0.5980243 0.0000000 -0.8014780
vn 0.5980243 0.0000000 -0.8014780
vn -0.5980243 -0.0000000 0.8014780
vn -0.5980243 -0.0000000 0.8014780
vn -0.5980243 -0.0000000 0.8014780
vn 0.5000000 -0.8660254 0.0000000
vn 1.0000000 0.0000000 0.0000000
vn 1.0000000 0.0000000 0.0000000
vn 0.5000000 -0.8660254 0.0000000
vn 0.5000000 -0.8660254 0.0000000
vn 1.0000000 0.0000000 0.0000000
vn -0.5000000 -0.8660254 0.0000000
vn 0.5000000 -0.8660254 0.0000000
vn 0.5000000 -0.8660254 0.0000000
vn -0.5000000 -0.8660254 0.0000000
vn -0.5000000 -0.8660254 0.0000000
vn 0.5000000 -0.8660254 0.0000000
vn -1.0000000 0.0000000 0.0000000
vn -0.5000000 -0.8660254 0.0000000
vn -0.5000000 -0.8660254 0.0000000
vn -1.0000000 0.0000000 0.0000000
vn -1.0000000 0.0000000 0.0000000
vn -0.5000000 -0.8660254 0.0000000
vn -0.5000000 0.8660254 0.0000000
vn -1.0000000 0.0000000 0.0000000
vn -1.0000000 0.0000000 0.0000000
vn -0.5000000 0.8660254 0.0000000
vn -0.5000000 0.8660254 0.0000000
vn -1.0000000 0.0000000 0.0000000
vn 0.5000000 0.8660254 0.0000000
vn -0.5000000 0.8660254 0.0000000
vn -0.5000000 0.8660254 0.0000000
vn 0.5000000 0.8660254 0.0000000
vn 0.5000000 0.8660254 0.0000000
vn -0.5000000 0.8660254 0.0000000
vn 1.0000000 0.0000000 0.0000000
vn 0.5000000 0.8660254 0.0000000
vn 0.5000000 0.8660254 0.0000000
vn 1.0000000 0.0000000 0.0000000
vn 1.0000000 0.0000000 0.0000000
vn 0.5000000 0.8660254 0.0000000
vn 0.0000000 0.0000000 1.0000000
vn 0.0000000 0.0000000 1.0000000
vn 0.0000000 0.0000000 1.0000000
vn 0.0000000 0.0000000 -1.0000000
vn 0.0000000 0.0000000 -1.0000000
vn 0.0000000 0.0000000 -1.0000000
vn 0.0000000 0.0000000 1.0000000
vn 0.0000000 0.0000000 1.0000000
vn 0.0000000 0.0000000 1.0000000
vn -0.0000000 0.0000000 -1.0000000
vn -0.0000000 0.0000000 -1.0000000
vn -0.0000000 0.0000000 -1.0000000
vn 0.0000000 0.0000000 1.0000000
vn 0.0000000 0.0000000 1.0000000
vn 0.0000000 0.0000000 1.0000000
vn 0.0000000 0.0000000 -1.0000000
vn 0.0000000 0.0000000 -1.0000000
vn 0.0000000 0.0000000 -1.0000000
vn 0.0000000 0.0000000 1.0000000
vn 0.0000000 0.0000000 1.0000000
vn 0.0000000 0.0000000 1.0000000
vn 0.0000000 0.0000000 -1.0000000
vn 0.0000000 0.0000000 -1.0000000
vn 0.0000000 0.0000000 -1.0000000
vn -0.4007390 -0.8660254 0.2990121
vn -0.8014780 0.0000000 0.5980243
vn -0.8014780 0.0000000 0.5980243
vn -0.4007390 -0.8660254 0.2990121
vn -0.4007390 -0.8660254 0.2990121
vn -0.8014780 0.0000000 0.5980243
vn 0.4007390 -0.8660254 -0.2990121
vn -0.4007390 -0.8660254 0.2990121
vn -0.4007390 -0.8660254 0.2990121
vn 0.4007390 -0.8660254 -0.2990121
vn 0.4007390 -0.8660254 -0.2990121
vn -0.4007390 -0.8660254 0.2990121
vn 0.8014780 0.0000000 -0.5980243
vn 0.4007390 -0.8660254 -0.2990121
vn 0.4007390 -0.8660254 -0.2990121
vn 0.8014780 0.0000000 -0.5980243
vn 0.8014780 0.0000000 -0.5980243
vn 0.4007390 -0.8660254 -0.2990121
vn 0.4007390 0.8660254 -0.2990121
vn 0.8014780 0.0000000 -0.5980243
vn 0.8014780 0.0000000 -0.5980243
vn 0.4007390 0.8660254 -0.2990121
vn 0.4007390 0.8660254 -0.2990121
vn 0.8014780 0.0000000 -0.5980243
vn -0.4007390 0.8660254 0.2990121
vn 0.4007390 0.8660254 -0.2990121
vn 0.4007390 0.8660254 -0.2990121
vn -0.4007390 0.8660254 0.2990121
vn -0.4007390 0.8660254 0.2990121
vn 0.4007390 0.8660254 -0.2990121
vn -0.8014780 0.0000000 0.5980243
vn -0.4007390 0.8660254 0.2990121
vn -0.4007390 0.8660254 0.2990121
vn -0.8014780 0.0000000 0.5980243
vn -0.8014780 0.0000000 0.5980243
vn -0.4007390 0.8660254 0.2990121
vn -0.5980243 0.0000000 -0.8014780
vn -0.5980243 0.0000000 -0.8014780
vn -0.5980243 0.0000000 -0.8014780
vn 0.5980243 -0.0000000 0.8014780
vn 0.5980243 -0.0000000 0.8014780
vn 0.5980243 -0.0000000 0.8014780
vn -0.5980243 0.0000000 -0.8014780
vn -0.5980243 0.0000000 -0.8014780
vn -0.5980243 0.0000000 -0.8014780
vn 0.5980243 -0.0000000 0.8014780
vn 0.5980243 -0.0000000 0.8014780
vn 0.5980243 -0.0000000 0.8014780
vn -0.5980243 0.0000000 -0.8014780
vn -0.5980243 0.0000000 -0.8014780
vn -0.5980243 0.0000000 -0.8014780
vn 0.5980243 -0.0000000 0.8014780
vn 0.5980243 -0.0000000 0.8014780
vn 0.5980243 -0.0000000 0.8014780
vn -0.5980243 0.0000000 -0.8014780
vn -0.5980243 0.0000000 -0.8014780
vn -0.5980243 0.0000000 -0.8014780
vn 0.5980243 0.0000000 0.8014780
vn 0.5980243 0.0000000 0.8014780
vn 0.5980243 0.0000000 0.8014780
vn 0.5000000 -0.8660254 0.0000000
vn 1.0000000 0.0000000 0.0000000
vn 1.0000000 0.0000000 0.0000000
vn 0.5000000 -0.8660254 0.0000000
vn 0.5000000 -0.8660254 0.0000000
vn 1.0000000 0.0000000 0.0000000
vn -0.5000000 -0.8660254 0.0000000
vn 0.5000000 -0.8660254 0.0000000
vn 0.5000000 -0.8660254 0.0000000
vn -0.5000000 -0.8660254 0.0000000
vn -0.5000000 -0.8660254 0.0000000
vn 0.5000000 -0.8660254 0.0000000
vn -1.0000000 0.0000000 0.0000000
vn -0.5000000 -0.8660254 0.0000000
vn -0.5000000 -0.8660254 0.0000000
vn -1.0000000 0.0000000 0.0000000
vn -1.0000000 0.0000000 0.0000000
vn -0.5000000 -0.8660254 0.0000000
vn -0.5000000 0.8660254 0.0000000
vn -1.0000000 0.0000000 0.0000000
vn -1.0000000 0.0000000 0.0000000
vn -0.5000000 0.8660254 0.0000000
vn -0.5000000 0.8660254 0.0000000
vn -1.0000000 0.0000000 0.0000000
vn 0.5000000 0.8660254 0.0000000
vn -0.5000000 0.8660254 0.0000000
vn -0.5000000 0.8660254 0.0000000
vn 0.5000000 0.8660254 0.0000000
vn 0.5000000 0.8660254 0.0000000
vn -0.5000000 0.8660254 0.0000000
vn 1.0000000 0.0000000 0.0000000
vn 0.5000000 0.8660254 0.0000000
vn 0.5000000 0.8660254 0.0000000
vn 1.0000000 0.0000000 0.0000000
vn 1.0000000 0.0000000 0.0000000
vn 0.5000000 0.8660254 0.0000000
vn 0.0000000 0.0000000 1.0000000
vn 0.0000000 0.0000000 1.0000000
vn 0.0000000 0.0000000 1.0000000
vn 0.0000000 0.0000000 -1.0000000
vn 0.0000000 0.0000000 -1.0000000
vn 0.0000000 0.0000000 -1.0000000
vn 0.0000000 0.0000000 1.0000000
vn 0.0000000 0.0000000 1.0000000
vn 0.0000000 0.0000000 1.0000000
vn -0.0000000 0.0000000 -1.0000000
vn -0.0000000 0.0000000 -1.0000000
vn -0.0000000 0.0000000 -1.0000000
vn 0.0000000 0.0000000 1.0000000
vn 0.0000000 0.0000000 1.0000000
vn 0.0000000 0.0000000 1.0000000
vn 0.0000000 0.0000000 -1.0000000
vn 0.0000000 0.0000000 -1.0000000
vn 0.0000000 0.0000000 -1.0000000
vn 0.0000000 0.0000000 1.0000000
vn 0.0000000 0.0000000 1.0000000
vn 0.0000000 0.0000000 1.0000000
vn 0.0000000 0.0000000 -1.0000000
vn 0.0000000 0.0000000 -1.0000000
vn 0.0000000 0.0000000 -1.0000000
o Canvas
usemtl Canvas
f 1/1/1 2/2/2 3/3/3
f 4/4/4 5/5/5 6/6/6
f 7/7/7 8/8/8 9/9/9
f 10/10/10 11/11/11 12/12/12
f 13/13/13 14/14/14 15/15/15
f 16/16/16 17/17/17 18/18/18
f 19/19/19 20/20/20 21/21/21
f 22/22/22 23/23/23 24/24/24
f 25/25/25 26/26/26 27/27/27
f 28/28/28 29/29/29 30/30/30
f 31/31/31 32/32/32 33/33/33
f 34/34/34 35/35/35 36/36/36
f 37/37/37 38/38/38 39/39/39
f 40/40/40 41/41/41 42/42/42
f 43/43/43 44/44/44 45/45/45
f 46/46/46 47/47/47 48/48/48
f 49/49/49 50/50/50 51/51/51
f 52/52/52 53/53/53 54/54/54
f 55/55/55 56/56/56 57/57/57
f 58/58/58 59/59/59 60/60/60
f 61/61/61 62/62/62 63/63/63
f 64/64/64 65/65/65 66/66/66
f 67/67/67 68/68/68 69/69/69
f 70/70/70 71/71/71 72/72/72
f 73/73/73 74/74/74 75/75/75
f 76/76/76 77/77/77 78/78/78
f 79/79/79 80/80/80 81/81/81
f 82/82/82 83/83/83 84/84/84
f 85/85/85 86/86/86 87/87/87
f 88/88/88 89/89/89 90/90/90
f 91/91/91 92/92/92 93/93/93
f 94/94/94 95/95/95 96/96/96
f 97/97/97 98/98/98 99/99/99
f 100/100/100 101/101/101 102/102/102
f 103/103/103 104/104/104 105/105/105
f 106/106/106 107/107/107 108/108/108
f 109/109/109 110/110/110 111/111/111
f 112/112/112 113/113/113 114/114/114
f 115/115/115 116/116/116 117/117/117
f 118/118/118 119/119/119 120/120/120
f 121/121/121 122/122/122 123/123/123
f 124/124/124 125/125/125 126/126/126
f 127/127/127 128/128/128 129/129/129
f 130/130/130 131/131/131 132/132/132
f 133/133/133 134/134/134 135/135/135
f 136/136/136 137/137/137 138/138/138
f 139/139/139 140/140/140 141/141/141
f 142/142/142 143/143/143 144/144/144
f 145/145/145 146/146/146 147/147/147
f 148/148/148 149/149/149 150/150/150
f 151/151/151 152/152/152 153/153/153
f 154/154/154 155/155/155 156/156/156
f 157/157/157 158/158/158 159/159/159
f 160/160/160 161/161/161 162/162/162
f 163/163/163 164/164/164 165/165/165
f 166/166/166 167/167/167 168/168/168
f 169/169/169 170/170/170 171/171/171
f 172/172/172 173/173/173 174/174/174
f 175/175/175 176/176/176 177/177/177
f 178/178/178 179/179/179 180/180/180
f 181/181/181 182/182/182 183/183/183
f 184/184/184 185/185/185 186/186/186
f 187/187/187 188/188/188 189/189/189
f 190/190/190 191/191/191 192/192/192
f 193/193/193 194/194/194 195/195/195
f 196/196/196 197/197/197 198/198/198
f 199/199/199 200/200/200 201/201/201
f 202/202/202 203/203/203 204/204/204
f 205/205/205 206/206/206 207/207/207
f 208/208/208 209/209/209 210/210/210
f 211/211/211 212/212/212 213/213/213
f 214/214/214 215/215/215 216/216/216
f 217/217/217 218/218/218 219/219/219
f 220/220/220 221/221/221 222/222/222
f 223/223/223 224/224/224 225/225/225
f 226/226/226 227/227/227 228/228/228
f 229/229/229 230/230/230 231/231/231
f 232/232/232 233/233/233 234/234/234
f 235/235/235 236/236/236 237/237/237
f 238/238/238 239/239/239 240/240/240
f 241/241/241 242/242/242 243/243/243
f 244/244/244 245/245/245 246/246/246
f 247/247/247 248/248/248 249/249/249
f 250/250/250 251/251/251 252/252/252
f 253/253/253 254/254/254 255/255/255
f 256/256/256 257/257/257 258/258/258
f 259/259/259 260/260/260 261/261/261
f 262/262/262 263/263/263 264/264/264
f 265/265/265 266/266/266 267/267/267
f 268/268/268 269/269/269 270/270/270
f 271/271/271 272/272/272 273/273/273
f 274/274/274 275/275/275 276/276/276
f 277/277/277 278/278/278 279/279/279
f 280/280/280 281/281/281 282/282/282
f 283/283/283 284/284/284 285/285/285
f 286/286/286 287/287/287 288/288/288
f 289/289/289 290/290/290 291/291/291
f 292/292/292 293/293/293 294/294/294
f 295/295/295 296/296/296 297/297/297
f 298/298/298 299/299/299 300/300/300
f 301/301/301 302/302/302 303/303/303
f 304/304/304 305/305/305 306/306/306
f 307/307/307 308/308/308 309/309/309
f 310/310/310 311/311/311 312/312/312
f 313/313/313 314/314/314 315/315/315
f 316/316/316 317/317/317 318/318/318
f 319/319/319 320/320/320 321/321/321
f 322/322/322 323/323/323 324/324/324
f 325/325/325 326/326/326 327/327/327
f 328/328/328 329/329/329 330/330/330
f 331/331/331 332/332/332 333/333/333
f 334/334/334 335/335/335 336/336/336
f 337/337/337 338/338/338 339/339/339
f 340/340/340 341/341/341 342/342/342
f 343/343/343 344/344/344 345/345/345
f 346/346/346 347/347/347 348/348/348
f 349/349/349 350/350/350 351/351/351
f 352/352/352 353/353/353 354/354/354
f 355/355/355 356/356/356 357/357/357
f 358/358/358 359/359/359 360/360/360
f 361/361/361 362/362/362 363/363/363
f 364/364/364 365/365/365 366/366/366
f 367/367/367 368/368/368 369/369/369
f 370/370/370 371/371/371 372/372/372
f 373/373/373 374/374/374 375/375/375
f 376/376/376 377/377/377 378/378/378
f 379/379/379 380/380/380 381/381/381
f 382/382/382 383/383/383 384/384/384
f 385/385/385 386/386/386 387/387/387
f 388/388/388 389/389/389 390/390/390
f 391/391/391 392/392/392 393/393/393
f 394/394/394 395/395/395 396/396/396
f 397/397/397 398/398/398 399/399/399
f 400/400/400 401/401/401 402/402/402
f 403/403/403 404/404/404 405/405/405
f 406/406/406 407/407/407 408/408/408
f 409/409/409 410/410/410 411/411/411
f 412/412/412 413/413/413 414/414/414
f 415/415/415 416/416/416 417/417/417
f 418/418/418 419/419/419 420/420/420
f 421/421/421 422/422/422 423/423/423
f 424/424/424 425/425/425 426/426/426
f 427/427/427 428/428/428 429/429/429
f 430/430/430 431/431/431 432/432/432
f 433/433/433 434/434/434 435/435/435
f 436/436/436 437/437/437 438/438/438
f 439/439/439 440/440/440 441/441/441
f 442/442/442 443/443/443 444/444/444
f 445/445/445 446/446/446 447/447/447
f 448/448/448 449/449/449 450/450/450
f 451/451/451 452/452/452 453/453/453
f 454/454/454 455/455/455 456/456/456
f 457/457/457 458/458/458 459/459/459
f 460/460/460 461/461/461 462/462/462
f 463/463/463 464/464/464 465/465/465
f 466/466/466 467/467/467 468/468/468
f 469/469/469 470/470/470 471/471/471
f 472/472/472 473/473/473 474/474/474
f 475/475/475 476/476/476 477/477/477
f 478/478/478 479/479/479 480/480/480
f 481/481/481 482/482/482 483/483/483
f 484/484/484 485/485/485 486/486/486
f 487/487/487 488/488/488 489/489/489
f 490/490/490 491/491/491 492/492/492
f 493/493/493 494/494/494 495/495/495
f 496/496/496 497/497/497 498/498/498
f 499/499/499 500/500/500 501/501/501
f 502/502/502 503/503/503 504/504/504
f 505/505/505 506/506/506 507/507/507
f 508/508/508 509/509/509 510/510/510
f 511/511/511 512/512/512 513/513/513
f 514/514/514 515/515/515 516/516/516
f 517/517/517 518/518/518 519/519/519
f 520/520/520 521/521/521 522/522/522
f 523/523/523 524/524/524 525/525/525
f 526/526/526 527/527/527 528/528/528
f 529/529/529 530/530/530 531/531/531
f 532/532/532 533/533/533 534/534/534
f 535/535/535 536/536/536 537/537/537
f 538/538/538 539/539/539 540/540/540
f 541/541/541 542/542/542 543/543/543
f 544/544/544 545/545/545 546/546/546
f 547/547/547 548/548/548 549/549/549
f 550/550/550 551/551/551 552/552/552
f 553/553/553 554/554/554 555/555/555
f 556/556/556 557/557/557 558/558/558
f 559/559/559 560/560/560 561/561/561
f 562/562/562 563/563/563 564/564/564
f 565/565/565 566/566/566 567/567/567
f 568/568/568 569/569/569 570/570/570
f 571/571/571 572/572/572 573/573/573
f 574/574/574 575/575/575 576/576/576
o Wood
usemtl Wood
f 577/577/577 578/578/578 579/579/579
f 580/580/580 581/581/581 582/582/582
f 583/583/583 584/584/584 585/585/585
f 586/586/586 587/587/587 588/588/588
f 589/589/589 590/590/590 591/591/591
f 592/592/592 593/593/593 594/594/594
f 595/595/595 596/596/596 597/597/597
f 598/598/598 599/599/599 600/600/600
f 601/601/601 602/602/602 603/603/603
f 604/604/604 605/605/605 606/606/606
f 607/607/607 608/608/608 609/609/609
f 610/610/610 611/611/611 612/612/612
f 613/613/613 614/614/614 615/615/615
f 616/616/616 617/617/617 618/618/618
f 619/619/619 620/620/620 621/621/621
f 622/622/622 623/623/623 624/624/624
f 625/625/625 626/626/626 627/627/627
f 628/628/628 629/629/629 630/630/630
f 631/631/631 632/632/632 633/633/633
f 634/634/634 635/635/635 636/636/636
f 637/637/637 638/638/638 639/639/639
f 640/640/640 641/641/641 642/642/642
f 643/643/643 644/644/644 645/645/645
f 646/646/646 647/647/647 648/648/648
f 649/649/649 650/650/650 651/651/651
f 652/652/652 653/653/653 654/654/654
f 655/655/655 656/656/656 657/657/657
f 658/658/658 659/659/659 660/660/660
f 661/661/661 662/662/662 663/663/663
f 664/664/664 665/665/665 666/666/666
f 667/667/667 668/668/668 669/669/669
f 670/670/670 671/671/671 672/672/672
f 673/673/673 674/674/674 675/675/675
f 676/676/676 677/677/677 678/678/678
f 679/679/679 680/680/680 681/681/681
f 682/682/682 683/683/683 684/684/684
f 685/685/685 686/686/686 687/687/687
f 688/688/688 689/689/689 690/690/690
f 691/691/691 692/692/692 693/693/693
f 694/694/694 695/695/695 696/696/696
f 697/697/697 698/698/698 699/699/699
f 700/700/700 701/701/701 702/702/702
f 703/703/703 704/704/704 705/705/705
f 706/706/706 707/707/707 708/708/708
f 709/709/709 710/710/710 711/711/711
f 712/712/712 713/713/713 714/714/714
f 715/715/715 716/716/716 717/717/717
f 718/718/718 719/719/719 720/720/720
f 721/721/721 722/722/722 723/723/723
f 724/724/724 725/725/725 726/726/726
f 727/727/727 728/728/728 729/729/729
f 730/730/730 731/731/731 732/732/732
f 733/733/733 734/734/734 735/735/735
f 736/736/736 737/737/737 738/738/738
f 739/739/739 740/740/740 741/741/741
f 742/742/742 743/743/743 744/744/744
f 745/745/745 746/746/746 747/747/747
f 748/748/748 749/749/749 750/750/750
f 751/751/751 752/752/752 753/753/753
f 754/754/754 755/755/755 756/756/756
f 757/757/757 758/758/758 759/759/759
f 760/760/760 761/761/761 762/762/762
f 763/763/763 764/764/764 765/765/765
f 766/766/766 767/767/767 768/768/768
f 769/769/769 770/770/770 771/771/771
f 772/772/772 773/773/773 774/774/774
f 775/775/775 776/776/776 777/777/777
f 778/778/778 779/779/779 780/780/780
f 781/781/781 782/782/782 783/783/783
f 784/784/784 785/785/785 786/786/786
f 787/787/787 788/788/788 789/789/789
f 790/790/790 791/791/791 792/792/792
f 793/793/793 794/794/794 795/795/795
f 796/796/796 797/797/797 798/798/798
f 799/799/799 800/800/800 801/801/801
f 802/802/802 803/803/803 804/804/804
f 805/805/805 806/806/806 807/807/807
f 808/808/808 809/809/809 810/810/810
f 811/811/811 812/812/812 813/813/813
f 814/814/814 815/815/815 816/816/816
f 817/817/817 818/818/818 819/819/819
f 820/820/820 821/821/821 822/822/822
f 823/823/823 824/824/824 825/825/825
f 826/826/826 827/827/827 828/828/828
f 829/829/829 830/830/830 831/831/831
f 832/832/832 833/833/833 834/834/834
f 835/835/835 836/836/836 837/837/837
f 838/838/838 839/839/839 840/840/840
f 841/841/841 842/842/842 843/843/843
f 844/844/844 845/845/845 846/846/846
f 847/847/847 848/848/848 849/849/849
f 850/850/850 851/851/851 852/852/852
f 853/853/853 854/854/854 855/855/855
f 856/856/856 857/857/857 858/858/858
f 859/859/859 860/860/860 861/861/861
f 862/862/862 863/863/863 864/864/864
f 865/865/865 866/866/866 867/867/867
f 868/868/868 869/869/869 870/870/870
f 871/871/871 872/872/872 873/873/873
f 874/874/874 875/875/875 876/876/876
f 877/877/877 878/878/878 879/879/879
f 880/880/880 881/881/881 882/882/882
f 883/883/883 884/884/884 885/885/885
f 886/886/886 887/887/887 888/888/888
f 889/889/889 890/890/890 891/891/891
f 892/892/892 893/893/893 894/894/894
f 895/895/895 896/896/896 897/897/897
f 898/898/898 899/899/899 900/900/900
f 901/901/901 902/902/902 903/903/903
f 904/904/904 905/905/905 906/906/906
f 907/907/907 908/908/908 909/909/909
f 910/910/910 911/911/911 912/912/912
f 913/913/913 914/914/914 915/915/915
f 916/916/916 917/917/917 918/918/918
f 919/919/919 920/920/920 921/921/921
f 922/922/922 923/923/923 924/924/924
f 925/925/925 926/926/926 927/927/927
f 928/928/928 929/929/929 930/930/930
f 931/931/931 932/932/932 933/933/933
f 934/934/934 935/935/935 936/936/936
f 937/937/937 938/938/938 939/939/939
f 940/940/940 941/941/941 942/942/942
f 943/943/943 944/944/944 945/945/945
f 946/946/946 947/947/947 948/948/948
f 949/949/949 950/950/950 951/951/951
f 952/952/952 953/953/953 954/954/954
f 955/955/955 956/956/956 957/957/957
f 958/958/958 959/959/959 960/960/960
f 961/961/961 962/962/962 963/963/963
f 964/964/964 965/965/965 966/966/966
f 967/967/967 968/968/968 969/969/969
f 970/970/970 971/971/971 972/972/972
f 973/973/973 974/974/974 975/975/975
f 976/976/976 977/977/977 978/978/978
f 979/979/979 980/980/980 981/981/981
f 982/982/982 983/983/983 984/984/984
f 985/985/985 986/986/986 987/987/987
f 988/988/988 989/989/989 990/990/990
f 991/991/991 992/992/992 993/993/993
f 994/994/994 995/995/995 996/996/996
f 997/997/997 998/998/998 999/999/999
f 1000/1000/1000 1001/1001/1001 1002/1002/1002
f 1003/1003/1003 1004/1004/1004 1005/1005/1005
f 1006/1006/1006 1007/1007/1007 1008/1008/1008
f 1009/1009/1009 1010/1010/1010 1011/1011/1011
f 1012/1012/1012 1013/1013/1013 1014/1014/1014
f 1015/1015/1015 1016/1016/1016 1017/1017/1017
f 1018/1018/1018 1019/1019/1019 1020/1020/1020
f 1021/1021/1021 1022/1022/1022 1023/1023/1023
f 1024/1024/1024 1025/1025/1025 1026/1026/1026
f 1027/1027/1027 1028/1028/1028 1029/1029/1029
f 1030/1030/1030 1031/1031/1031 1032/1032/1032
f 1033/1033/1033 1034/1034/1034 1035/1035/1035
f 1036/1036/1036 1037/1037/1037 1038/1038/1038
f 1039/1039/1039 1040/1040/1040 1041/1041/1041
f 1042/1042/1042 1043/1043/1043 1044/1044/1044
f 1045/1045/1045 1046/1046/1046 1047/1047/1047
f 1048/1048/1048 1049/1049/1049 1050/1050/1050
f 1051/1051/1051 1052/1052/1052 1053/1053/1053
f 1054/1054/1054 1055/1055/1055 1056/1056/1056
f 1057/1057/1057 1058/1058/1058 1059/1059/1059
f 1060/1060/1060 1061/1061/1061 1062/1062/1062
f 1063/1063/1063 1064/1064/1064 1065/1065/1065
f 1066/1066/1066 1067/1067/1067 1068/1068/1068
f 1069/1069/1069 1070/1070/1070 1071/1071/1071
f 1072/1072/1072 1073/1073/1073 1074/1074/1074
f 1075/1075/1075 1076/1076/1076 1077/1077/1077
f 1078/1078/1078 1079/1079/1079 1080/1080/1080
f 1081/1081/1081 1082/1082/1082 1083/1083/1083
f 1084/1084/1084 1085/1085/1085 1086/1086/1086
f 1087/1087/1087 1088/1088/1088 1089/1089/1089
f 1090/1090/1090 1091/1091/1091 1092/1092/1092
f 1093/1093/1093 1094/1094/1094 1095/1095/1095
f 1096/1096/1096 1097/1097/1097 1098/1098/1098
f 1099/1099/1099 1100/1100/1100 1101/1101/1101
f 1102/1102/1102 1103/1103/1103 1104/1104/1104
f 1105/1105/1105 1106/1106/1106 1107/1107/1107
f 1108/1108/1108 1109/1109/1109 1110/1110/1110
f 1111/1111/1111 1112/1112/1112 1113/1113/1113
f 1114/1114/1114 1115/1115/1115 1116/1116/1116
f 1117/1117/1117 1118/1118/1118 1119/1119/1119
f 1120/1120/1120 1121/1121/1121 1122/1122/1122
f 1123/1123/1123 1124/1124/1124 1125/1125/1125
f 1126/1126/1126 1127/1127/1127 1128/1128/1128
f 1129/1129/1129 1130/1130/1130 1131/1131/1131
f 1132/1132/1132 1133/1133/1133 1134/1134/1134
f 1135/1135/1135 1136/1136/1136 1137/1137/1137
f 1138/1138/1138 1139/1139/1139 1140/1140/1140
f 1141/1141/1141 1142/1142/1142 1143/1143/1143
f 1144/1144/1144 1145/1145/1145 1146/1146/1146
f 1147/1147/1147 1148/1148/1148 1149/1149/1149
f 1150/1150/1150 1151/1151/1151 1152/1152/1152
f 1153/1153/1153 1154/1154/1154 1155/1155/1155
f 1156/1156/1156 1157/1157/1157 1158/1158/1158
f 1159/1159/1159 1160/1160/1160 1161/1161/1161
f 1162/1162/1162 1163/1163/1163 1164/1164/1164
f 1165/1165/1165 1166/1166/1166 1167/1167/1167
f 1168/1168/1168 1169/1169/1169 1170/1170/1170
f 1171/1171/1171 1172/1172/1172 1173/1173/1173
f 1174/1174/1174 1175/1175/1175 1176/1176/1176
f 1177/1177/1177 1178/1178/1178 1179/1179/1179
f 1180/1180/1180 1181/1181/1181 1182/1182/1182
f 1183/1183/1183 1184/1184/1184 1185/1185/1185
f 1186/1186/1186 1187/1187/1187 1188/1188/1188
f 1189/1189/1189 1190/1190/1190 1191/1191/1191
f 1192/1192/1192 1193/1193/1193 1194/1194/1194
f 1195/1195/1195 1196/1196/1196 1197/1197/1197
f 1198/1198/1198 1199/1199/1199 1200/1200/1200
f 1201/1201/1201 1202/1202/1202 1203/1203/1203
f 1204/1204/1204 1205/1205/1205 1206/1206/1206
f 1207/1207/1207 1208/1208/1208 1209/1209/1209
f 1210/1210/1210 1211/1211/1211 1212/1212/1212
f 1213/1213/1213 1214/1214/1214 1215/1215/1215
f 1216/1216/1216 1217/1217/1217 1218/1218/1218
f 1219/1219/1219 1220/1220/1220 1221/1221/1221
f 1222/1222/1222 1223/1223/1223 1224/1224/1224
f 1225/1225/1225 1226/1226/1226 1227/1227/1227
f 1228/1228/1228 1229/1229/1229 1230/1230/1230
f 1231/1231/1231 1232/1232/1232 1233/1233/1233
f 1234/1234/1234 1235/1235/1235 1236/1236/1236
f 1237/1237/1237 1238/1238/1238 1239/1239/1239
f 1240/1240/1240 1241/1241/1241 1242/1242/1242
f 1243/1243/1243 1244/1244/1244 1245/1245/1245
f 1246/1246/1246 1247/1247/1247 1248/1248/1248
f 1249/1249/1249 1250/1250/1250 1251/1251/1251
f 1252/1252/1252 1253/1253/1253 1254/1254/1254
f 1255/1255/1255 1256/1256/1256 1257/1257/1257
f 1258/1258/1258 1259/1259/1259 1260/1260/1260
f 1261/1261/1261 1262/1262/1262 1263/1263/1263
f 1264/1264/1264 1265/1265/1265 1266/1266/1266
f 1267/1267/1267 1268/1268/1268 1269/1269/1269
f 1270/1270/1270 1271/1271/1271 1272/1272/1272
f 1273/1273/1273 1274/1274/1274 1275/1275/1275
f 1276/1276/1276 1277/1277/1277 1278/1278/1278
f 1279/1279/1279 1280/1280/1280 1281/1281/1281
f 1282/1282/1282 1283/1283/1283 1284/1284/1284
f 1285/1285/1285 1286/1286/1286 1287/1287/1287
f 1288/1288/1288 1289/1289/1289 1290/1290/1290
f 1291/1291/1291 1292/1292/1292 1293/1293/1293
f 1294/1294/1294 1295/1295/1295 1296/1296/1296
f 1297/1297/1297 1298/1298/1298 1299/1299/1299
f 1300/1300/1300 1301/1301/1301 1302/1302/1302
f 1303/1303/1303 1304/1304/1304 1305/1305/1305
f 1306/1306/1306 1307/1307/1307 1308/1308/1308
f 1309/1309/1309 1310/1310/1310 1311/1311/1311
f 1312/1312/1312 1313/1313/1313 1314/1314/1314
f 1315/1315/1315 1316/1316/1316 1317/1317/1317
f 1318/1318/1318 1319/1319/1319 1320/1320/1320
f 1321/1321/1321 1322/1322/1322 1323/1323/1323
f 1324/1324/1324 1325/1325/1325 1326/1326/1326
f 1327/1327/1327 1328/1328/1328 1329/1329/1329
f 1330/1330/1330 1331/1331/1331 1332/1332/1332
f 1333/1333/1333 1334/1334/1334 1335/1335/1335
f 1336/1336/1336 1337/1337/1337 1338/1338/1338
f 1339/1339/1339 1340/1340/1340 1341/1341/1341
f 1342/1342/1342 1343/1343/1343 1344/1344/1344
f 1345/1345/1345 1346/1346/1346 1347/1347/1347
f 1348/1348/1348 1349/1349/1349 1350/1350/1350
f 1351/1351/1351 1352/1352/1352 1353/1353/1353
f 1354/1354/1354 1355/1355/1355 1356/1356/1356
f 1357/1357/1357 1358/1358/1358 1359/1359/1359
f 1360/1360/1360 1361/1361/1361 1362/1362/1362
f 1363/1363/1363 1364/1364/1364 1365/1365/1365
f 1366/1366/1366 1367/1367/1367 1368/1368/1368
f 1369/1369/1369 1370/1370/1370 1371/1371/1371
f 1372/1372/1372 1373/1373/1373 1374/1374/1374
f 1375/1375/1375 1376/1376/1376 1377/1377/1377
f 1378/1378/1378 1379/1379/1379 1380/1380/1380
f 1381/1381/1381 1382/1382/1382 1383/1383/1383
f 1384/1384/1384 1385/1385/1385 1386/1386/1386
f 1387/1387/1387 1388/1388/1388 1389/1389/1389
f 1390/1390/1390 1391/1391/1391 1392/1392/1392
f 1393/1393/1393 1394/1394/1394 1395/1395/1395
f 1396/1396/1396 1397/1397/1397 1398/1398/1398
f 1399/1399/1399 1400/1400/1400 1401/1401/1401
f 1402/1402/1402 1403/1403/1403 1404/1404/1404
f 1405/1405/1405 1406/1406/1406 1407/1407/1407
f 1408/1408/1408 1409/1409/1409 1410/1410/1410
f 1411/1411/1411 1412/1412/1412 1413/1413/1413
f 1414/1414/1414 1415/1415/1415 1416/1416/1416
f 1417/1417/1417 1418/1418/1418 1419/1419/1419
f 1420/1420/1420 1421/1421/1421 1422/1422/1422
f 1423/1423/1423 1424/1424/1424 1425/1425/1425
f 1426/1426/1426 1427/1427/1427 1428/1428/1428
f 1429/1429/1429 1430/1430/1430 1431/1431/1431
f 1432/1432/1432 1433/1433/1433 1434/1434/1434
f 1435/1435/1435 1436/1436/1436 1437/1437/1437
f 1438/1438/1438 1439/1439/1439 1440/1440/1440
f 1441/1441/1441 1442/1442/1442 1443/1443/1443
f 1444/1444/1444 1445/1445/1445 1446/1446/1446
f 1447/1447/1447 1448/1448/1448 1449/1449/1449
f 1450/1450/1450 1451/1451/1451 1452/1452/1452
f 1453/1453/1453 1454/1454/1454 1455/1455/1455
f 1456/1456/1456 1457/1457/1457 1458/1458/1458
f 1459/1459/1459 1460/1460/1460 1461/1461/1461
f 1462/1462/1462 1463/1463/1463 1464/1464/1464
f 1465/1465/1465 1466/1466/1466 1467/1467/1467
f 1468/1468/1468 1469/1469/1469 1470/1470/1470
f 1471/1471/1471 1472/1472/1472 1473/1473/1473
f 1474/1474/1474 1475/1475/1475 1476/1476/1476
f 1477/1477/1477 1478/1478/1478 1479/1479/1479
f 1480/1480/1480 1481/1481/1481 1482/1482/1482
f 1483/1483/1483 1484/1484/1484 1485/1485/1485
f 1486/1486/1486 1487/1487/1487 1488/1488/1488
f 1489/1489/1489 1490/1490/1490 1491/1491/1491
f 1492/1492/1492 1493/1493/1493 1494/1494/1494
f 1495/1495/1495 1496/1496/1496 1497/1497/1497
f 1498/1498/1498 1499/1499/1499 1500/1500/1500
f 1501/1501/1501 1502/1502/1502 1503/1503/1503
f 1504/1504/1504 1505/1505/1505 1506/1506/1506
f 1507/1507/1507 1508/1508/1508 1509/1509/1509
f 1510/1510/1510 1511/1511/1511 1512/1512/1512
f 1513/1513/1513 1514/1514/1514 1515/1515/1515
f 1516/1516/1516 1517/1517/1517 1518/1518/1518
f 1519/1519/1519 1520/1520/1520 1521/1521/1521
f 1522/1522/1522 1523/1523/1523 1524/1524/1524
f 1525/1525/1525 1526/1526/1526 1527/1527/1527
f 1528/1528/1528 1529/1529/1529 1530/1530/1530
f 1531/1531/1531 1532/1532/1532 1533/1533/1533
f 1534/1534/1534 1535/1535/1535 1536/1536/1536
f 1537/1537/1537 1538/1538/1538 1539/1539/1539
f 1540/1540/1540 1541/1541/1541 1542/1542/1542
f 1543/1543/1543 1544/1544/1544 1545/1545/1545
f 1546/1546/1546 1547/1547/1547 1548/1548/1548
f 1549/1549/1549 1550/1550/1550 1551/1551/1551
f 1552/1552/1552 1553/1553/1553 1554/1554/1554
f 1555/1555/1555 1556/1556/1556 1557/1557/1557
f 1558/1558/1558 1559/1559/1559 1560/1560/1560
f 1561/1561/1561 1562/1562/1562 1563/1563/1563
f 1564/1564/1564 1565/1565/1565 1566/1566/1566
f 1567/1567/1567 1568/1568/1568 1569/1569/1569
f 1570/1570/1570 1571/1571/1571 1572/1572/1572
f 1573/1573/1573 1574/1574/1574 1575/1575/1575
f 1576/1576/1576 1577/1577/1577 1578/1578/1578
f 1579/1579/1579 1580/1580/1580 1581/1581/1581
f 1582/1582/1582 1583/1583/1583 1584/1584/1584
f 1585/1585/1585 1586/1586/1586 1587/1587/1587
f 1588/1588/1588 1589/1589/1589 1590/1590/1590
f 1591/1591/1591 1592/1592/1592 1593/1593/1593
f 1594/1594/1594 1595/1595/1595 1596/1596/1596
f 1597/1597/1597 1598/1598/1598 1599/1599/1599
f 1600/1600/1600 1601/1601/1601 1602/1602/1602
f 1603/1603/1603 1604/1604/1604 1605/1605/1605
f 1606/1606/1606 1607/1607/1607 1608/1608/1608
f 1609/1609/1609 1610/1610/1610 1611/1611/1611
f 1612/1612/1612 1613/1613/1613 1614/1614/1614
f 1615/1615/1615 1616/1616/1616 1617/1617/1617
f 1618/1618/1618 1619/1619/1619 1620/1620/1620
f 1621/1621/1621 1622/1622/1622 1623/1623/1623
f 1624/1624/1624 1625/1625/1625 1626/1626/1626
f 1627/1627/1627 1628/1628/1628 1629/1629/1629
f 1630/1630/1630 1631/1631/1631 1632/1632/1632
f 1633/1633/1633 1634/1634/1634 1635/1635/1635
f 1636/1636/1636 1637/1637/1637 1638/1638/1638
f 1639/1639/1639 1640/1640/1640 1641/1641/1641
f 1642/1642/1642 1643/1643/1643 1644/1644/1644
f 1645/1645/1645 1646/1646/1646 1647/1647/1647
f 1648/1648/1648 1649/1649/1649 1650/1650/1650
f 1651/1651/1651 1652/1652/1652 1653/1653/1653
f 1654/1654/1654 1655/1655/1655 1656/1656/1656
f 1657/1657/1657 1658/1658/1658 1659/1659/1659
f 1660/1660/1660 1661/1661/1661 1662/1662/1662
f 1663/1663/1663 1664/1664/1664 1665/1665/1665
f 1666/1666/1666 1667/1667/1667 1668/1668/1668
f 1669/1669/1669 1670/1670/1670 1671/1671/1671
f 1672/1672/1672 1673/1673/1673 1674/1674/1674
f 1675/1675/1675 1676/1676/1676 1677/1677/1677
f 1678/1678/1678 1679/1679/1679 1680/1680/1680
f 1681/1681/1681 1682/1682/1682 1683/1683/1683
f 1684/1684/1684 1685/1685/1685 1686/1686/1686
f 1687/1687/1687 1688/1688/1688 1689/1689/1689
f 1690/1690/1690 1691/1691/1691 1692/1692/1692
f 1693/1693/1693 1694/1694/1694 1695/1695/1695
f 1696/1696/1696 1697/1697/1697 1698/1698/1698
f 1699/1699/1699 1700/1700/1700 1701/1701/1701
f 1702/1702/1702 1703/1703/1703 1704/1704/1704
f 1705/1705/1705 1706/1706/1706 1707/1707/1707
f 1708/1708/1708 1709/1709/1709 1710/1710/1710
f 1711/1711/1711 1712/1712/1712 1713/1713/1713
f 1714/1714/1714 1715/1715/1715 1716/1716/1716
f 1717/1717/1717 1718/1718/1718 1719/1719/1719
f 1720/1720/1720 1721/1721/1721 1722/1722/1722
f 1723/1723/1723 1724/1724/1724 1725/1725/1725
f 1726/1726/1726 1727/1727/1727 1728/1728/1728
f 1729/1729/1729 1730/1730/1730 1731/1731/1731
f 1732/1732/1732 1733/1733/1733 1734/1734/1734
f 1735/1735/1735 1736/1736/1736 1737/1737/1737
f 1738/1738/1738 1739/1739/1739 1740/1740/1740
f 1741/1741/1741 1742/1742/1742 1743/1743/1743
f 1744/1744/1744 1745/1745/1745 1746/1746/1746
f 1747/1747/1747 1748/1748/1748 1749/1749/1749
f 1750/1750/1750 1751/1751/1751 1752/1752/1752
f 1753/1753/1753 1754/1754/1754 1755/1755/1755
f 1756/1756/1756 1757/1757/1757 1758/1758/1758
f 1759/1759/1759 1760/1760/1760 1761/1761/1761
f 1762/1762/1762 1763/1763/1763 1764/1764/1764
f 1765/1765/1765 1766/1766/1766 1767/1767/1767
f 1768/1768/1768 1769/1769/1769 1770/1770/1770
f 1771/1771/1771 1772/1772/1772 1773/1773/1773
f 1774/1774/1774 1775/1775/1775 1776/1776/1776
f 1777/1777/1777 1778/1778/1778 1779/1779/1779
f 1780/1780/1780 1781/1781/1781 1782/1782/1782
f 1783/1783/1783 1784/1784/1784 1785/1785/1785
f 1786/1786/1786 1787/1787/1787 1788/1788/1788
f 1789/1789/1789 1790/1790/1790 1791/1791/1791
f 1792/1792/1792 1793/1793/1793 1794/1794/1794
f 1795/1795/1795 1796/1796/1796 1797/1797/1797
f 1798/1798/1798 1799/1799/1799 1800/1800/1800
f 1801/1801/1801 1802/1802/1802 1803/1803/1803
f 1804/1804/1804 1805/1805/1805 1806/1806/1806
f 1807/1807/1807 1808/1808/1808 1809/1809/1809
f 1810/1810/1810 1811/1811/1811 1812/1812/1812
f 1813/1813/1813 1814/1814/1814 1815/1815/1815
f 1816/1816/1816 1817/1817/1817 1818/1818/1818
f 1819/1819/1819 1820/1820/1820 1821/1821/1821
f 1822/1822/1822 1823/1823/1823 1824/1824/1824
f 1825/1825/1825 1826/1826/1826 1827/1827/1827
f 1828/1828/1828 1829/1829/1829 1830/1830/1830
f 1831/1831/1831 1832/1832/1832 1833/1833/1833
f 1834/1834/1834 1835/1835/1835 1836/1836/1836
f 1837/1837/1837 1838/1838/1838 1839/1839/1839
f 1840/1840/1840 1841/1841/1841 1842/1842/1842
f 1843/1843/1843 1844/1844/1844 1845/1845/1845
f 1846/1846/1846 1847/1847/1847 1848/1848/1848
f 1849/1849/1849 1850/1850/1850 1851/1851/1851
f 1852/1852/1852 1853/1853/1853 1854/1854/1854
f 1855/1855/1855 1856/1856/1856 1857/1857/1857
f 1858/1858/1858 1859/1859/1859 1860/1860/1860
f 1861/1861/1861 1862/1862/1862 1863/1863/1863
f 1864/1864/1864 1865/1865/1865 1866/1866/1866
f 1867/1867/1867 1868/1868/1868 1869/1869/1869
f 1870/1870/1870 1871/1871/1871 1872/1872/1872
f 1873/1873/1873 1874/1874/1874 1875/1875/1875
f 1876/1876/1876 1877/1877/1877 1878/1878/1878
f 1879/1879/1879 1880/1880/1880 1881/1881/1881
f 1882/1882/1882 1883/1883/1883 1884/1884/1884
f 1885/1885/1885 1886/1886/1886 1887/1887/1887
f 1888/1888/1888 1889/1889/1889 1890/1890/1890
f 1891/1891/1891 1892/1892/1892 1893/1893/1893
f 1894/1894/1894 1895/1895/1895 1896/1896/1896
f 1897/1897/1897 1898/1898/1898 1899/1899/1899
f 1900/1900/1900 1901/1901/1901 1902/1902/1902
f 1903/1903/1903 1904/1904/1904 1905/1905/1905
f 1906/1906/1906 1907/1907/1907 1908/1908/1908
f 1909/1909/1909 1910/1910/1910 1911/1911/1911
f 1912/1912/1912 1913/1913/1913 1914/1914/1914
f 1915/1915/1915 1916/1916/1916 1917/1917/1917
f 1918/1918/1918 1919/1919/1919 1920/1920/1920
f 1921/1921/1921 1922/1922/1922 1923/1923/1923
f 1924/1924/1924 1925/1925/1925 1926/1926/1926
f 1927/1927/1927 1928/1928/1928 1929/1929/1929
f 1930/1930/1930 1931/1931/1931 1932/1932/1932
f 1933/1933/1933 1934/1934/1934 1935/1935/1935
f 1936/1936/1936 1937/1937/1937 1938/1938/1938
f 1939/1939/1939 1940/1940/1940 1941/1941/1941
f 1942/1942/1942 1943/1943/1943 1944/1944/1944
f 1945/1945/1945 1946/1946/1946 1947/1947/1947
f 1948/1948/1948 1949/1949/1949 1950/1950/1950
f 1951/1951/1951 1952/1952/1952 1953/1953/1953
f 1954/1954/1954 1955/1955/1955 1956/1956/1956
f 1957/1957/1957 1958/1958/1958 1959/1959/1959
f 1960/1960/1960 1961/1961/1961 1962/1962/1962
f 1963/1963/1963 1964/1964/1964 1965/1965/1965
f 1966/1966/1966 1967/1967/1967 1968/1968/1968
f 1969/1969/1969 1970/1970/1970 1971/1971/1971
f 1972/1972/1972 1973/1973/1973 1974/1974/1974
f 1975/1975/1975 1976/1976/1976 1977/1977/1977
f 1978/1978/1978 1979/1979/1979 1980/1980/1980
f 1981/1981/1981 1982/1982/1982 1983/1983/1983
f 1984/1984/1984 1985/1985/1985 1986/1986/1986
f 1987/1987/1987 1988/1988/1988 1989/1989/1989
f 1990/1990/1990 1991/1991/1991 1992/1992/1992
f 1993/1993/1993 1994/1994/1994 1995/1995/1995
f 1996/1996/1996 1997/1997/1997 1998/1998/1998
f 1999/1999/1999 2000/2000/2000 2001/2001/2001
f 2002/2002/2002 2003/2003/2003 2004/2004/2004
f 2005/2005/2005 2006/2006/2006 2007/2007/2007
f 2008/2008/2008 2009/2009/2009 2010/2010/2010
f 2011/2011/2011 2012/2012/2012 2013/2013/2013
f 2014/2014/2014 2015/2015/2015 2016/2016/2016
f 2017/2017/2017 2018/2018/2018 2019/2019/2019
f 2020/2020/2020 2021/2021/2021 2022/2022/2022
f 2023/2023/2023 2024/2024/2024 2025/2025/2025
f 2026/2026/2026 2027/2027/2027 2028/2028/2028
f 2029/2029/2029 2030/2030/2030 2031/2031/2031
f 2032/2032/2032 2033/2033/2033 2034/2034/2034
f 2035/2035/2035 2036/2036/2036 2037/2037/2037
f 2038/2038/2038 2039/2039/2039 2040/2040/2040
f 2041/2041/2041 2042/2042/2042 2043/2043/2043
f 2044/2044/2044 2045/2045/2045 2046/2046/2046
f 2047/2047/2047 2048/2048/2048 2049/2049/2049
f 2050/2050/2050 2051/2051/2051 2052/2052/2052
f 2053/2053/2053 2054/2054/2054 2055/2055/2055
f 2056/2056/2056 2057/2057/2057 2058/2058/2058
f 2059/2059/2059 2060/2060/2060 2061/2061/2061
f 2062/2062/2062 2063/2063/2063 2064/2064/2064
f 2065/2065/2065 2066/2066/2066 2067/2067/2067
f 2068/2068/2068 2069/2069/2069 2070/2070/2070
f 2071/2071/2071 2072/2072/2072 2073/2073/2073
f 2074/2074/2074 2075/2075/2075 2076/2076/2076
f 2077/2077/2077 2078/2078/2078 2079/2079/2079
f 2080/2080/2080 2081/2081/2081 2082/2082/2082
f 2083/2083/2083 2084/2084/2084 2085/2085/2085
f 2086/2086/2086 2087/2087/2087 2088/2088/2088
f 2089/2089/2089 2090/2090/2090 2091/2091/2091
f 2092/2092/2092 2093/2093/2093 2094/2094/2094
f 2095/2095/2095 2096/2096/2096 2097/2097/2097
f 2098/2098/2098 2099/2099/2099 2100/2100/2100
f 2101/2101/2101 2102/2102/2102 2103/2103/2103
f 2104/2104/2104 2105/2105/2105 2106/2106/2106
f 2107/2107/2107 2108/2108/2108 2109/2109/2109
f 2110/2110/2110 2111/2111/2111 2112/2112/2112
f 2113/2113/2113 2114/2114/2114 2115/2115/2115
f 2116/2116/2116 2117/2117/2117 2118/2118/2118
f 2119/2119/2119 2120/2120/2120 2121/2121/2121
f 2122/2122/2122 2123/2123/2123 2124/2124/2124
f 2125/2125/2125 2126/2126/2126 2127/2127/2127
f 2128/2128/2128 2129/2129/2129 2130/2130/2130
f 2131/2131/2131 2132/2132/2132 2133/2133/2133
f 2134/2134/2134 2135/2135/2135 2136/2136/2136
f 2137/2137/2137 2138/2138/2138 2139/2139/2139
f 2140/2140/2140 2141/2141/2141 2142/2142/2142
f 2143/2143/2143 2144/2144/2144 2145/2145/2145
f 2146/2146/2146 2147/2147/2147 2148/2148/2148
f 2149/2149/2149 2150/2150/2150 2151/2151/2151
f 2152/2152/2152 2153/2153/2153 2154/2154/2154
f 2155/2155/2155 2156/2156/2156 2157/2157/2157
f 2158/2158/2158 2159/2159/2159 2160/2160/2160
f 2161/2161/2161 2162/2162/2162 2163/2163/2163
f 2164/2164/2164 2165/2165/2165 2166/2166/2166
f 2167/2167/2167 2168/2168/2168 2169/2169/2169
f 2170/2170/2170 2171/2171/2171 2172/2172/2172
f 2173/2173/2173 2174/2174/2174 2175/2175/2175
f 2176/2176/2176 2177/2177/2177 2178/2178/2178
f 2179/2179/2179 2180/2180/2180 2181/2181/2181
f 2182/2182/2182 2183/2183/2183 2184/2184/2184
f 2185/2185/2185 2186/2186/2186 2187/2187/2187
f 2188/2188/2188 2189/2189/2189 2190/2190/2190
f 2191/2191/2191 2192/2192/2192 2193/2193/2193
f 2194/2194/2194 2195/2195/2195 2196/2196/2196
f 2197/2197/2197 2198/2198/2198 2199/2199/2199
f 2200/2200/2200 2201/2201/2201 2202/2202/2202
f 2203/2203/2203 2204/2204/2204 2205/2205/2205
f 2206/2206/2206 2207/2207/2207 2208/2208/2208
f 2209/2209/2209 2210/2210/2210 2211/2211/2211
f 2212/2212/2212 2213/2213/2213 2214/2214/2214
f 2215/2215/2215 2216/2216/2216 2217/2217/2217
f 2218/2218/2218 2219/2219/2219 2220/2220/2220
f 2221/2221/2221 2222/2222/2222 2223/2223/2223
f 2224/2224/2224 2225/2225/2225 2226/2226/2226
f 2227/2227/2227 2228/2228/2228 2229/2229/2229
f 2230/2230/2230 2231/2231/2231 2232/2232/2232
f 2233/2233/2233 2234/2234/2234 2235/2235/2235
f 2236/2236/2236 2237/2237/2237 2238/2238/2238
f 2239/2239/2239 2240/2240/2240 2241/2241/2241
f 2242/2242/2242 2243/2243/2243 2244/2244/2244
f 2245/2245/2245 2246/2246/2246 2247/2247/2247
f 2248/2248/2248 2249/2249/2249 2250/2250/2250
f 2251/2251/2251 2252/2252/2252 2253/2253/2253
f 2254/2254/2254 2255/2255/2255 2256/2256/2256
f 2257/2257/2257 2258/2258/2258 2259/2259/2259
f 2260/2260/2260 2261/2261/2261 2262/2262/2262
f 2263/2263/2263 2264/2264/2264 2265/2265/2265
f 2266/2266/2266 2267/2267/2267 2268/2268/2268
f 2269/2269/2269 2270/2270/2270 2271/2271/2271
f 2272/2272/2272 2273/2273/2273 2274/2274/2274
f 2275/2275/2275 2276/2276/2276 2277/2277/2277
f 2278/2278/2278 2279/2279/2279 2280/2280/2280
f 2281/2281/2281 2282/2282/2282 2283/2283/2283
f 2284/2284/2284 2285/2285/2285 2286/2286/2286
f 2287/2287/2287 2288/2288/2288 2289/2289/2289
f 2290/2290/2290 2291/2291/2291 2292/2292/2292
f 2293/2293/2293 2294/2294/2294 2295/2295/2295
f 2296/2296/2296 2297/2297/2297 2298/2298/2298
f 2299/2299/2299 2300/2300/2300 2301/2301/2301
f 2302/2302/2302 2303/2303/2303 2304/2304/2304
f 2305/2305/2305 2306/2306/2306 2307/2307/2307
f 2308/2308/2308 2309/2309/2309 2310/2310/2310
f 2311/2311/2311 2312/2312/2312 2313/2313/2313
f 2314/2314/2314 2315/2315/2315 2316/2316/2316
f 2317/2317/2317 2318/2318/2318 2319/2319/2319
f 2320/2320/2320 2321/2321/2321 2322/2322/2322
f 2323/2323/2323 2324/2324/2324 2325/2325/2325
f 2326/2326/2326 2327/2327/2327 2328/2328/2328
f 2329/2329/2329 2330/2330/2330 2331/2331/2331
f 2332/2332/2332 2333/2333/2333 2334/2334/2334
f 2335/2335/2335 2336/2336/2336 2337/2337/2337
f 2338/2338/2338 2339/2339/2339 2340/2340/2340
f 2341/2341/2341 2342/2342/2342 2343/2343/2343
f 2344/2344/2344 2345/2345/2345 2346/2346/2346
f 2347/2347/2347 2348/2348/2348 2349/2349/2349
f 2350/2350/2350 2351/2351/2351 2352/2352/2352
f 2353/2353/2353 2354/2354/2354 2355/2355/2355
f 2356/2356/2356 2357/2357/2357 2358/2358/2358
f 2359/2359/2359 2360/2360/2360 2361/2361/2361
f 2362/2362/2362 2363/2363/2363 2364/2364/2364
f 2365/2365/2365 2366/2366/2366 2367/2367/2367
f 2368/2368/2368 2369/2369/2369 2370/2370/2370
f 2371/2371/2371 2372/2372/2372 2373/2373/2373
f 2374/2374/2374 2375/2375/2375 2376/2376/2376
f 2377/2377/2377 2378/2378/2378 2379/2379/2379
f 2380/2380/2380 2381/2381/2381 2382/2382/2382
f 2383/2383/2383 2384/2384/2384 2385/2385/2385
f 2386/2386/2386 2387/2387/2387 2388/2388/2388
f 2389/2389/2389 2390/2390/2390 2391/2391/2391
f 2392/2392/2392 2393/2393/2393 2394/2394/2394
f 2395/2395/2395 2396/2396/2396 2397/2397/2397
f 2398/2398/2398 2399/2399/2399 2400/2400/2400
f 2401/2401/2401 2402/2402/2402 2403/2403/2403
f 2404/2404/2404 2405/2405/2405 2406/2406/2406
f 2407/2407/2407 2408/2408/2408 2409/2409/2409
f 2410/2410/2410 2411/2411/2411 2412/2412/2412
f 2413/2413/2413 2414/2414/2414 2415/2415/2415
f 2416/2416/2416 2417/2417/2417 2418/2418/2418
f 2419/2419/2419 2420/2420/2420 2421/2421/2421
f 2422/2422/2422 2423/2423/2423 2424/2424/2424
f 2425/2425/2425 2426/2426/2426 2427/2427/2427
f 2428/2428/2428 2429/2429/2429 2430/2430/2430
f 2431/2431/2431 2432/2432/2432 2433/2433/2433
f 2434/2434/2434 2435/2435/2435 2436/2436/2436
f 2437/2437/2437 2438/2438/2438 2439/2439/2439
f 2440/2440/2440 2441/2441/2441 2442/2442/2442
f 2443/2443/2443 2444/2444/2444 2445/2445/2445
f 2446/2446/2446 2447/2447/2447 2448/2448/2448
f 2449/2449/2449 2450/2450/2450 2451/2451/2451
f 2452/2452/2452 2453/2453/2453 2454/2454/2454
f 2455/2455/2455 2456/2456/2456 2457/2457/2457
f 2458/2458/2458 2459/2459/2459 2460/2460/2460
f 2461/2461/2461 2462/2462/2462 2463/2463/2463
f 2464/2464/2464 2465/2465/2465 2466/2466/2466
f 2467/2467/2467 2468/2468/2468 2469/2469/2469
f 2470/2470/2470 2471/2471/2471 2472/2472/2472
f 2473/2473/2473 2474/2474/2474 2475/2475/2475
f 2476/2476/2476 2477/2477/2477 2478/2478/2478
f 2479/2479/2479 2480/2480/2480 2481/2481/2481
f 2482/2482/2482 2483/2483/2483 2484/2484/2484
f 2485/2485/2485 2486/2486/2486 2487/2487/2487
f 2488/2488/2488 2489/2489/2489 2490/2490/2490
f 2491/2491/2491 2492/2492/2492 2493/2493/2493
f 2494/2494/2494 2495/2495/2495 2496/2496/2496
f 2497/2497/2497 2498/2498/2498 2499/2499/2499
f 2500/2500/2500 2501/2501/2501 2502/2502/2502
f 2503/2503/2503 2504/2504/2504 2505/2505/2505
f 2506/2506/2506 2507/2507/2507 2508/2508/2508
f 2509/2509/2509 2510/2510/2510 2511/2511/2511
f 2512/2512/2512 2513/2513/2513 2514/2514/2514
f 2515/2515/2515 2516/2516/2516 2517/2517/2517
f 2518/2518/2518 2519/2519/2519 2520/2520/2520
f 2521/2521/2521 2522/2522/2522 2523/2523/2523
f 2524/2524/2524 2525/2525/2525 2526/2526/2526
f 2527/2527/2527 2528/2528/2528 2529/2529/2529
f 2530/2530/2530 2531/2531/2531 2532/2532/2532
f 2533/2533/2533 2534/2534/2534 2535/2535/2535
f 2536/2536/2536 2537/2537/2537 2538/2538/2538
f 2539/2539/2539 2540/2540/2540 2541/2541/2541
f 2542/2542/2542 2543/2543/2543 2544/2544/2544
f 2545/2545/2545 2546/2546/2546 2547/2547/2547
f 2548/2548/2548 2549/2549/2549 2550/2550/2550
f 2551/2551/2551 2552/2552/2552 2553/2553/2553
f 2554/2554/2554 2555/2555/2555 2556/2556/2556
f 2557/2557/2557 2558/2558/2558 2559/2559/2559
f 2560/2560/2560 2561/2561/2561 2562/2562/2562
f 2563/2563/2563 2564/2564/2564 2565/2565/2565
f 2566/2566/2566 2567/2567/2567 2568/2568/2568
f 2569/2569/2569 2570/2570/2570 2571/2571/2571
f 2572/2572/2572 2573/2573/2573 2574/2574/2574
f 2575/2575/2575 2576/2576/2576 2577/2577/2577
f 2578/2578/2578 2579/2579/2579 2580/2580/2580
f 2581/2581/2581 2582/2582/2582 2583/2583/2583
f 2584/2584/2584 2585/2585/2585 2586/2586/2586
f 2587/2587/2587 2588/2588/2588 2589/2589/2589
f 2590/2590/2590 2591/2591/2591 2592/2592/2592
f 2593/2593/2593 2594/2594/2594 2595/2595/2595
f 2596/2596/2596 2597/2597/2597 2598/2598/2598
f 2599/2599/2599 2600/2600/2600 2601/2601/2601
f 2602/2602/2602 2603/2603/2603 2604/2604/2604
f 2605/2605/2605 2606/2606/2606 2607/2607/2607
f 2608/2608/2608 2609/2609/2609 2610/2610/2610
f 2611/2611/2611 2612/2612/2612 2613/2613/2613
f 2614/2614/2614 2615/2615/2615 2616/2616/2616
f 2617/2617/2617 2618/2618/2618 2619/2619/2619
f 2620/2620/2620 2621/2621/2621 2622/2622/2622
f 2623/2623/2623 2624/2624/2624 2625/2625/2625
f 2626/2626/2626 2627/2627/2627 2628/2628/2628
f 2629/2629/2629 2630/2630/2630 2631/2631/2631
f 2632/2632/2632 2633/2633/2633 2634/2634/2634
f 2635/2635/2635 2636/2636/2636 2637/2637/2637
f 2638/2638/2638 2639/2639/2639 2640/2640/2640
f 2641/2641/2641 2642/2642/2642 2643/2643/2643
f 2644/2644/2644 2645/2645/2645 2646/2646/2646
f 2647/2647/2647 2648/2648/2648 2649/2649/2649
f 2650/2650/2650 2651/2651/2651 2652/2652/2652
f 2653/2653/2653 2654/2654/2654 2655/2655/2655
f 2656/2656/2656 2657/2657/2657 2658/2658/2658
f 2659/2659/2659 2660/2660/2660 2661/2661/2661
f 2662/2662/2662 2663/2663/2663 2664/2664/2664
f 2665/2665/2665 2666/2666/2666 2667/2667/2667
f 2668/2668/2668 2669/2669/2669 2670/2670/2670
f 2671/2671/2671 2672/2672/2672 2673/2673/2673
f 2674/2674/2674 2675/2675/2675 2676/2676/2676
f 2677/2677/2677 2678/2678/2678 2679/2679/2679
f 2680/2680/2680 2681/2681/2681 2682/2682/2682
f 2683/2683/2683 2684/2684/2684 2685/2685/2685
f 2686/2686/2686 2687/2687/2687 2688/2688/2688
f 2689/2689/2689 2690/2690/2690 2691/2691/2691
f 2692/2692/2692 2693/2693/2693 2694/2694/2694
f 2695/2695/2695 2696/2696/2696 2697/2697/2697
f 2698/2698/2698 2699/2699/2699 2700/2700/2700
f 2701/2701/2701 2702/2702/2702 2703/2703/2703
f 2704/2704/2704 2705/2705/2705 2706/2706/2706
f 2707/2707/2707 2708/2708/2708 2709/2709/2709
f 2710/2710/2710 2711/2711/2711 2712/2712/2712
f 2713/2713/2713 2714/2714/2714 2715/2715/2715
f 2716/2716/2716 2717/2717/2717 2718/2718/2718
f 2719/2719/2719 2720/2720/2720 2721/2721/2721
f 2722/2722/2722 2723/2723/2723 2724/2724/2724
f 2725/2725/2725 2726/2726/2726 2727/2727/2727
f 2728/2728/2728 2729/2729/2729 2730/2730/2730
f 2731/2731/2731 2732/2732/2732 2733/2733/2733
f 2734/2734/2734 2735/2735/2735 2736/2736/2736
f 2737/2737/2737 2738/2738/2738 2739/2739/2739
f 2740/2740/2740 2741/2741/2741 2742/2742/2742
f 2743/2743/2743 2744/2744/2744 2745/2745/2745
f 2746/2746/2746 2747/2747/2747 2748/2748/2748
f 2749/2749/2749 2750/2750/2750 2751/2751/2751
f 2752/2752/2752 2753/2753/2753 2754/2754/2754
f 2755/2755/2755 2756/2756/2756 2757/2757/2757
f 2758/2758/2758 2759/2759/2759 2760/2760/2760
f 2761/2761/2761 2762/2762/2762 2763/2763/2763
f 2764/2764/2764 2765/2765/2765 2766/2766/2766
f 2767/2767/2767 2768/2768/2768 2769/2769/2769
f 2770/2770/2770 2771/2771/2771 2772/2772/2772
f 2773/2773/2773 2774/2774/2774 2775/2775/2775
f 2776/2776/2776 2777/2777/2777 2778/2778/2778
f 2779/2779/2779 2780/2780/2780 2781/2781/2781
f 2782/2782/2782 2783/2783/2783 2784/2784/2784
f 2785/2785/2785 2786/2786/2786 2787/2787/2787
f 2788/2788/2788 2789/2789/2789 2790/2790/2790
f 2791/2791/2791 2792/2792/2792 2793/2793/2793
f 2794/2794/2794 2795/2795/2795 2796/2796/2796
f 2797/2797/2797 2798/2798/2798 2799/2799/2799
f 2800/2800/2800 2801/2801/2801 2802/2802/2802
f 2803/2803/2803 2804/2804/2804 2805/2805/2805
f 2806/2806/2806 2807/2807/2807 2808/2808/2808
f 2809/2809/2809 2810/2810/2810 2811/2811/2811
f 2812/2812/2812 2813/2813/2813 2814/2814/2814
f 2815/2815/2815 2816/2816/2816 2817/2817/2817
f 2818/2818/2818 2819/2819/2819 2820/2820/2820
f 2821/2821/2821 2822/2822/2822 2823/2823/2823
f 2824/2824/2824 2825/2825/2825 2826/2826/2826
f 2827/2827/2827 2828/2828/2828 2829/2829/2829
f 2830/2830/2830 2831/2831/2831 2832/2832/2832
f 2833/2833/2833 2834/2834/2834 2835/2835/2835
f 2836/2836/2836 2837/2837/2837 2838/2838/2838
f 2839/2839/2839 2840/2840/2840 2841/2841/2841
f 2842/2842/2842 2843/2843/2843 2844/2844/2844
f 2845/2845/2845 2846/2846/2846 2847/2847/2847
f 2848/2848/2848 2849/2849/2849 2850/2850/2850
f 2851/2851/2851 2852/2852/2852 2853/2853/2853
f 2854/2854/2854 2855/2855/2855 2856/2856/2856
f 2857/2857/2857 2858/2858/2858 2859/2859/2859
f 2860/2860/2860 2861/2861/2861 2862/2862/2862
f 2863/2863/2863 2864/2864/2864 2865/2865/2865
f 2866/2866/2866 2867/2867/2867 2868/2868/2868
f 2869/2869/2869 2870/2870/2870 2871/2871/2871
f 2872/2872/2872 2873/2873/2873 2874/2874/2874
f 2875/2875/2875 2876/2876/2876 2877/2877/2877
f 2878/2878/2878 2879/2879/2879 2880/2880/2880
f 2881/2881/2881 2882/2882/2882 2883/2883/2883
f 2884/2884/2884 2885/2885/2885 2886/2886/2886
f 2887/2887/2887 2888/2888/2888 2889/2889/2889
f 2890/2890/2890 2891/2891/2891 2892/2892/2892
f 2893/2893/2893 2894/2894/2894 2895/2895/2895
f 2896/2896/2896 2897/2897/2897 2898/2898/2898
f 2899/2899/2899 2900/2900/2900 2901/2901/2901
f 2902/2902/2902 2903/2903/2903 2904/2904/2904
f 2905/2905/2905 2906/2906/2906 2907/2907/2907
f 2908/2908/2908 2909/2909/2909 2910/2910/2910
f 2911/2911/2911 2912/2912/2912 2913/2913/2913
f 2914/2914/2914 2915/2915/2915 2916/2916/2916
f 2917/2917/2917 2918/2918/2918 2919/2919/2919
f 2920/2920/2920 2921/2921/2921 2922/2922/2922
f 2923/2923/2923 2924/2924/2924 2925/2925/2925
f 2926/2926/2926 2927/2927/2927 2928/2928/2928
f 2929/2929/2929 2930/2930/2930 2931/2931/2931
f 2932/2932/2932 2933/2933/2933 2934/2934/2934
f 2935/2935/2935 2936/2936/2936 2937/2937/2937
f 2938/2938/2938 2939/2939/2939 2940/2940/2940
f 2941/2941/2941 2942/2942/2942 2943/2943/2943
f 2944/2944/2944 2945/2945/2945 2946/2946/2946
f 2947/2947/2947 2948/2948/2948 2949/2949/2949
f 2950/2950/2950 2951/2951/2951 2952/2952/2952
f 2953/2953/2953 2954/2954/2954 2955/2955/2955
f 2956/2956/2956 2957/2957/2957 2958/2958/2958
f 2959/2959/2959 2960/2960/2960 2961/2961/2961
f 2962/2962/2962 2963/2963/2963 2964/2964/2964
f 2965/2965/2965 2966/2966/2966 2967/2967/2967
f 2968/2968/2968 2969/2969/2969 2970/2970/2970
f 2971/2971/2971 2972/2972/2972 2973/2973/2973
f 2974/2974/2974 2975/2975/2975 2976/2976/2976
f 2977/2977/2977 2978/2978/2978 2979/2979/2979
f 2980/2980/2980 2981/2981/2981 2982/2982/2982
f 2983/2983/2983 2984/2984/2984 2985/2985/2985
f 2986/2986/2986 2987/2987/2987 2988/2988/2988
f 2989/2989/2989 2990/2990/2990 2991/2991/2991
f 2992/2992/2992 2993/2993/2993 2994/2994/2994
f 2995/2995/2995 2996/2996/2996 2997/2997/2997
f 2998/2998/2998 2999/2999/2999 3000/3000/3000
f 3001/3001/3001 3002/3002/3002 3003/3003/3003
f 3004/3004/3004 3005/3005/3005 3006/3006/3006
f 3007/3007/3007 3008/3008/3008 3009/3009/3009
f 3010/3010/3010 3011/3011/3011 3012/3012/3012
f 3013/3013/3013 3014/3014/3014 3015/3015/3015
f 3016/3016/3016 3017/3017/3017 3018/3018/3018
f 3019/3019/3019 3020/3020/3020 3021/3021/3021
f 3022/3022/3022 3023/3023/3023 3024/3024/3024
f 3025/3025/3025 3026/3026/3026 3027/3027/3027
f 3028/3028/3028 3029/3029/3029 3030/3030/3030
f 3031/3031/3031 3032/3032/3032 3033/3033/3033
f 3034/3034/3034 3035/3035/3035 3036/3036/3036
f 3037/3037/3037 3038/3038/3038 3039/3039/3039
f 3040/3040/3040 3041/3041/3041 3042/3042/3042
f 3043/3043/3043 3044/3044/3044 3045/3045/3045
f 3046/3046/3046 3047/3047/3047 3048/3048/3048
f 3049/3049/3049 3050/3050/3050 3051/3051/3051
f 3052/3052/3052 3053/3053/3053 3054/3054/3054
f 3055/3055/3055 3056/3056/3056 3057/3057/3057
f 3058/3058/3058 3059/3059/3059 3060/3060/3060
f 3061/3061/3061 3062/3062/3062 3063/3063/3063
f 3064/3064/3064 3065/3065/3065 3066/3066/3066
f 3067/3067/3067 3068/3068/3068 3069/3069/3069
f 3070/3070/3070 3071/3071/3071 3072/3072/3072
f 3073/3073/3073 3074/3074/3074 3075/3075/3075
f 3076/3076/3076 3077/3077/3077 3078/3078/3078
f 3079/3079/3079 3080/3080/3080 3081/3081/3081
f 3082/3082/3082 3083/3083/3083 3084/3084/3084
f 3085/3085/3085 3086/3086/3086 3087/3087/3087
f 3088/3088/3088 3089/3089/3089 3090/3090/3090
f 3091/3091/3091 3092/3092/3092 3093/3093/3093
f 3094/3094/3094 3095/3095/3095 3096/3096/3096
f 3097/3097/3097 3098/3098/3098 3099/3099/3099
f 3100/3100/3100 3101/3101/3101 3102/3102/3102
f 3103/3103/3103 3104/3104/3104 3105/3105/3105
f 3106/3106/3106 3107/3107/3107 3108/3108/3108
f 3109/3109/3109 3110/3110/3110 3111/3111/3111
f 3112/3112/3112 3113/3113/3113 3114/3114/3114
f 3115/3115/3115 3116/3116/3116 3117/3117/3117
f 3118/3118/3118 3119/3119/3119 3120/3120/3120
f 3121/3121/3121 3122/3122/3122 3123/3123/3123
f 3124/3124/3124 3125/3125/3125 3126/3126/3126
f 3127/3127/3127 3128/3128/3128 3129/3129/3129
f 3130/3130/3130 3131/3131/3131 3132/3132/3132
f 3133/3133/3133 3134/3134/3134 3135/3135/3135
f 3136/3136/3136 3137/3137/3137 3138/3138/3138
f 3139/3139/3139 3140/3140/3140 3141/3141/3141
f 3142/3142/3142 3143/3143/3143 3144/3144/3144
f 3145/3145/3145 3146/3146/3146 3147/3147/3147
f 3148/3148/3148 3149/3149/3149 3150/3150/3150
f 3151/3151/3151 3152/3152/3152 3153/3153/3153
f 3154/3154/3154 3155/3155/3155 3156/3156/3156
f 3157/3157/3157 3158/3158/3158 3159/3159/3159
f 3160/3160/3160 3161/3161/3161 3162/3162/3162
f 3163/3163/3163 3164/3164/3164 3165/3165/3165
f 3166/3166/3166 3167/3167/3167 3168/3168/3168
f 3169/3169/3169 3170/3170/3170 3171/3171/3171
f 3172/3172/3172 3173/3173/3173 3174/3174/3174
f 3175/3175/3175 3176/3176/3176 3177/3177/3177
f 3178/3178/3178 3179/3179/3179 3180/3180/3180
f 3181/3181/3181 3182/3182/3182 3183/3183/3183
f 3184/3184/3184 3185/3185/3185 3186/3186/3186
f 3187/3187/3187 3188/3188/3188 3189/3189/3189
f 3190/3190/3190 3191/3191/3191 3192/3192/3192
f 3193/3193/3193 3194/3194/3194 3195/3195/3195
f 3196/3196/3196 3197/3197/3197 3198/3198/3198
f 3199/3199/3199 3200/3200/3200 3201/3201/3201
f 3202/3202/3202 3203/3203/3203 3204/3204/3204
f 3205/3205/3205 3206/3206/3206 3207/3207/3207
f 3208/3208/3208 3209/3209/3209 3210/3210/3210
f 3211/3211/3211 3212/3212/3212 3213/3213/3213
f 3214/3214/3214 3215/3215/3215 3216/3216/3216
f 3217/3217/3217 3218/3218/3218 3219/3219/3219
f 3220/3220/3220 3221/3221/3221 3222/3222/3222
f 3223/3223/3223 3224/3224/3224 3225/3225/3225
f 3226/3226/3226 3227/3227/3227 3228/3228/3228
f 3229/3229/3229 3230/3230/3230 3231/3231/3231
f 3232/3232/3232 3233/3233/3233 3234/3234/3234
f 3235/3235/3235 3236/3236/3236 3237/3237/3237
f 3238/3238/3238 3239/3239/3239 3240/3240/3240
f 3241/3241/3241 3242/3242/3242 3243/3243/3243
f 3244/3244/3244 3245/3245/3245 3246/3246/3246
f 3247/3247/3247 3248/3248/3248 3249/3249/3249
f 3250/3250/3250 3251/3251/3251 3252/3252/3252
f 3253/3253/3253 3254/3254/3254 3255/3255/3255
f 3256/3256/3256 3257/3257/3257 3258/3258/3258
f 3259/3259/3259 3260/3260/3260 3261/3261/3261
f 3262/3262/3262 3263/3263/3263 3264/3264/3264
f 3265/3265/3265 3266/3266/3266 3267/3267/3267
f 3268/3268/3268 3269/3269/3269 3270/3270/3270
f 3271/3271/3271 3272/3272/3272 3273/3273/3273
f 3274/3274/3274 3275/3275/3275 3276/3276/3276
f 3277/3277/3277 3278/3278/3278 3279/3279/3279
f 3280/3280/3280 3281/3281/3281 3282/3282/3282
f 3283/3283/3283 3284/3284/3284 3285/3285/3285
f 3286/3286/3286 3287/3287/3287 3288/3288/3288
f 3289/3289/3289 3290/3290/3290 3291/3291/3291
f 3292/3292/3292 3293/3293/3293 3294/3294/3294
f 3295/3295/3295 3296/3296/3296 3297/3297/3297
f 3298/3298/3298 3299/3299/3299 3300/3300/3300
f 3301/3301/3301 3302/3302/3302 3303/3303/3303
f 3304/3304/3304 3305/3305/3305 3306/3306/3306
f 3307/3307/3307 3308/3308/3308 3309/3309/3309
f 3310/3310/3310 3311/3311/3311 3312/3312/3312
f 3313/3313/3313 3314/3314/3314 3315/3315/3315
f 3316/3316/3316 3317/3317/3317 3318/3318/3318
f 3319/3319/3319 3320/3320/3320 3321/3321/3321
f 3322/3322/3322 3323/3323/3323 3324/3324/3324
f 3325/3325/3325 3326/3326/3326 3327/3327/3327
f 3328/3328/3328 3329/3329/3329 3330/3330/3330
f 3331/3331/3331 3332/3332/3332 3333/3333/3333
f 3334/3334/3334 3335/3335/3335 3336/3336/3336
f 3337/3337/3337 3338/3338/3338 3339/3339/3339
f 3340/3340/3340 3341/3341/3341 3342/3342/3342
f 3343/3343/3343 3344/3344/3344 3345/3345/3345
f 3346/3346/3346 3347/3347/3347 3348/3348/3348
f 3349/3349/3349 3350/3350/3350 3351/3351/3351
f 3352/3352/3352 3353/3353/3353 3354/3354/3354
f 3355/3355/3355 3356/3356/3356 3357/3357/3357
f 3358/3358/3358 3359/3359/3359 3360/3360/3360
f 3361/3361/3361 3362/3362/3362 3363/3363/3363
f 3364/3364/3364 3365/3365/3365 3366/3366/3366
f 3367/3367/3367 3368/3368/3368 3369/3369/3369
f 3370/3370/3370 3371/3371/3371 3372/3372/3372
f 3373/3373/3373 3374/3374/3374 3375/3375/3375
f 3376/3376/3376 3377/3377/3377 3378/3378/3378
f 3379/3379/3379 3380/3380/3380 3381/3381/3381
f 3382/3382/3382 3383/3383/3383 3384/3384/3384
f 3385/3385/3385 3386/3386/3386 3387/3387/3387
f 3388/3388/3388 3389/3389/3389 3390/3390/3390
f 3391/3391/3391 3392/3392/3392 3393/3393/3393
f 3394/3394/3394 3395/3395/3395 3396/3396/3396
f 3397/3397/3397 3398/3398/3398 3399/3399/3399
f 3400/3400/3400 3401/3401/3401 3402/3402/3402
f 3403/3403/3403 3404/3404/3404 3405/3405/3405
f 3406/3406/3406 3407/3407/3407 3408/3408/3408
f 3409/3409/3409 3410/3410/3410 3411/3411/3411
f 3412/3412/3412 3413/3413/3413 3414/3414/3414
f 3415/3415/3415 3416/3416/3416 3417/3417/3417
f 3418/3418/3418 3419/3419/3419 3420/3420/3420
f 3421/3421/3421 3422/3422/3422 3423/3423/3423
f 3424/3424/3424 3425/3425/3425 3426/3426/3426
f 3427/3427/3427 3428/3428/3428 3429/3429/3429
f 3430/3430/3430 3431/3431/3431 3432/3432/3432
f 3433/3433/3433 3434/3434/3434 3435/3435/3435
f 3436/3436/3436 3437/3437/3437 3438/3438/3438
f 3439/3439/3439 3440/3440/3440 3441/3441/3441
f 3442/3442/3442 3443/3443/3443 3444/3444/3444
f 3445/3445/3445 3446/3446/3446 3447/3447/3447
f 3448/3448/3448 3449/3449/3449 3450/3450/3450
f 3451/3451/3451 3452/3452/3452 3453/3453/3453
f 3454/3454/3454 3455/3455/3455 3456/3456/3456
f 3457/3457/3457 3458/3458/3458 3459/3459/3459
f 3460/3460/3460 3461/3461/3461 3462/3462/3462
f 3463/3463/3463 3464/3464/3464 3465/3465/3465
f 3466/3466/3466 3467/3467/3467 3468/3468/3468
f 3469/3469/3469 3470/3470/3470 3471/3471/3471
f 3472/3472/3472 3473/3473/3473 3474/3474/3474
f 3475/3475/3475 3476/3476/3476 3477/3477/3477
f 3478/3478/3478 3479/3479/3479 3480/3480/3480
f 3481/3481/3481 3482/3482/3482 3483/3483/3483
f 3484/3484/3484 3485/3485/3485 3486/3486/3486
f 3487/3487/3487 3488/3488/3488 3489/3489/3489
f 3490/3490/3490 3491/3491/3491 3492/3492/3492
f 3493/3493/3493 3494/3494/3494 3495/3495/3495
f 3496/3496/3496 3497/3497/3497 3498/3498/3498
f 3499/3499/3499 3500/3500/3500 3501/3501/3501
f 3502/3502/3502 3503/3503/3503 3504/3504/3504
f 3505/3505/3505 3506/3506/3506 3507/3507/3507
f 3508/3508/3508 3509/3509/3509 3510/3510/3510
f 3511/3511/3511 3512/3512/3512 3513/3513/3513
f 3514/3514/3514 3515/3515/3515 3516/3516/3516
f 3517/3517/3517 3518/3518/3518 3519/3519/3519
f 3520/3520/3520 3521/3521/3521 3522/3522/3522
f 3523/3523/3523 3524/3524/3524 3525/3525/3525
f 3526/3526/3526 3527/3527/3527 3528/3528/3528
f 3529/3529/3529 3530/3530/3530 3531/3531/3531
f 3532/3532/3532 3533/3533/3533 3534/3534/3534
f 3535/3535/3535 3536/3536/3536 3537/3537/3537
f 3538/3538/3538 3539/3539/3539 3540/3540/3540
f 3541/3541/3541 3542/3542/3542 3543/3543/3543
f 3544/3544/3544 3545/3545/3545 3546/3546/3546
f 3547/3547/3547 3548/3548/3548 3549/3549/3549
f 3550/3550/3550 3551/3551/3551 3552/3552/3552
f 3553/3553/3553 3554/3554/3554 3555/3555/3555
f 3556/3556/3556 3557/3557/3557 3558/3558/3558
f 3559/3559/3559 3560/3560/3560 3561/3561/3561
f 3562/3562/3562 3563/3563/3563 3564/3564/3564
f 3565/3565/3565 3566/3566/3566 3567/3567/3567
f 3568/3568/3568 3569/3569/3569 3570/3570/3570
f 3571/3571/3571 3572/3572/3572 3573/3573/3573
f 3574/3574/3574 3575/3575/3575 3576/3576/3576
f 3577/3577/3577 3578/3578/3578 3579/3579/3579
f 3580/3580/3580 3581/3581/3581 3582/3582/3582
f 3583/3583/3583 3584/3584/3584 3585/3585/3585
f 3586/3586/3586 3587/3587/3587 3588/3588/3588
f 3589/3589/3589 3590/3590/3590 3591/3591/3591
f 3592/3592/3592 3593/3593/3593 3594/3594/3594
f 3595/3595/3595 3596/3596/3596 3597/3597/3597
f 3598/3598/3598 3599/3599/3599 3600/3600/3600
f 3601/3601/3601 3602/3602/3602 3603/3603/3603
f 3604/3604/3604 3605/3605/3605 3606/3606/3606
f 3607/3607/3607 3608/3608/3608 3609/3609/3609
f 3610/3610/3610 3611/3611/3611 3612/3612/3612
f 3613/3613/3613 3614/3614/3614 3615/3615/3615
f 3616/3616/3616 3617/3617/3617 3618/3618/3618
f 3619/3619/3619 3620/3620/3620 3621/3621/3621
f 3622/3622/3622 3623/3623/3623 3624/3624/3624
f 3625/3625/3625 3626/3626/3626 3627/3627/3627
f 3628/3628/3628 3629/3629/3629 3630/3630/3630
f 3631/3631/3631 3632/3632/3632 3633/3633/3633
f 3634/3634/3634 3635/3635/3635 3636/3636/3636
f 3637/3637/3637 3638/3638/3638 3639/3639/3639
f 3640/3640/3640 3641/3641/3641 3642/3642/3642
f 3643/3643/3643 3644/3644/3644 3645/3645/3645
f 3646/3646/3646 3647/3647/3647 3648/3648/3648
f 3649/3649/3649 3650/3650/3650 3651/3651/3651
f 3652/3652/3652 3653/3653/3653 3654/3654/3654
f 3655/3655/3655 3656/3656/3656 3657/3657/3657
f 3658/3658/3658 3659/3659/3659 3660/3660/3660
f 3661/3661/3661 3662/3662/3662 3663/3663/3663
f 3664/3664/3664 3665/3665/3665 3666/3666/3666
f 3667/3667/3667 3668/3668/3668 3669/3669/3669
f 3670/3670/3670 3671/3671/3671 3672/3672/3672
f 3673/3673/3673 3674/3674/3674 3675/3675/3675
f 3676/3676/3676 3677/3677/3677 3678/3678/3678
f 3679/3679/3679 3680/3680/3680 3681/3681/3681
f 3682/3682/3682 3683/3683/3683 3684/3684/3684
f 3685/3685/3685 3686/3686/3686 3687/3687/3687
f 3688/3688/3688 3689/3689/3689 3690/3690/3690
f 3691/3691/3691 3692/3692/3692 3693/3693/3693
f 3694/3694/3694 3695/3695/3695 3696/3696/3696
f 3697/3697/3697 3698/3698/3698 3699/3699/3699
f 3700/3700/3700 3701/3701/3701 3702/3702/3702
f 3703/3703/3703 3704/3704/3704 3705/3705/3705
f 3706/3706/3706 3707/3707/3707 3708/3708/3708
f 3709/3709/3709 3710/3710/3710 3711/3711/3711
f 3712/3712/3712 3713/3713/3713 3714/3714/3714
f 3715/3715/3715 3716/3716/3716 3717/3717/3717
f 3718/3718/3718 3719/3719/3719 3720/3720/3720
f 3721/3721/3721 3722/3722/3722 3723/3723/3723
f 3724/3724/3724 3725/3725/3725 3726/3726/3726
f 3727/3727/3727 3728/3728/3728 3729/3729/3729
f 3730/3730/3730 3731/3731/3731 3732/3732/3732
f 3733/3733/3733 3734/3734/3734 3735/3735/3735
f 3736/3736/3736 3737/3737/3737 3738/3738/3738
f 3739/3739/3739 3740/3740/3740 3741/3741/3741
f 3742/3742/3742 3743/3743/3743 3744/3744/3744
f 3745/3745/3745 3746/3746/3746 3747/3747/3747
f 3748/3748/3748 3749/3749/3749 3750/3750/3750
f 3751/3751/3751 3752/3752/3752 3753/3753/3753
f 3754/3754/3754 3755/3755/3755 3756/3756/3756
f 3757/3757/3757 3758/3758/3758 3759/3759/3759
f 3760/3760/3760 3761/3761/3761 3762/3762/3762
f 3763/3763/3763 3764/3764/3764 3765/3765/3765
f 3766/3766/3766 3767/3767/3767 3768/3768/3768
f 3769/3769/3769 3770/3770/3770 3771/3771/3771
f 3772/3772/3772 3773/3773/3773 3774/3774/3774
f 3775/3775/3775 3776/3776/3776 3777/3777/3777
f 3778/3778/3778 3779/3779/3779 3780/3780/3780
f 3781/3781/3781 3782/3782/3782 3783/3783/3783
f 3784/3784/3784 3785/3785/3785 3786/3786/3786
f 3787/3787/3787 3788/3788/3788 3789/3789/3789
f 3790/3790/3790 3791/3791/3791 3792/3792/3792
f 3793/3793/3793 3794/3794/3794 3795/3795/3795
f 3796/3796/3796 3797/3797/3797 3798/3798/3798
f 3799/3799/3799 3800/3800/3800 3801/3801/3801
f 3802/3802/3802 3803/3803/3803 3804/3804/3804
f 3805/3805/3805 3806/3806/3806 3807/3807/3807
f 3808/3808/3808 3809/3809/3809 3810/3810/3810
f 3811/3811/3811 3812/3812/3812 3813/3813/3813
f 3814/3814/3814 3815/3815/3815 3816/3816/3816
f 3817/3817/3817 3818/3818/3818 3819/3819/3819
f 3820/3820/3820 3821/3821/3821 3822/3822/3822
f 3823/3823/3823 3824/3824/3824 3825/3825/3825
f 3826/3826/3826 3827/3827/3827 3828/3828/3828
f 3829/3829/3829 3830/3830/3830 3831/3831/3831
f 3832/3832/3832 3833/3833/3833 3834/3834/3834
f 3835/3835/3835 3836/3836/3836 3837/3837/3837
f 3838/3838/3838 3839/3839/3839 3840/3840/3840
f 3841/3841/3841 3842/3842/3842 3843/3843/3843
f 3844/3844/3844 3845/3845/3845 3846/3846/3846
f 3847/3847/3847 3848/3848/3848 3849/3849/3849
f 3850/3850/3850 3851/3851/3851 3852/3852/3852
f 3853/3853/3853 3854/3854/3854 3855/3855/3855
f 3856/3856/3856 3857/3857/3857 3858/3858/3858
f 3859/3859/3859 3860/3860/3860 3861/3861/3861
f 3862/3862/3862 3863/3863/3863 3864/3864/3864
f 3865/3865/3865 3866/3866/3866 3867/3867/3867
f 3868/3868/3868 3869/3869/3869 3870/3870/3870
f 3871/3871/3871 3872/3872/3872 3873/3873/3873
f 3874/3874/3874 3875/3875/3875 3876/3876/3876
f 3877/3877/3877 3878/3878/3878 3879/3879/3879
f 3880/3880/3880 3881/3881/3881 3882/3882/3882
f 3883/3883/3883 3884/3884/3884 3885/3885/3885
f 3886/3886/3886 3887/3887/3887 3888/3888/3888
f 3889/3889/3889 3890/3890/3890 3891/3891/3891
f 3892/3892/3892 3893/3893/3893 3894/3894/3894
f 3895/3895/3895 3896/3896/3896 3897/3897/3897
f 3898/3898/3898 3899/3899/3899 3900/3900/3900
f 3901/3901/3901 3902/3902/3902 3903/3903/3903
f 3904/3904/3904 3905/3905/3905 3906/3906/3906
f 3907/3907/3907 3908/3908/3908 3909/3909/3909
f 3910/3910/3910 3911/3911/3911 3912/3912/3912
f 3913/3913/3913 3914/3914/3914 3915/3915/3915
f 3916/3916/3916 3917/3917/3917 3918/3918/3918
f 3919/3919/3919 3920/3920/3920 3921/3921/3921
f 3922/3922/3922 3923/3923/3923 3924/3924/3924
f 3925/3925/3925 3926/3926/3926 3927/3927/3927
f 3928/3928/3928 3929/3929/3929 3930/3930/3930
f 3931/3931/3931 3932/3932/3932 3933/3933/3933
f 3934/3934/3934 3935/3935/3935 3936/3936/3936
f 3937/3937/3937 3938/3938/3938 3939/3939/3939
f 3940/3940/3940 3941/3941/3941 3942/3942/3942
f 3943/3943/3943 3944/3944/3944 3945/3945/3945
f 3946/3946/3946 3947/3947/3947 3948/3948/3948
f 3949/3949/3949 3950/3950/3950 3951/3951/3951
f 3952/3952/3952 3953/3953/3953 3954/3954/3954
f 3955/3955/3955 3956/3956/3956 3957/3957/3957
f 3958/3958/3958 3959/3959/3959 3960/3960/3960
f 3961/3961/3961 3962/3962/3962 3963/3963/3963
f 3964/3964/3964 3965/3965/3965 3966/3966/3966
f 3967/3967/3967 3968/3968/3968 3969/3969/3969
f 3970/3970/3970 3971/3971/3971 3972/3972/3972
f 3973/3973/3973 3974/3974/3974 3975/3975/3975
f 3976/3976/3976 3977/3977/3977 3978/3978/3978
f 3979/3979/3979 3980/3980/3980 3981/3981/3981
f 3982/3982/3982 3983/3983/3983 3984/3984/3984
f 3985/3985/3985 3986/3986/3986 3987/3987/3987
f 3988/3988/3988 3989/3989/3989 3990/3990/3990
f 3991/3991/3991 3992/3992/3992 3993/3993/3993
f 3994/3994/3994 3995/3995/3995 3996/3996/3996
f 3997/3997/3997 3998/3998/3998 3999/3999/3999
f 4000/4000/4000 4001/4001/4001 4002/4002/4002
f 4003/4003/4003 4004/4004/4004 4005/4005/4005
f 4006/4006/4006 4007/4007/4007 4008/4008/4008
f 4009/4009/4009 4010/4010/4010 4011/4011/4011
f 4012/4012/4012 4013/4013/4013 4014/4014/4014
f 4015/4015/4015 4016/4016/4016 4017/4017/4017
f 4018/4018/4018 4019/4019/4019 4020/4020/4020
f 4021/4021/4021 4022/4022/4022 4023/4023/4023
f 4024/4024/4024 4025/4025/4025 4026/4026/4026
f 4027/4027/4027 4028/4028/4028 4029/4029/4029
f 4030/4030/4030 4031/4031/4031 4032/4032/4032
f 4033/4033/4033 4034/4034/4034 4035/4035/4035
f 4036/4036/4036 4037/4037/4037 4038/4038/4038
f 4039/4039/4039 4040/4040/4040 4041/4041/4041
f 4042/4042/4042 4043/4043/4043 4044/4044/4044
f 4045/4045/4045 4046/4046/4046 4047/4047/4047
f 4048/4048/4048 4049/4049/4049 4050/4050/4050
f 4051/4051/4051 4052/4052/4052 4053/4053/4053
f 4054/4054/4054 4055/4055/4055 4056/4056/4056
f 4057/4057/4057 4058/4058/4058 4059/4059/4059
f 4060/4060/4060 4061/4061/4061 4062/4062/4062
f 4063/4063/4063 4064/4064/4064 4065/4065/4065
f 4066/4066/4066 4067/4067/4067 4068/4068/4068
f 4069/4069/4069 4070/4070/4070 4071/4071/4071
f 4072/4072/4072 4073/4073/4073 4074/4074/4074
f 4075/4075/4075 4076/4076/4076 4077/4077/4077
f 4078/4078/4078 4079/4079/4079 4080/4080/4080
f 4081/4081/4081 4082/4082/4082 4083/4083/4083
f 4084/4084/4084 4085/4085/4085 4086/4086/4086
f 4087/4087/4087 4088/4088/4088 4089/4089/4089
f 4090/4090/4090 4091/4091/4091 4092/4092/4092
f 4093/4093/4093 4094/4094/4094 4095/4095/4095
f 4096/4096/4096 4097/4097/4097 4098/4098/4098
f 4099/4099/4099 4100/4100/4100 4101/4101/4101
f 4102/4102/4102 4103/4103/4103 4104/4104/4104
f 4105/4105/4105 4106/4106/4106 4107/4107/4107
f 4108/4108/4108 4109/4109/4109 4110/4110/4110
f 4111/4111/4111 4112/4112/4112 4113/4113/4113
f 4114/4114/4114 4115/4115/4115 4116/4116/4116
f 4117/4117/4117 4118/4118/4118 4119/4119/4119
f 4120/4120/4120 4121/4121/4121 4122/4122/4122
f 4123/4123/4123 4124/4124/4124 4125/4125/4125
f 4126/4126/4126 4127/4127/4127 4128/4128/4128
f 4129/4129/4129 4130/4130/4130 4131/4131/4131
f 4132/4132/4132 4133/4133/4133 4134/4134/4134
f 4135/4135/4135 4136/4136/4136 4137/4137/4137
f 4138/4138/4138 4139/4139/4139 4140/4140/4140
f 4141/4141/4141 4142/4142/4142 4143/4143/4143
f 4144/4144/4144 4145/4145/4145 4146/4146/4146
f 4147/4147/4147 4148/4148/4148 4149/4149/4149
f 4150/4150/4150 4151/4151/4151 4152/4152/4152
f 4153/4153/4153 4154/4154/4154 4155/4155/4155
f 4156/4156/4156 4157/4157/4157 4158/4158/4158
f 4159/4159/4159 4160/4160/4160 4161/4161/4161
f 4162/4162/4162 4163/4163/4163 4164/4164/4164
f 4165/4165/4165 4166/4166/4166 4167/4167/4167
f 4168/4168/4168 4169/4169/4169 4170/4170/4170
f 4171/4171/4171 4172/4172/4172 4173/4173/4173
f 4174/4174/4174 4175/4175/4175 4176/4176/4176
f 4177/4177/4177 4178/4178/4178 4179/4179/4179
f 4180/4180/4180 4181/4181/4181 4182/4182/4182
f 4183/4183/4183 4184/4184/4184 4185/4185/4185
f 4186/4186/4186 4187/4187/4187 4188/4188/4188
f 4189/4189/4189 4190/4190/4190 4191/4191/4191
f 4192/4192/4192 4193/4193/4193 4194/4194/4194
f 4195/4195/4195 4196/4196/4196 4197/4197/4197
f 4198/4198/4198 4199/4199/4199 4200/4200/4200
f 4201/4201/4201 4202/4202/4202 4203/4203/4203
f 4204/4204/4204 4205/4205/4205 4206/4206/4206
f 4207/4207/4207 4208/4208/4208 4209/4209/4209
f 4210/4210/4210 4211/4211/4211 4212/4212/4212
f 4213/4213/4213 4214/4214/4214 4215/4215/4215
f 4216/4216/4216 4217/4217/4217 4218/4218/4218
f 4219/4219/4219 4220/4220/4220 4221/4221/4221
f 4222/4222/4222 4223/4223/4223 4224/4224/4224
f 4225/4225/4225 4226/4226/4226 4227/4227/4227
f 4228/4228/4228 4229/4229/4229 4230/4230/4230
f 4231/4231/4231 4232/4232/4232 4233/4233/4233
f 4234/4234/4234 4235/4235/4235 4236/4236/4236
f 4237/4237/4237 4238/4238/4238 4239/4239/4239
f 4240/4240/4240 4241/4241/4241 4242/4242/4242
f 4243/4243/4243 4244/4244/4244 4245/4245/4245
f 4246/4246/4246 4247/4247/4247 4248/4248/4248
f 4249/4249/4249 4250/4250/4250 4251/4251/4251
f 4252/4252/4252 4253/4253/4253 4254/4254/4254
f 4255/4255/4255 4256/4256/4256 4257/4257/4257
f 4258/4258/4258 4259/4259/4259 4260/4260/4260
f 4261/4261/4261 4262/4262/4262 4263/4263/4263
f 4264/4264/4264 4265/4265/4265 4266/4266/4266
f 4267/4267/4267 4268/4268/4268 4269/4269/4269
f 4270/4270/4270 4271/4271/4271 4272/4272/4272
f 4273/4273/4273 4274/4274/4274 4275/4275/4275
f 4276/4276/4276 4277/4277/4277 4278/4278/4278
f 4279/4279/4279 4280/4280/4280 4281/4281/4281
f 4282/4282/4282 4283/4283/4283 4284/4284/4284
f 4285/4285/4285 4286/4286/4286 4287/4287/4287
f 4288/4288/4288 4289/4289/4289 4290/4290/4290
f 4291/4291/4291 4292/4292/4292 4293/4293/4293
f 4294/4294/4294 4295/4295/4295 4296/4296/4296
f 4297/4297/4297 4298/4298/4298 4299/4299/4299
f 4300/4300/4300 4301/4301/4301 4302/4302/4302
f 4303/4303/4303 4304/4304/4304 4305/4305/4305
f 4306/4306/4306 4307/4307/4307 4308/4308/4308
f 4309/4309/4309 4310/4310/4310 4311/4311/4311
f 4312/4312/4312 4313/4313/4313 4314/4314/4314
f 4315/4315/4315 4316/4316/4316 4317/4317/4317
f 4318/4318/4318 4319/4319/4319 4320/4320/4320
f 4321/4321/4321 4322/4322/4322 4323/4323/4323
f 4324/4324/4324 4325/4325/4325 4326/4326/4326
f 4327/4327/4327 4328/4328/4328 4329/4329/4329
f 4330/4330/4330 4331/4331/4331 4332/4332/4332
f 4333/4333/4333 4334/4334/4334 4335/4335/4335
f 4336/4336/4336 4337/4337/4337 4338/4338/4338
f 4339/4339/4339 4340/4340/4340 4341/4341/4341
f 4342/4342/4342 4343/4343/4343 4344/4344/4344
f 4345/4345/4345 4346/4346/4346 4347/4347/4347
f 4348/4348/4348 4349/4349/4349 4350/4350/4350
f 4351/4351/4351 4352/4352/4352 4353/4353/4353
f 4354/4354/4354 4355/4355/4355 4356/4356/4356
f 4357/4357/4357 4358/4358/4358 4359/4359/4359
f 4360/4360/4360 4361/4361/4361 4362/4362/4362
f 4363/4363/4363 4364/4364/4364 4365/4365/4365
f 4366/4366/4366 4367/4367/4367 4368/4368/4368
f 4369/4369/4369 4370/4370/4370 4371/4371/4371
f 4372/4372/4372 4373/4373/4373 4374/4374/4374
f 4375/4375/4375 4376/4376/4376 4377/4377/4377
f 4378/4378/4378 4379/4379/4379 4380/4380/4380
f 4381/4381/4381 4382/4382/4382 4383/4383/4383
f 4384/4384/4384 4385/4385/4385 4386/4386/4386
f 4387/4387/4387 4388/4388/4388 4389/4389/4389
f 4390/4390/4390 4391/4391/4391 4392/4392/4392
f 4393/4393/4393 4394/4394/4394 4395/4395/4395
f 4396/4396/4396 4397/4397/4397 4398/4398/4398
f 4399/4399/4399 4400/4400/4400 4401/4401/4401
f 4402/4402/4402 4403/4403/4403 4404/4404/4404
f 4405/4405/4405 4406/4406/4406 4407/4407/4407
f 4408/4408/4408 4409/4409/4409 4410/4410/4410
f 4411/4411/4411 4412/4412/4412 4413/4413/4413
f 4414/4414/4414 4415/4415/4415 4416/4416/4416
f 4417/4417/4417 4418/4418/4418 4419/4419/4419
f 4420/4420/4420 4421/4421/4421 4422/4422/4422
f 4423/4423/4423 4424/4424/4424 4425/4425/4425
f 4426/4426/4426 4427/4427/4427 4428/4428/4428
f 4429/4429/4429 4430/4430/4430 4431/4431/4431
f 4432/4432/4432 4433/4433/4433 4434/4434/4434
f 4435/4435/4435 4436/4436/4436 4437/4437/4437
f 4438/4438/4438 4439/4439/4439 4440/4440/4440
f 4441/4441/4441 4442/4442/4442 4443/4443/4443
f 4444/4444/4444 4445/4445/4445 4446/4446/4446
f 4447/4447/4447 4448/4448/4448 4449/4449/4449
f 4450/4450/4450 4451/4451/4451 4452/4452/4452
f 4453/4453/4453 4454/4454/4454 4455/4455/4455
f 4456/4456/4456 4457/4457/4457 4458/4458/4458
f 4459/4459/4459 4460/4460/4460 4461/4461/4461
f 4462/4462/4462 4463/4463/4463 4464/4464/4464
f 4465/4465/4465 4466/4466/4466 4467/4467/4467
f 4468/4468/4468 4469/4469/4469 4470/4470/4470
f 4471/4471/4471 4472/4472/4472 4473/4473/4473
f 4474/4474/4474 4475/4475/4475 4476/4476/4476
f 4477/4477/4477 4478/4478/4478 4479/4479/4479
f 4480/4480/4480 4481/4481/4481 4482/4482/4482
f 4483/4483/4483 4484/4484/4484 4485/4485/4485
f 4486/4486/4486 4487/4487/4487 4488/4488/4488
f 4489/4489/4489 4490/4490/4490 4491/4491/4491
f 4492/4492/4492 4493/4493/4493 4494/4494/4494
f 4495/4495/4495 4496/4496/4496 4497/4497/4497
f 4498/4498/4498 4499/4499/4499 4500/4500/4500
f 4501/4501/4501 4502/4502/4502 4503/4503/4503
f 4504/4504/4504 4505/4505/4505 4506/4506/4506
f 4507/4507/4507 4508/4508/4508 4509/4509/4509
f 4510/4510/4510 4511/4511/4511 4512/4512/4512
f 4513/4513/4513 4514/4514/4514 4515/4515/4515
f 4516/4516/4516 4517/4517/4517 4518/4518/4518
f 4519/4519/4519 4520/4520/4520 4521/4521/4521
f 4522/4522/4522 4523/4523/4523 4524/4524/4524
f 4525/4525/4525 4526/4526/4526 4527/4527/4527
f 4528/4528/4528 4529/4529/4529 4530/4530/4530
f 4531/4531/4531 4532/4532/4532 4533/4533/4533
f 4534/4534/4534 4535/4535/4535 4536/4536/4536
f 4537/4537/4537 4538/4538/4538 4539/4539/4539
f 4540/4540/4540 4541/4541/4541 4542/4542/4542
f 4543/4543/4543 4544/4544/4544 4545/4545/4545
f 4546/4546/4546 4547/4547/4547 4548/4548/4548
f 4549/4549/4549 4550/4550/4550 4551/4551/4551
f 4552/4552/4552 4553/4553/4553 4554/4554/4554
f 4555/4555/4555 4556/4556/4556 4557/4557/4557
f 4558/4558/4558 4559/4559/4559 4560/4560/4560
f 4561/4561/4561 4562/4562/4562 4563/4563/4563
f 4564/4564/4564 4565/4565/4565 4566/4566/4566
f 4567/4567/4567 4568/4568/4568 4569/4569/4569
f 4570/4570/4570 4571/4571/4571 4572/4572/4572
f 4573/4573/4573 4574/4574/4574 4575/4575/4575
f 4576/4576/4576 4577/4577/4577 4578/4578/4578
f 4579/4579/4579 4580/4580/4580 4581/4581/4581
f 4582/4582/4582 4583/4583/4583 4584/4584/4584
f 4585/4585/4585 4586/4586/4586 4587/4587/4587
f 4588/4588/4588 4589/4589/4589 4590/4590/4590
f 4591/4591/4591 4592/4592/4592 4593/4593/4593
f 4594/4594/4594 4595/4595/4595 4596/4596/4596
f 4597/4597/4597 4598/4598/4598 4599/4599/4599
f 4600/4600/4600 4601/4601/4601 4602/4602/4602
f 4603/4603/4603 4604/4604/4604 4605/4605/4605
f 4606/4606/4606 4607/4607/4607 4608/4608/4608
f 4609/4609/4609 4610/4610/4610 4611/4611/4611
f 4612/4612/4612 4613/4613/4613 4614/4614/4614
f 4615/4615/4615 4616/4616/4616 4617/4617/4617
f 4618/4618/4618 4619/4619/4619 4620/4620/4620
f 4621/4621/4621 4622/4622/4622 4623/4623/4623
f 4624/4624/4624 4625/4625/4625 4626/4626/4626
f 4627/4627/4627 4628/4628/4628 4629/4629/4629
f 4630/4630/4630 4631/4631/4631 4632/4632/4632
f 4633/4633/4633 4634/4634/4634 4635/4635/4635
f 4636/4636/4636 4637/4637/4637 4638/4638/4638
f 4639/4639/4639 4640/4640/4640 4641/4641/4641
f 4642/4642/4642 4643/4643/4643 4644/4644/4644
f 4645/4645/4645 4646/4646/4646 4647/4647/4647
f 4648/4648/4648 4649/4649/4649 4650/4650/4650
f 4651/4651/4651 4652/4652/4652 4653/4653/4653
f 4654/4654/4654 4655/4655/4655 4656/4656/4656
f 4717/4717/4717 4718/4718/4718 4719/4719/4719
f 4720/4720/4720 4721/4721/4721 4722/4722/4722
f 4723/4723/4723 4724/4724/4724 4725/4725/4725
f 4726/4726/4726 4727/4727/4727 4728/4728/4728
f 4729/4729/4729 4730/4730/4730 4731/4731/4731
f 4732/4732/4732 4733/4733/4733 4734/4734/4734
f 4735/4735/4735 4736/4736/4736 4737/4737/4737
f 4738/4738/4738 4739/4739/4739 4740/4740/4740
f 4741/4741/4741 4742/4742/4742 4743/4743/4743
f 4744/4744/4744 4745/4745/4745 4746/4746/4746
f 4747/4747/4747 4748/4748/4748 4749/4749/4749
f 4750/4750/4750 4751/4751/4751 4752/4752/4752
f 4753/4753/4753 4754/4754/4754 4755/4755/4755
f 4756/4756/4756 4757/4757/4757 4758/4758/4758
f 4759/4759/4759 4760/4760/4760 4761/4761/4761
f 4762/4762/4762 4763/4763/4763 4764/4764/4764
f 4765/4765/4765 4766/4766/4766 4767/4767/4767
f 4768/4768/4768 4769/4769/4769 4770/4770/4770
f 4771/4771/4771 4772/4772/4772 4773/4773/4773
f 4774/4774/4774 4775/4775/4775 4776/4776/4776
f 4777/4777/4777 4778/4778/4778 4779/4779/4779
f 4780/4780/4780 4781/4781/4781 4782/4782/4782
f 4783/4783/4783 4784/4784/4784 4785/4785/4785
f 4786/4786/4786 4787/4787/4787 4788/4788/4788
f 4789/4789/4789 4790/4790/4790 4791/4791/4791
f 4792/4792/4792 4793/4793/4793 4794/4794/4794
f 4795/4795/4795 4796/4796/4796 4797/4797/4797
f 4798/4798/4798 4799/4799/4799 4800/4800/4800
f 4801/4801/4801 4802/4802/4802 4803/4803/4803
f 4804/4804/4804 4805/4805/4805 4806/4806/4806
f 4807/4807/4807 4808/4808/4808 4809/4809/4809
f 4810/4810/4810 4811/4811/4811 4812/4812/4812
f 4813/4813/4813 4814/4814/4814 4815/4815/4815
f 4816/4816/4816 4817/4817/4817 4818/4818/4818
f 4819/4819/4819 4820/4820/4820 4821/4821/4821
f 4822/4822/4822 4823/4823/4823 4824/4824/4824
f 4825/4825/4825 4826/4826/4826 4827/4827/4827
f 4828/4828/4828 4829/4829/4829 4830/4830/4830
f 4831/4831/4831 4832/4832/4832 4833/4833/4833
f 4834/4834/4834 4835/4835/4835 4836/4836/4836
f 4837/4837/4837 4838/4838/4838 4839/4839/4839
f 4840/4840/4840 4841/4841/4841 4842/4842/4842
f 4843/4843/4843 4844/4844/4844 4845/4845/4845
f 4846/4846/4846 4847/4847/4847 4848/4848/4848
f 4849/4849/4849 4850/4850/4850 4851/4851/4851
f 4852/4852/4852 4853/4853/4853 4854/4854/4854
f 4855/4855/4855 4856/4856/4856 4857/4857/4857
f 4858/4858/4858 4859/4859/4859 4860/4860/4860
f 4861/4861/4861 4862/4862/4862 4863/4863/4863
f 4864/4864/4864 4865/4865/4865 4866/4866/4866
f 4867/4867/4867 4868/4868/4868 4869/4869/4869
f 4870/4870/4870 4871/4871/4871 4872/4872/4872
f 4873/4873/4873 4874/4874/4874 4875/4875/4875
f 4876/4876/4876 4877/4877/4877 4878/4878/4878
f 4879/4879/4879 4880/4880/4880 4881/4881/4881
f 4882/4882/4882 4883/4883/4883 4884/4884/4884
f 4885/4885/4885 4886/4886/4886 4887/4887/4887
f 4888/4888/4888 4889/4889/4889 4890/4890/4890
f 4891/4891/4891 4892/4892/4892 4893/4893/4893
f 4894/4894/4894 4895/4895/4895 4896/4896/4896
f 4897/4897/4897 4898/4898/4898 4899/4899/4899
f 4900/4900/4900 4901/4901/4901 4902/4902/4902
f 4903/4903/4903 4904/4904/4904 4905/4905/4905
f 4906/4906/4906 4907/4907/4907 4908/4908/4908
f 4909/4909/4909 4910/4910/4910 4911/4911/4911
f 4912/4912/4912 4913/4913/4913 4914/4914/4914
f 4915/4915/4915 4916/4916/4916 4917/4917/4917
f 4918/4918/4918 4919/4919/4919 4920/4920/4920
f 4921/4921/4921 4922/4922/4922 4923/4923/4923
f 4924/4924/4924 4925/4925/4925 4926/4926/4926
f 4927/4927/4927 4928/4928/4928 4929/4929/4929
f 4930/4930/4930 4931/4931/4931 4932/4932/4932
f 4933/4933/4933 4934/4934/4934 4935/4935/4935
f 4936/4936/4936 4937/4937/4937 4938/4938/4938
f 4939/4939/4939 4940/4940/4940 4941/4941/4941
f 4942/4942/4942 4943/4943/4943 4944/4944/4944
f 4945/4945/4945 4946/4946/4946 4947/4947/4947
f 4948/4948/4948 4949/4949/4949 4950/4950/4950
f 4951/4951/4951 4952/4952/4952 4953/4953/4953
f 4954/4954/4954 4955/4955/4955 4956/4956/4956
f 4957/4957/4957 4958/4958/4958 4959/4959/4959
f 4960/4960/4960 4961/4961/4961 4962/4962/4962
f 4963/4963/4963 4964/4964/4964 4965/4965/4965
f 4966/4966/4966 4967/4967/4967 4968/4968/4968
f 4969/4969/4969 4970/4970/4970 4971/4971/4971
f 4972/4972/4972 4973/4973/4973 4974/4974/4974
f 4975/4975/4975 4976/4976/4976 4977/4977/4977
f 4978/4978/4978 4979/4979/4979 4980/4980/4980
f 4981/4981/4981 4982/4982/4982 4983/4983/4983
f 4984/4984/4984 4985/4985/4985 4986/4986/4986
f 4987/4987/4987 4988/4988/4988 4989/4989/4989
f 4990/4990/4990 4991/4991/4991 4992/4992/4992
f 4993/4993/4993 4994/4994/4994 4995/4995/4995
f 4996/4996/4996 4997/4997/4997 4998/4998/4998
f 4999/4999/4999 5000/5000/5000 5001/5001/5001
f 5002/5002/5002 5003/5003/5003 5004/5004/5004
f 5005/5005/5005 5006/5006/5006 5007/5007/5007
f 5008/5008/5008 5009/5009/5009 5010/5010/5010
f 5011/5011/5011 5012/5012/5012 5013/5013/5013
f 5014/5014/5014 5015/5015/5015 5016/5016/5016
f 5017/5017/5017 5018/5018/5018 5019/5019/5019
f 5020/5020/5020 5021/5021/5021 5022/5022/5022
f 5023/5023/5023 5024/5024/5024 5025/5025/5025
f 5026/5026/5026 5027/5027/5027 5028/5028/5028
f 5029/5029/5029 5030/5030/5030 5031/5031/5031
f 5032/5032/5032 5033/5033/5033 5034/5034/5034
f 5035/5035/5035 5036/5036/5036 5037/5037/5037
f 5038/5038/5038 5039/5039/5039 5040/5040/5040
f 5041/5041/5041 5042/5042/5042 5043/5043/5043
f 5044/5044/5044 5045/5045/5045 5046/5046/5046
f 5047/5047/5047 5048/5048/5048 5049/5049/5049
f 5050/5050/5050 5051/5051/5051 5052/5052/5052
f 5053/5053/5053 5054/5054/5054 5055/5055/5055
f 5056/5056/5056 5057/5057/5057 5058/5058/5058
f 5059/5059/5059 5060/5060/5060 5061/5061/5061
f 5062/5062/5062 5063/5063/5063 5064/5064/5064
f 5065/5065/5065 5066/5066/5066 5067/5067/5067
f 5068/5068/5068 5069/5069/5069 5070/5070/5070
f 5071/5071/5071 5072/5072/5072 5073/5073/5073
f 5074/5074/5074 5075/5075/5075 5076/5076/5076
f 5137/5137/5137 5138/5138/5138 5139/5139/5139
f 5140/5140/5140 5141/5141/5141 5142/5142/5142
f 5143/5143/5143 5144/5144/5144 5145/5145/5145
f 5146/5146/5146 5147/5147/5147 5148/5148/5148
f 5149/5149/5149 5150/5150/5150 5151/5151/5151
f 5152/5152/5152 5153/5153/5153 5154/5154/5154
f 5155/5155/5155 5156/5156/5156 5157/5157/5157
f 5158/5158/5158 5159/5159/5159 5160/5160/5160
f 5161/5161/5161 5162/5162/5162 5163/5163/5163
f 5164/5164/5164 5165/5165/5165 5166/5166/5166
f 5167/5167/5167 5168/5168/5168 5169/5169/5169
f 5170/5170/5170 5171/5171/5171 5172/5172/5172
f 5173/5173/5173 5174/5174/5174 5175/5175/5175
f 5176/5176/5176 5177/5177/5177 5178/5178/5178
f 5179/5179/5179 5180/5180/5180 5181/5181/5181
f 5182/5182/5182 5183/5183/5183 5184/5184/5184
f 5185/5185/5185 5186/5186/5186 5187/5187/5187
f 5188/5188/5188 5189/5189/5189 5190/5190/5190
f 5191/5191/5191 5192/5192/5192 5193/5193/5193
f 5194/5194/5194 5195/5195/5195 5196/5196/5196
f 5197/5197/5197 5198/5198/5198 5199/5199/5199
f 5200/5200/5200 5201/5201/5201 5202/5202/5202
f 5203/5203/5203 5204/5204/5204 5205/5205/5205
f 5206/5206/5206 5207/5207/5207 5208/5208/5208
f 5209/5209/5209 5210/5210/5210 5211/5211/5211
f 5212/5212/5212 5213/5213/5213 5214/5214/5214
f 5215/5215/5215 5216/5216/5216 5217/5217/5217
f 5218/5218/5218 5219/5219/5219 5220/5220/5220
f 5221/5221/5221 5222/5222/5222 5223/5223/5223
f 5224/5224/5224 5225/5225/5225 5226/5226/5226
f 5227/5227/5227 5228/5228/5228 5229/5229/5229
f 5230/5230/5230 5231/5231/5231 5232/5232/5232
f 5233/5233/5233 5234/5234/5234 5235/5235/5235
f 5236/5236/5236 5237/5237/5237 5238/5238/5238
f 5239/5239/5239 5240/5240/5240 5241/5241/5241
f 5242/5242/5242 5243/5243/5243 5244/5244/5244
f 5245/5245/5245 5246/5246/5246 5247/5247/5247
f 5248/5248/5248 5249/5249/5249 5250/5250/5250
f 5251/5251/5251 5252/5252/5252 5253/5253/5253
f 5254/5254/5254 5255/5255/5255 5256/5256/5256
f 5257/5257/5257 5258/5258/5258 5259/5259/5259
f 5260/5260/5260 5261/5261/5261 5262/5262/5262
f 5263/5263/5263 5264/5264/5264 5265/5265/5265
f 5266/5266/5266 5267/5267/5267 5268/5268/5268
f 5269/5269/5269 5270/5270/5270 5271/5271/5271
f 5272/5272/5272 5273/5273/5273 5274/5274/5274
f 5275/5275/5275 5276/5276/5276 5277/5277/5277
f 5278/5278/5278 5279/5279/5279 5280/5280/5280
f 5281/5281/5281 5282/5282/5282 5283/5283/5283
f 5284/5284/5284 5285/5285/5285 5286/5286/5286
f 5287/5287/5287 5288/5288/5288 5289/5289/5289
f 5290/5290/5290 5291/5291/5291 5292/5292/5292
f 5293/5293/5293 5294/5294/5294 5295/5295/5295
f 5296/5296/5296 5297/5297/5297 5298/5298/5298
f 5299/5299/5299 5300/5300/5300 5301/5301/5301
f 5302/5302/5302 5303/5303/5303 5304/5304/5304
f 5305/5305/5305 5306/5306/5306 5307/5307/5307
f 5308/5308/5308 5309/5309/5309 5310/5310/5310
f 5311/5311/5311 5312/5312/5312 5313/5313/5313
f 5314/5314/5314 5315/5315/5315 5316/5316/5316
f 5317/5317/5317 5318/5318/5318 5319/5319/5319
f 5320/5320/5320 5321/5321/5321 5322/5322/5322
f 5323/5323/5323 5324/5324/5324 5325/5325/5325
f 5326/5326/5326 5327/5327/5327 5328/5328/5328
f 5329/5329/5329 5330/5330/5330 5331/5331/5331
f 5332/5332/5332 5333/5333/5333 5334/5334/5334
f 5335/5335/5335 5336/5336/5336 5337/5337/5337
f 5338/5338/5338 5339/5339/5339 5340/5340/5340
f 5341/5341/5341 5342/5342/5342 5343/5343/5343
f 5344/5344/5344 5345/5345/5345 5346/5346/5346
f 5347/5347/5347 5348/5348/5348 5349/5349/5349
f 5350/5350/5350 5351/5351/5351 5352/5352/5352
f 5353/5353/5353 5354/5354/5354 5355/5355/5355
f 5356/5356/5356 5357/5357/5357 5358/5358/5358
f 5359/5359/5359 5360/5360/5360 5361/5361/5361
f 5362/5362/5362 5363/5363/5363 5364/5364/5364
f 5365/5365/5365 5366/5366/5366 5367/5367/5367
f 5368/5368/5368 5369/5369/5369 5370/5370/5370
f 5371/5371/5371 5372/5372/5372 5373/5373/5373
f 5374/5374/5374 5375/5375/5375 5376/5376/5376
o Leather
usemtl Leather
f 4657/4657/4657 4658/4658/4658 4659/4659/4659
f 4660/4660/4660 4661/4661/4661 4662/4662/4662
f 4663/4663/4663 4664/4664/4664 4665/4665/4665
f 4666/4666/4666 4667/4667/4667 4668/4668/4668
f 4669/4669/4669 4670/4670/4670 4671/4671/4671
f 4672/4672/4672 4673/4673/4673 4674/4674/4674
f 4675/4675/4675 4676/4676/4676 4677/4677/4677
f 4678/4678/4678 4679/4679/4679 4680/4680/4680
f 4681/4681/4681 4682/4682/4682 4683/4683/4683
f 4684/4684/4684 4685/4685/4685 4686/4686/4686
f 4687/4687/4687 4688/4688/4688 4689/4689/4689
f 4690/4690/4690 4691/4691/4691 4692/4692/4692
f 4693/4693/4693 4694/4694/4694 4695/4695/4695
f 4696/4696/4696 4697/4697/4697 4698/4698/4698
f 4699/4699/4699 4700/4700/4700 4701/4701/4701
f 4702/4702/4702 4703/4703/4703 4704/4704/4704
f 4705/4705/4705 4706/4706/4706 4707/4707/4707
f 4708/4708/4708 4709/4709/4709 4710/4710/4710
f 4711/4711/4711 4712/4712/4712 4713/4713/4713
f 4714/4714/4714 4715/4715/4715 4716/4716/4716
f 5077/5077/5077 5078/5078/5078 5079/5079/5079
f 5080/5080/5080 5081/5081/5081 5082/5082/5082
f 5083/5083/5083 5084/5084/5084 5085/5085/5085
f 5086/5086/5086 5087/5087/5087 5088/5088/5088
f 5089/5089/5089 5090/5090/5090 5091/5091/5091
f 5092/5092/5092 5093/5093/5093 5094/5094/5094
f 5095/5095/5095 5096/5096/5096 5097/5097/5097
f 5098/5098/5098 5099/5099/5099 5100/5100/5100
f 5101/5101/5101 5102/5102/5102 5103/5103/5103
f 5104/5104/5104 5105/5105/5105 5106/5106/5106
f 5107/5107/5107 5108/5108/5108 5109/5109/5109
f 5110/5110/5110 5111/5111/5111 5112/5112/5112
f 5113/5113/5113 5114/5114/5114 5115/5115/5115
f 5116/5116/5116 5117/5117/5117 5118/5118/5118
f 5119/5119/5119 5120/5120/5120 5121/5121/5121
f 5122/5122/5122 5123/5123/5123 5124/5124/5124
f 5125/5125/5125 5126/5126/5126 5127/5127/5127
f 5128/5128/5128 5129/5129/5129 5130/5130/5130
f 5131/5131/5131 5132/5132/5132 5133/5133/5133
f 5134/5134/5134 5135/5135/5135 5136/5136/5136
